snapshot_date,sku_id,on_hand_qty,warehouse
2025-01-01,SKU0001,34,WH_B
2025-01-01,SKU0002,108,WH_B
2025-01-01,SKU0003,56,WH_B
2025-01-01,SKU0004,118,WH_A
2025-01-01,SKU0005,68,WH_B
2025-01-01,SKU0006,74,WH_B
2025-01-01,SKU0007,47,WH_B
2025-01-01,SKU0008,93,WH_A
2025-01-01,SKU0009,22,WH_A
2025-01-01,SKU0010,45,WH_C
2025-01-01,SKU0011,93,WH_B
2025-01-01,SKU0012,125,WH_C
2025-01-01,SKU0013,17,WH_A
2025-01-01,SKU0014,101,WH_B
2025-01-01,SKU0015,78,WH_A
2025-01-01,SKU0016,47,WH_C
2025-01-01,SKU0017,69,WH_B
2025-01-01,SKU0018,82,WH_A
2025-01-01,SKU0019,37,WH_C
2025-01-01,SKU0020,77,WH_B
2025-01-01,SKU0021,70,WH_B
2025-01-01,SKU0022,15,WH_B
2025-01-01,SKU0023,103,WH_C
2025-01-01,SKU0024,3,WH_C
2025-01-01,SKU0025,0,WH_A
2025-01-01,SKU0026,53,WH_A
2025-01-01,SKU0027,76,WH_C
2025-01-01,SKU0028,90,WH_B
2025-01-01,SKU0029,19,WH_A
2025-01-01,SKU0030,93,WH_A
2025-01-01,SKU0031,103,WH_A
2025-01-01,SKU0032,26,WH_A
2025-01-01,SKU0033,8,WH_B
2025-01-01,SKU0034,82,WH_C
2025-01-01,SKU0035,94,WH_C
2025-01-01,SKU0036,56,WH_A
2025-01-01,SKU0037,0,WH_C
2025-01-01,SKU0038,26,WH_C
2025-01-01,SKU0039,54,WH_A
2025-01-01,SKU0040,107,WH_B
2025-01-01,SKU0041,43,WH_A
2025-01-01,SKU0042,64,WH_A
2025-01-01,SKU0043,51,WH_C
2025-01-01,SKU0044,121,WH_B
2025-01-01,SKU0045,66,WH_A
2025-01-01,SKU0046,107,WH_C
2025-01-01,SKU0047,53,WH_B
2025-01-01,SKU0048,40,WH_A
2025-01-01,SKU0049,31,WH_B
2025-01-01,SKU0050,35,WH_B
2025-01-01,SKU0051,73,WH_A
2025-01-01,SKU0052,62,WH_A
2025-01-01,SKU0053,9,WH_A
2025-01-01,SKU0054,103,WH_C
2025-01-01,SKU0055,26,WH_A
2025-01-01,SKU0056,73,WH_C
2025-01-01,SKU0057,107,WH_A
2025-01-01,SKU0058,96,WH_A
2025-01-01,SKU0059,101,WH_A
2025-01-01,SKU0060,0,WH_C
2025-01-01,SKU0061,55,WH_A
2025-01-01,SKU0062,81,WH_C
2025-01-01,SKU0063,56,WH_A
2025-01-01,SKU0064,71,WH_B
2025-01-01,SKU0065,121,WH_C
2025-01-01,SKU0066,31,WH_C
2025-01-01,SKU0067,97,WH_C
2025-01-01,SKU0068,92,WH_C
2025-01-01,SKU0069,104,WH_B
2025-01-01,SKU0070,48,WH_B
2025-01-01,SKU0071,23,WH_A
2025-01-01,SKU0072,95,WH_A
2025-01-01,SKU0073,107,WH_B
2025-01-01,SKU0074,87,WH_C
2025-01-01,SKU0075,6,WH_A
2025-01-01,SKU0076,39,WH_C
2025-01-01,SKU0077,67,WH_A
2025-01-01,SKU0078,81,WH_C
2025-01-01,SKU0079,21,WH_B
2025-01-01,SKU0080,115,WH_C
2025-01-02,SKU0001,10,WH_A
2025-01-02,SKU0002,18,WH_A
2025-01-02,SKU0003,78,WH_B
2025-01-02,SKU0004,18,WH_B
2025-01-02,SKU0005,47,WH_A
2025-01-02,SKU0006,53,WH_B
2025-01-02,SKU0007,5,WH_B
2025-01-02,SKU0008,17,WH_B
2025-01-02,SKU0009,18,WH_C
2025-01-02,SKU0010,77,WH_A
2025-01-02,SKU0011,0,WH_B
2025-01-02,SKU0012,53,WH_A
2025-01-02,SKU0013,87,WH_A
2025-01-02,SKU0014,6,WH_C
2025-01-02,SKU0015,22,WH_B
2025-01-02,SKU0016,76,WH_C
2025-01-02,SKU0017,63,WH_A
2025-01-02,SKU0018,32,WH_C
2025-01-02,SKU0019,63,WH_B
2025-01-02,SKU0020,39,WH_C
2025-01-02,SKU0021,55,WH_A
2025-01-02,SKU0022,31,WH_C
2025-01-02,SKU0023,58,WH_B
2025-01-02,SKU0024,70,WH_B
2025-01-02,SKU0025,25,WH_B
2025-01-02,SKU0026,13,WH_B
2025-01-02,SKU0027,41,WH_B
2025-01-02,SKU0028,88,WH_C
2025-01-02,SKU0029,102,WH_C
2025-01-02,SKU0030,64,WH_C
2025-01-02,SKU0031,38,WH_A
2025-01-02,SKU0032,36,WH_C
2025-01-02,SKU0033,0,WH_B
2025-01-02,SKU0034,27,WH_A
2025-01-02,SKU0035,89,WH_C
2025-01-02,SKU0036,111,WH_A
2025-01-02,SKU0037,122,WH_B
2025-01-02,SKU0038,35,WH_C
2025-01-02,SKU0039,30,WH_B
2025-01-02,SKU0040,106,WH_B
2025-01-02,SKU0041,74,WH_C
2025-01-02,SKU0042,48,WH_B
2025-01-02,SKU0043,39,WH_B
2025-01-02,SKU0044,79,WH_C
2025-01-02,SKU0045,0,WH_B
2025-01-02,SKU0046,70,WH_A
2025-01-02,SKU0047,0,WH_C
2025-01-02,SKU0048,99,WH_A
2025-01-02,SKU0049,33,WH_B
2025-01-02,SKU0050,78,WH_A
2025-01-02,SKU0051,95,WH_B
2025-01-02,SKU0052,101,WH_C
2025-01-02,SKU0053,69,WH_B
2025-01-02,SKU0054,15,WH_B
2025-01-02,SKU0055,97,WH_A
2025-01-02,SKU0056,116,WH_A
2025-01-02,SKU0057,55,WH_A
2025-01-02,SKU0058,101,WH_B
2025-01-02,SKU0059,23,WH_B
2025-01-02,SKU0060,35,WH_B
2025-01-02,SKU0061,107,WH_A
2025-01-02,SKU0062,88,WH_B
2025-01-02,SKU0063,24,WH_C
2025-01-02,SKU0064,0,WH_B
2025-01-02,SKU0065,35,WH_A
2025-01-02,SKU0066,50,WH_C
2025-01-02,SKU0067,64,WH_C
2025-01-02,SKU0068,70,WH_C
2025-01-02,SKU0069,106,WH_A
2025-01-02,SKU0070,35,WH_A
2025-01-02,SKU0071,81,WH_B
2025-01-02,SKU0072,26,WH_C
2025-01-02,SKU0073,85,WH_B
2025-01-02,SKU0074,13,WH_C
2025-01-02,SKU0075,11,WH_C
2025-01-02,SKU0076,46,WH_B
2025-01-02,SKU0077,86,WH_C
2025-01-02,SKU0078,59,WH_C
2025-01-02,SKU0079,71,WH_C
2025-01-02,SKU0080,0,WH_A
2025-01-03,SKU0001,98,WH_C
2025-01-03,SKU0002,10,WH_B
2025-01-03,SKU0003,70,WH_A
2025-01-03,SKU0004,51,WH_B
2025-01-03,SKU0005,57,WH_B
2025-01-03,SKU0006,109,WH_B
2025-01-03,SKU0007,77,WH_A
2025-01-03,SKU0008,95,WH_C
2025-01-03,SKU0009,41,WH_C
2025-01-03,SKU0010,108,WH_B
2025-01-03,SKU0011,66,WH_B
2025-01-03,SKU0012,58,WH_C
2025-01-03,SKU0013,41,WH_C
2025-01-03,SKU0014,49,WH_C
2025-01-03,SKU0015,55,WH_B
2025-01-03,SKU0016,126,WH_A
2025-01-03,SKU0017,79,WH_C
2025-01-03,SKU0018,0,WH_B
2025-01-03,SKU0019,17,WH_A
2025-01-03,SKU0020,66,WH_C
2025-01-03,SKU0021,23,WH_A
2025-01-03,SKU0022,98,WH_B
2025-01-03,SKU0023,116,WH_B
2025-01-03,SKU0024,13,WH_C
2025-01-03,SKU0025,73,WH_C
2025-01-03,SKU0026,74,WH_C
2025-01-03,SKU0027,18,WH_B
2025-01-03,SKU0028,120,WH_A
2025-01-03,SKU0029,12,WH_A
2025-01-03,SKU0030,62,WH_C
2025-01-03,SKU0031,63,WH_C
2025-01-03,SKU0032,93,WH_A
2025-01-03,SKU0033,0,WH_B
2025-01-03,SKU0034,44,WH_C
2025-01-03,SKU0035,81,WH_B
2025-01-03,SKU0036,106,WH_A
2025-01-03,SKU0037,103,WH_C
2025-01-03,SKU0038,65,WH_B
2025-01-03,SKU0039,25,WH_A
2025-01-03,SKU0040,66,WH_B
2025-01-03,SKU0041,43,WH_C
2025-01-03,SKU0042,0,WH_A
2025-01-03,SKU0043,93,WH_A
2025-01-03,SKU0044,100,WH_A
2025-01-03,SKU0045,97,WH_B
2025-01-03,SKU0046,14,WH_C
2025-01-03,SKU0047,34,WH_A
2025-01-03,SKU0048,62,WH_B
2025-01-03,SKU0049,0,WH_B
2025-01-03,SKU0050,10,WH_B
2025-01-03,SKU0051,80,WH_C
2025-01-03,SKU0052,106,WH_B
2025-01-03,SKU0053,45,WH_C
2025-01-03,SKU0054,58,WH_A
2025-01-03,SKU0055,35,WH_C
2025-01-03,SKU0056,91,WH_A
2025-01-03,SKU0057,44,WH_C
2025-01-03,SKU0058,76,WH_C
2025-01-03,SKU0059,78,WH_C
2025-01-03,SKU0060,96,WH_A
2025-01-03,SKU0061,76,WH_A
2025-01-03,SKU0062,85,WH_A
2025-01-03,SKU0063,78,WH_A
2025-01-03,SKU0064,77,WH_C
2025-01-03,SKU0065,13,WH_B
2025-01-03,SKU0066,99,WH_A
2025-01-03,SKU0067,72,WH_A
2025-01-03,SKU0068,14,WH_C
2025-01-03,SKU0069,50,WH_B
2025-01-03,SKU0070,54,WH_A
2025-01-03,SKU0071,97,WH_A
2025-01-03,SKU0072,34,WH_A
2025-01-03,SKU0073,60,WH_C
2025-01-03,SKU0074,4,WH_C
2025-01-03,SKU0075,0,WH_A
2025-01-03,SKU0076,93,WH_C
2025-01-03,SKU0077,105,WH_C
2025-01-03,SKU0078,78,WH_B
2025-01-03,SKU0079,0,WH_B
2025-01-03,SKU0080,93,WH_B
2025-01-04,SKU0001,115,WH_C
2025-01-04,SKU0002,42,WH_A
2025-01-04,SKU0003,39,WH_C
2025-01-04,SKU0004,85,WH_B
2025-01-04,SKU0005,0,WH_A
2025-01-04,SKU0006,65,WH_B
2025-01-04,SKU0007,88,WH_B
2025-01-04,SKU0008,36,WH_B
2025-01-04,SKU0009,100,WH_A
2025-01-04,SKU0010,38,WH_B
2025-01-04,SKU0011,90,WH_C
2025-01-04,SKU0012,105,WH_C
2025-01-04,SKU0013,60,WH_C
2025-01-04,SKU0014,52,WH_A
2025-01-04,SKU0015,10,WH_A
2025-01-04,SKU0016,107,WH_B
2025-01-04,SKU0017,0,WH_B
2025-01-04,SKU0018,57,WH_C
2025-01-04,SKU0019,86,WH_A
2025-01-04,SKU0020,21,WH_C
2025-01-04,SKU0021,13,WH_B
2025-01-04,SKU0022,28,WH_C
2025-01-04,SKU0023,34,WH_B
2025-01-04,SKU0024,76,WH_A
2025-01-04,SKU0025,6,WH_C
2025-01-04,SKU0026,67,WH_A
2025-01-04,SKU0027,25,WH_B
2025-01-04,SKU0028,104,WH_A
2025-01-04,SKU0029,19,WH_B
2025-01-04,SKU0030,23,WH_B
2025-01-04,SKU0031,20,WH_C
2025-01-04,SKU0032,73,WH_A
2025-01-04,SKU0033,44,WH_A
2025-01-04,SKU0034,5,WH_C
2025-01-04,SKU0035,116,WH_A
2025-01-04,SKU0036,52,WH_C
2025-01-04,SKU0037,66,WH_B
2025-01-04,SKU0038,112,WH_C
2025-01-04,SKU0039,18,WH_C
2025-01-04,SKU0040,96,WH_A
2025-01-04,SKU0041,109,WH_A
2025-01-04,SKU0042,96,WH_A
2025-01-04,SKU0043,91,WH_B
2025-01-04,SKU0044,10,WH_A
2025-01-04,SKU0045,53,WH_B
2025-01-04,SKU0046,72,WH_A
2025-01-04,SKU0047,60,WH_C
2025-01-04,SKU0048,109,WH_A
2025-01-04,SKU0049,76,WH_B
2025-01-04,SKU0050,96,WH_B
2025-01-04,SKU0051,56,WH_B
2025-01-04,SKU0052,7,WH_A
2025-01-04,SKU0053,13,WH_B
2025-01-04,SKU0054,12,WH_B
2025-01-04,SKU0055,39,WH_A
2025-01-04,SKU0056,118,WH_B
2025-01-04,SKU0057,47,WH_A
2025-01-04,SKU0058,92,WH_C
2025-01-04,SKU0059,98,WH_A
2025-01-04,SKU0060,9,WH_A
2025-01-04,SKU0061,67,WH_A
2025-01-04,SKU0062,54,WH_C
2025-01-04,SKU0063,110,WH_B
2025-01-04,SKU0064,89,WH_C
2025-01-04,SKU0065,23,WH_C
2025-01-04,SKU0066,90,WH_A
2025-01-04,SKU0067,21,WH_A
2025-01-04,SKU0068,14,WH_A
2025-01-04,SKU0069,5,WH_C
2025-01-04,SKU0070,128,WH_B
2025-01-04,SKU0071,121,WH_B
2025-01-04,SKU0072,26,WH_A
2025-01-04,SKU0073,105,WH_A
2025-01-04,SKU0074,28,WH_A
2025-01-04,SKU0075,111,WH_B
2025-01-04,SKU0076,66,WH_B
2025-01-04,SKU0077,46,WH_B
2025-01-04,SKU0078,0,WH_A
2025-01-04,SKU0079,43,WH_B
2025-01-04,SKU0080,121,WH_B
2025-01-05,SKU0001,4,WH_A
2025-01-05,SKU0002,29,WH_B
2025-01-05,SKU0003,19,WH_A
2025-01-05,SKU0004,86,WH_A
2025-01-05,SKU0005,46,WH_B
2025-01-05,SKU0006,29,WH_B
2025-01-05,SKU0007,36,WH_B
2025-01-05,SKU0008,64,WH_C
2025-01-05,SKU0009,34,WH_B
2025-01-05,SKU0010,102,WH_A
2025-01-05,SKU0011,43,WH_A
2025-01-05,SKU0012,0,WH_B
2025-01-05,SKU0013,91,WH_B
2025-01-05,SKU0014,45,WH_B
2025-01-05,SKU0015,15,WH_B
2025-01-05,SKU0016,47,WH_B
2025-01-05,SKU0017,0,WH_B
2025-01-05,SKU0018,46,WH_A
2025-01-05,SKU0019,28,WH_C
2025-01-05,SKU0020,103,WH_C
2025-01-05,SKU0021,46,WH_C
2025-01-05,SKU0022,23,WH_B
2025-01-05,SKU0023,91,WH_C
2025-01-05,SKU0024,0,WH_C
2025-01-05,SKU0025,0,WH_C
2025-01-05,SKU0026,37,WH_B
2025-01-05,SKU0027,40,WH_B
2025-01-05,SKU0028,51,WH_A
2025-01-05,SKU0029,79,WH_B
2025-01-05,SKU0030,100,WH_A
2025-01-05,SKU0031,37,WH_C
2025-01-05,SKU0032,21,WH_C
2025-01-05,SKU0033,37,WH_C
2025-01-05,SKU0034,0,WH_C
2025-01-05,SKU0035,127,WH_C
2025-01-05,SKU0036,13,WH_C
2025-01-05,SKU0037,31,WH_B
2025-01-05,SKU0038,70,WH_B
2025-01-05,SKU0039,84,WH_B
2025-01-05,SKU0040,59,WH_B
2025-01-05,SKU0041,115,WH_B
2025-01-05,SKU0042,124,WH_C
2025-01-05,SKU0043,40,WH_A
2025-01-05,SKU0044,49,WH_C
2025-01-05,SKU0045,17,WH_C
2025-01-05,SKU0046,27,WH_B
2025-01-05,SKU0047,93,WH_A
2025-01-05,SKU0048,31,WH_B
2025-01-05,SKU0049,99,WH_B
2025-01-05,SKU0050,95,WH_B
2025-01-05,SKU0051,20,WH_A
2025-01-05,SKU0052,29,WH_A
2025-01-05,SKU0053,0,WH_C
2025-01-05,SKU0054,26,WH_B
2025-01-05,SKU0055,95,WH_B
2025-01-05,SKU0056,103,WH_C
2025-01-05,SKU0057,80,WH_C
2025-01-05,SKU0058,43,WH_B
2025-01-05,SKU0059,89,WH_B
2025-01-05,SKU0060,43,WH_B
2025-01-05,SKU0061,90,WH_B
2025-01-05,SKU0062,66,WH_B
2025-01-05,SKU0063,13,WH_B
2025-01-05,SKU0064,14,WH_C
2025-01-05,SKU0065,58,WH_A
2025-01-05,SKU0066,73,WH_C
2025-01-05,SKU0067,103,WH_A
2025-01-05,SKU0068,51,WH_B
2025-01-05,SKU0069,102,WH_C
2025-01-05,SKU0070,97,WH_B
2025-01-05,SKU0071,97,WH_A
2025-01-05,SKU0072,34,WH_C
2025-01-05,SKU0073,85,WH_B
2025-01-05,SKU0074,10,WH_C
2025-01-05,SKU0075,63,WH_B
2025-01-05,SKU0076,30,WH_C
2025-01-05,SKU0077,120,WH_A
2025-01-05,SKU0078,102,WH_C
2025-01-05,SKU0079,16,WH_B
2025-01-05,SKU0080,48,WH_A
2025-01-06,SKU0001,103,WH_B
2025-01-06,SKU0002,96,WH_A
2025-01-06,SKU0003,33,WH_A
2025-01-06,SKU0004,93,WH_A
2025-01-06,SKU0005,0,WH_B
2025-01-06,SKU0006,68,WH_C
2025-01-06,SKU0007,113,WH_C
2025-01-06,SKU0008,112,WH_A
2025-01-06,SKU0009,21,WH_A
2025-01-06,SKU0010,53,WH_B
2025-01-06,SKU0011,100,WH_C
2025-01-06,SKU0012,0,WH_C
2025-01-06,SKU0013,71,WH_B
2025-01-06,SKU0014,102,WH_C
2025-01-06,SKU0015,21,WH_B
2025-01-06,SKU0016,56,WH_B
2025-01-06,SKU0017,25,WH_B
2025-01-06,SKU0018,109,WH_C
2025-01-06,SKU0019,29,WH_B
2025-01-06,SKU0020,21,WH_C
2025-01-06,SKU0021,56,WH_A
2025-01-06,SKU0022,83,WH_B
2025-01-06,SKU0023,55,WH_B
2025-01-06,SKU0024,87,WH_C
2025-01-06,SKU0025,121,WH_C
2025-01-06,SKU0026,11,WH_C
2025-01-06,SKU0027,11,WH_C
2025-01-06,SKU0028,94,WH_B
2025-01-06,SKU0029,16,WH_A
2025-01-06,SKU0030,69,WH_A
2025-01-06,SKU0031,14,WH_A
2025-01-06,SKU0032,113,WH_A
2025-01-06,SKU0033,42,WH_A
2025-01-06,SKU0034,103,WH_B
2025-01-06,SKU0035,25,WH_C
2025-01-06,SKU0036,95,WH_C
2025-01-06,SKU0037,126,WH_C
2025-01-06,SKU0038,0,WH_B
2025-01-06,SKU0039,78,WH_A
2025-01-06,SKU0040,42,WH_B
2025-01-06,SKU0041,105,WH_B
2025-01-06,SKU0042,66,WH_C
2025-01-06,SKU0043,28,WH_C
2025-01-06,SKU0044,31,WH_C
2025-01-06,SKU0045,45,WH_C
2025-01-06,SKU0046,103,WH_B
2025-01-06,SKU0047,56,WH_C
2025-01-06,SKU0048,16,WH_A
2025-01-06,SKU0049,15,WH_A
2025-01-06,SKU0050,0,WH_B
2025-01-06,SKU0051,7,WH_C
2025-01-06,SKU0052,112,WH_A
2025-01-06,SKU0053,3,WH_B
2025-01-06,SKU0054,49,WH_A
2025-01-06,SKU0055,8,WH_A
2025-01-06,SKU0056,108,WH_C
2025-01-06,SKU0057,71,WH_B
2025-01-06,SKU0058,96,WH_A
2025-01-06,SKU0059,64,WH_A
2025-01-06,SKU0060,0,WH_C
2025-01-06,SKU0061,99,WH_A
2025-01-06,SKU0062,28,WH_B
2025-01-06,SKU0063,64,WH_B
2025-01-06,SKU0064,65,WH_A
2025-01-06,SKU0065,0,WH_C
2025-01-06,SKU0066,113,WH_B
2025-01-06,SKU0067,37,WH_A
2025-01-06,SKU0068,74,WH_C
2025-01-06,SKU0069,16,WH_A
2025-01-06,SKU0070,106,WH_B
2025-01-06,SKU0071,48,WH_B
2025-01-06,SKU0072,87,WH_A
2025-01-06,SKU0073,46,WH_A
2025-01-06,SKU0074,105,WH_C
2025-01-06,SKU0075,95,WH_B
2025-01-06,SKU0076,51,WH_B
2025-01-06,SKU0077,29,WH_A
2025-01-06,SKU0078,76,WH_C
2025-01-06,SKU0079,11,WH_B
2025-01-06,SKU0080,16,WH_B
2025-01-07,SKU0001,76,WH_B
2025-01-07,SKU0002,30,WH_C
2025-01-07,SKU0003,40,WH_B
2025-01-07,SKU0004,80,WH_B
2025-01-07,SKU0005,65,WH_A
2025-01-07,SKU0006,95,WH_B
2025-01-07,SKU0007,24,WH_C
2025-01-07,SKU0008,17,WH_C
2025-01-07,SKU0009,73,WH_B
2025-01-07,SKU0010,16,WH_B
2025-01-07,SKU0011,80,WH_C
2025-01-07,SKU0012,82,WH_B
2025-01-07,SKU0013,119,WH_C
2025-01-07,SKU0014,66,WH_B
2025-01-07,SKU0015,96,WH_C
2025-01-07,SKU0016,80,WH_A
2025-01-07,SKU0017,22,WH_C
2025-01-07,SKU0018,110,WH_B
2025-01-07,SKU0019,111,WH_B
2025-01-07,SKU0020,111,WH_B
2025-01-07,SKU0021,65,WH_A
2025-01-07,SKU0022,103,WH_A
2025-01-07,SKU0023,69,WH_B
2025-01-07,SKU0024,128,WH_B
2025-01-07,SKU0025,71,WH_A
2025-01-07,SKU0026,87,WH_A
2025-01-07,SKU0027,10,WH_B
2025-01-07,SKU0028,35,WH_A
2025-01-07,SKU0029,93,WH_B
2025-01-07,SKU0030,129,WH_A
2025-01-07,SKU0031,0,WH_A
2025-01-07,SKU0032,23,WH_B
2025-01-07,SKU0033,33,WH_B
2025-01-07,SKU0034,35,WH_C
2025-01-07,SKU0035,19,WH_C
2025-01-07,SKU0036,39,WH_C
2025-01-07,SKU0037,17,WH_A
2025-01-07,SKU0038,27,WH_C
2025-01-07,SKU0039,10,WH_A
2025-01-07,SKU0040,27,WH_A
2025-01-07,SKU0041,41,WH_B
2025-01-07,SKU0042,0,WH_C
2025-01-07,SKU0043,67,WH_A
2025-01-07,SKU0044,19,WH_A
2025-01-07,SKU0045,0,WH_A
2025-01-07,SKU0046,18,WH_B
2025-01-07,SKU0047,91,WH_B
2025-01-07,SKU0048,88,WH_B
2025-01-07,SKU0049,47,WH_A
2025-01-07,SKU0050,67,WH_A
2025-01-07,SKU0051,27,WH_B
2025-01-07,SKU0052,119,WH_A
2025-01-07,SKU0053,81,WH_C
2025-01-07,SKU0054,118,WH_A
2025-01-07,SKU0055,21,WH_B
2025-01-07,SKU0056,100,WH_B
2025-01-07,SKU0057,10,WH_B
2025-01-07,SKU0058,97,WH_C
2025-01-07,SKU0059,54,WH_C
2025-01-07,SKU0060,11,WH_B
2025-01-07,SKU0061,109,WH_A
2025-01-07,SKU0062,33,WH_A
2025-01-07,SKU0063,78,WH_C
2025-01-07,SKU0064,4,WH_B
2025-01-07,SKU0065,48,WH_C
2025-01-07,SKU0066,100,WH_C
2025-01-07,SKU0067,84,WH_A
2025-01-07,SKU0068,84,WH_A
2025-01-07,SKU0069,89,WH_C
2025-01-07,SKU0070,62,WH_B
2025-01-07,SKU0071,73,WH_B
2025-01-07,SKU0072,47,WH_B
2025-01-07,SKU0073,45,WH_C
2025-01-07,SKU0074,48,WH_C
2025-01-07,SKU0075,65,WH_B
2025-01-07,SKU0076,109,WH_B
2025-01-07,SKU0077,29,WH_C
2025-01-07,SKU0078,54,WH_C
2025-01-07,SKU0079,77,WH_A
2025-01-07,SKU0080,53,WH_C
2025-01-08,SKU0001,0,WH_A
2025-01-08,SKU0002,27,WH_A
2025-01-08,SKU0003,48,WH_A
2025-01-08,SKU0004,16,WH_B
2025-01-08,SKU0005,34,WH_B
2025-01-08,SKU0006,81,WH_A
2025-01-08,SKU0007,17,WH_A
2025-01-08,SKU0008,0,WH_C
2025-01-08,SKU0009,19,WH_B
2025-01-08,SKU0010,107,WH_A
2025-01-08,SKU0011,28,WH_C
2025-01-08,SKU0012,63,WH_A
2025-01-08,SKU0013,80,WH_B
2025-01-08,SKU0014,86,WH_C
2025-01-08,SKU0015,107,WH_B
2025-01-08,SKU0016,64,WH_C
2025-01-08,SKU0017,43,WH_A
2025-01-08,SKU0018,110,WH_A
2025-01-08,SKU0019,108,WH_B
2025-01-08,SKU0020,110,WH_B
2025-01-08,SKU0021,59,WH_B
2025-01-08,SKU0022,0,WH_A
2025-01-08,SKU0023,88,WH_B
2025-01-08,SKU0024,102,WH_C
2025-01-08,SKU0025,120,WH_A
2025-01-08,SKU0026,92,WH_C
2025-01-08,SKU0027,72,WH_C
2025-01-08,SKU0028,54,WH_B
2025-01-08,SKU0029,103,WH_A
2025-01-08,SKU0030,107,WH_C
2025-01-08,SKU0031,0,WH_B
2025-01-08,SKU0032,61,WH_C
2025-01-08,SKU0033,103,WH_C
2025-01-08,SKU0034,0,WH_A
2025-01-08,SKU0035,32,WH_C
2025-01-08,SKU0036,79,WH_C
2025-01-08,SKU0037,0,WH_B
2025-01-08,SKU0038,0,WH_B
2025-01-08,SKU0039,70,WH_C
2025-01-08,SKU0040,113,WH_B
2025-01-08,SKU0041,66,WH_A
2025-01-08,SKU0042,52,WH_A
2025-01-08,SKU0043,55,WH_A
2025-01-08,SKU0044,48,WH_B
2025-01-08,SKU0045,78,WH_A
2025-01-08,SKU0046,81,WH_C
2025-01-08,SKU0047,52,WH_C
2025-01-08,SKU0048,34,WH_C
2025-01-08,SKU0049,90,WH_B
2025-01-08,SKU0050,18,WH_A
2025-01-08,SKU0051,8,WH_A
2025-01-08,SKU0052,76,WH_C
2025-01-08,SKU0053,76,WH_A
2025-01-08,SKU0054,75,WH_C
2025-01-08,SKU0055,41,WH_C
2025-01-08,SKU0056,0,WH_B
2025-01-08,SKU0057,119,WH_B
2025-01-08,SKU0058,30,WH_B
2025-01-08,SKU0059,86,WH_B
2025-01-08,SKU0060,5,WH_B
2025-01-08,SKU0061,63,WH_B
2025-01-08,SKU0062,53,WH_C
2025-01-08,SKU0063,35,WH_B
2025-01-08,SKU0064,45,WH_B
2025-01-08,SKU0065,23,WH_B
2025-01-08,SKU0066,101,WH_B
2025-01-08,SKU0067,44,WH_C
2025-01-08,SKU0068,85,WH_C
2025-01-08,SKU0069,31,WH_C
2025-01-08,SKU0070,71,WH_B
2025-01-08,SKU0071,114,WH_C
2025-01-08,SKU0072,80,WH_C
2025-01-08,SKU0073,122,WH_C
2025-01-08,SKU0074,4,WH_A
2025-01-08,SKU0075,63,WH_B
2025-01-08,SKU0076,39,WH_A
2025-01-08,SKU0077,41,WH_A
2025-01-08,SKU0078,19,WH_A
2025-01-08,SKU0079,126,WH_B
2025-01-08,SKU0080,91,WH_C
2025-01-09,SKU0001,3,WH_C
2025-01-09,SKU0002,2,WH_A
2025-01-09,SKU0003,11,WH_C
2025-01-09,SKU0004,112,WH_B
2025-01-09,SKU0005,102,WH_C
2025-01-09,SKU0006,27,WH_B
2025-01-09,SKU0007,124,WH_C
2025-01-09,SKU0008,77,WH_A
2025-01-09,SKU0009,10,WH_C
2025-01-09,SKU0010,67,WH_C
2025-01-09,SKU0011,85,WH_B
2025-01-09,SKU0012,84,WH_B
2025-01-09,SKU0013,0,WH_B
2025-01-09,SKU0014,57,WH_B
2025-01-09,SKU0015,48,WH_B
2025-01-09,SKU0016,43,WH_C
2025-01-09,SKU0017,54,WH_B
2025-01-09,SKU0018,57,WH_B
2025-01-09,SKU0019,79,WH_C
2025-01-09,SKU0020,0,WH_C
2025-01-09,SKU0021,65,WH_B
2025-01-09,SKU0022,46,WH_A
2025-01-09,SKU0023,95,WH_C
2025-01-09,SKU0024,108,WH_C
2025-01-09,SKU0025,67,WH_B
2025-01-09,SKU0026,111,WH_C
2025-01-09,SKU0027,10,WH_C
2025-01-09,SKU0028,66,WH_C
2025-01-09,SKU0029,9,WH_A
2025-01-09,SKU0030,100,WH_B
2025-01-09,SKU0031,110,WH_B
2025-01-09,SKU0032,52,WH_C
2025-01-09,SKU0033,14,WH_B
2025-01-09,SKU0034,92,WH_C
2025-01-09,SKU0035,49,WH_C
2025-01-09,SKU0036,92,WH_B
2025-01-09,SKU0037,86,WH_B
2025-01-09,SKU0038,37,WH_C
2025-01-09,SKU0039,73,WH_A
2025-01-09,SKU0040,47,WH_A
2025-01-09,SKU0041,45,WH_C
2025-01-09,SKU0042,56,WH_C
2025-01-09,SKU0043,78,WH_B
2025-01-09,SKU0044,54,WH_B
2025-01-09,SKU0045,58,WH_B
2025-01-09,SKU0046,59,WH_C
2025-01-09,SKU0047,53,WH_B
2025-01-09,SKU0048,9,WH_C
2025-01-09,SKU0049,20,WH_B
2025-01-09,SKU0050,58,WH_A
2025-01-09,SKU0051,100,WH_B
2025-01-09,SKU0052,95,WH_C
2025-01-09,SKU0053,52,WH_A
2025-01-09,SKU0054,0,WH_B
2025-01-09,SKU0055,89,WH_B
2025-01-09,SKU0056,60,WH_B
2025-01-09,SKU0057,97,WH_B
2025-01-09,SKU0058,113,WH_B
2025-01-09,SKU0059,40,WH_C
2025-01-09,SKU0060,122,WH_B
2025-01-09,SKU0061,62,WH_B
2025-01-09,SKU0062,71,WH_B
2025-01-09,SKU0063,34,WH_C
2025-01-09,SKU0064,99,WH_B
2025-01-09,SKU0065,17,WH_C
2025-01-09,SKU0066,92,WH_A
2025-01-09,SKU0067,0,WH_C
2025-01-09,SKU0068,0,WH_B
2025-01-09,SKU0069,10,WH_B
2025-01-09,SKU0070,15,WH_B
2025-01-09,SKU0071,0,WH_A
2025-01-09,SKU0072,7,WH_C
2025-01-09,SKU0073,115,WH_A
2025-01-09,SKU0074,82,WH_A
2025-01-09,SKU0075,106,WH_B
2025-01-09,SKU0076,105,WH_C
2025-01-09,SKU0077,12,WH_C
2025-01-09,SKU0078,34,WH_B
2025-01-09,SKU0079,96,WH_A
2025-01-09,SKU0080,95,WH_C
2025-01-10,SKU0001,97,WH_B
2025-01-10,SKU0002,67,WH_C
2025-01-10,SKU0003,101,WH_C
2025-01-10,SKU0004,31,WH_C
2025-01-10,SKU0005,2,WH_B
2025-01-10,SKU0006,35,WH_A
2025-01-10,SKU0007,23,WH_C
2025-01-10,SKU0008,95,WH_C
2025-01-10,SKU0009,22,WH_B
2025-01-10,SKU0010,38,WH_A
2025-01-10,SKU0011,53,WH_C
2025-01-10,SKU0012,87,WH_A
2025-01-10,SKU0013,75,WH_B
2025-01-10,SKU0014,112,WH_A
2025-01-10,SKU0015,96,WH_A
2025-01-10,SKU0016,97,WH_C
2025-01-10,SKU0017,27,WH_C
2025-01-10,SKU0018,61,WH_C
2025-01-10,SKU0019,88,WH_B
2025-01-10,SKU0020,8,WH_C
2025-01-10,SKU0021,53,WH_C
2025-01-10,SKU0022,91,WH_C
2025-01-10,SKU0023,0,WH_A
2025-01-10,SKU0024,103,WH_C
2025-01-10,SKU0025,86,WH_B
2025-01-10,SKU0026,57,WH_B
2025-01-10,SKU0027,58,WH_B
2025-01-10,SKU0028,49,WH_C
2025-01-10,SKU0029,111,WH_A
2025-01-10,SKU0030,26,WH_A
2025-01-10,SKU0031,87,WH_C
2025-01-10,SKU0032,93,WH_B
2025-01-10,SKU0033,25,WH_C
2025-01-10,SKU0034,81,WH_A
2025-01-10,SKU0035,103,WH_B
2025-01-10,SKU0036,43,WH_A
2025-01-10,SKU0037,103,WH_C
2025-01-10,SKU0038,78,WH_C
2025-01-10,SKU0039,67,WH_C
2025-01-10,SKU0040,45,WH_C
2025-01-10,SKU0041,123,WH_A
2025-01-10,SKU0042,56,WH_C
2025-01-10,SKU0043,75,WH_A
2025-01-10,SKU0044,67,WH_C
2025-01-10,SKU0045,112,WH_A
2025-01-10,SKU0046,36,WH_B
2025-01-10,SKU0047,63,WH_A
2025-01-10,SKU0048,100,WH_A
2025-01-10,SKU0049,106,WH_B
2025-01-10,SKU0050,40,WH_A
2025-01-10,SKU0051,7,WH_C
2025-01-10,SKU0052,0,WH_B
2025-01-10,SKU0053,98,WH_B
2025-01-10,SKU0054,120,WH_B
2025-01-10,SKU0055,110,WH_A
2025-01-10,SKU0056,64,WH_C
2025-01-10,SKU0057,14,WH_A
2025-01-10,SKU0058,77,WH_C
2025-01-10,SKU0059,86,WH_C
2025-01-10,SKU0060,60,WH_A
2025-01-10,SKU0061,70,WH_B
2025-01-10,SKU0062,73,WH_B
2025-01-10,SKU0063,101,WH_C
2025-01-10,SKU0064,45,WH_B
2025-01-10,SKU0065,20,WH_B
2025-01-10,SKU0066,19,WH_A
2025-01-10,SKU0067,4,WH_A
2025-01-10,SKU0068,99,WH_A
2025-01-10,SKU0069,62,WH_B
2025-01-10,SKU0070,0,WH_A
2025-01-10,SKU0071,68,WH_A
2025-01-10,SKU0072,16,WH_C
2025-01-10,SKU0073,105,WH_B
2025-01-10,SKU0074,21,WH_B
2025-01-10,SKU0075,102,WH_B
2025-01-10,SKU0076,25,WH_C
2025-01-10,SKU0077,96,WH_B
2025-01-10,SKU0078,78,WH_A
2025-01-10,SKU0079,35,WH_B
2025-01-10,SKU0080,36,WH_A
2025-01-11,SKU0001,26,WH_C
2025-01-11,SKU0002,115,WH_B
2025-01-11,SKU0003,24,WH_B
2025-01-11,SKU0004,69,WH_B
2025-01-11,SKU0005,98,WH_A
2025-01-11,SKU0006,47,WH_C
2025-01-11,SKU0007,81,WH_A
2025-01-11,SKU0008,115,WH_C
2025-01-11,SKU0009,13,WH_A
2025-01-11,SKU0010,27,WH_A
2025-01-11,SKU0011,100,WH_C
2025-01-11,SKU0012,29,WH_A
2025-01-11,SKU0013,106,WH_C
2025-01-11,SKU0014,87,WH_C
2025-01-11,SKU0015,63,WH_C
2025-01-11,SKU0016,60,WH_A
2025-01-11,SKU0017,0,WH_B
2025-01-11,SKU0018,0,WH_A
2025-01-11,SKU0019,39,WH_A
2025-01-11,SKU0020,119,WH_B
2025-01-11,SKU0021,91,WH_C
2025-01-11,SKU0022,76,WH_B
2025-01-11,SKU0023,57,WH_B
2025-01-11,SKU0024,78,WH_C
2025-01-11,SKU0025,106,WH_C
2025-01-11,SKU0026,58,WH_C
2025-01-11,SKU0027,91,WH_A
2025-01-11,SKU0028,93,WH_C
2025-01-11,SKU0029,18,WH_B
2025-01-11,SKU0030,0,WH_B
2025-01-11,SKU0031,38,WH_C
2025-01-11,SKU0032,44,WH_C
2025-01-11,SKU0033,33,WH_C
2025-01-11,SKU0034,0,WH_C
2025-01-11,SKU0035,58,WH_A
2025-01-11,SKU0036,119,WH_B
2025-01-11,SKU0037,89,WH_C
2025-01-11,SKU0038,23,WH_C
2025-01-11,SKU0039,0,WH_A
2025-01-11,SKU0040,42,WH_A
2025-01-11,SKU0041,11,WH_A
2025-01-11,SKU0042,120,WH_B
2025-01-11,SKU0043,5,WH_B
2025-01-11,SKU0044,83,WH_B
2025-01-11,SKU0045,40,WH_C
2025-01-11,SKU0046,79,WH_B
2025-01-11,SKU0047,69,WH_B
2025-01-11,SKU0048,127,WH_C
2025-01-11,SKU0049,85,WH_A
2025-01-11,SKU0050,105,WH_A
2025-01-11,SKU0051,62,WH_B
2025-01-11,SKU0052,20,WH_B
2025-01-11,SKU0053,118,WH_B
2025-01-11,SKU0054,68,WH_C
2025-01-11,SKU0055,60,WH_B
2025-01-11,SKU0056,103,WH_C
2025-01-11,SKU0057,72,WH_B
2025-01-11,SKU0058,26,WH_C
2025-01-11,SKU0059,63,WH_C
2025-01-11,SKU0060,16,WH_A
2025-01-11,SKU0061,106,WH_A
2025-01-11,SKU0062,102,WH_B
2025-01-11,SKU0063,30,WH_C
2025-01-11,SKU0064,69,WH_A
2025-01-11,SKU0065,117,WH_C
2025-01-11,SKU0066,112,WH_C
2025-01-11,SKU0067,51,WH_A
2025-01-11,SKU0068,45,WH_A
2025-01-11,SKU0069,62,WH_C
2025-01-11,SKU0070,0,WH_A
2025-01-11,SKU0071,102,WH_C
2025-01-11,SKU0072,10,WH_B
2025-01-11,SKU0073,86,WH_B
2025-01-11,SKU0074,42,WH_C
2025-01-11,SKU0075,0,WH_B
2025-01-11,SKU0076,37,WH_A
2025-01-11,SKU0077,92,WH_B
2025-01-11,SKU0078,79,WH_C
2025-01-11,SKU0079,20,WH_C
2025-01-11,SKU0080,49,WH_A
2025-01-12,SKU0001,112,WH_B
2025-01-12,SKU0002,109,WH_A
2025-01-12,SKU0003,89,WH_B
2025-01-12,SKU0004,20,WH_A
2025-01-12,SKU0005,13,WH_B
2025-01-12,SKU0006,80,WH_C
2025-01-12,SKU0007,46,WH_A
2025-01-12,SKU0008,66,WH_C
2025-01-12,SKU0009,25,WH_A
2025-01-12,SKU0010,32,WH_A
2025-01-12,SKU0011,101,WH_B
2025-01-12,SKU0012,0,WH_B
2025-01-12,SKU0013,122,WH_C
2025-01-12,SKU0014,126,WH_B
2025-01-12,SKU0015,101,WH_A
2025-01-12,SKU0016,38,WH_B
2025-01-12,SKU0017,38,WH_A
2025-01-12,SKU0018,0,WH_A
2025-01-12,SKU0019,98,WH_C
2025-01-12,SKU0020,8,WH_A
2025-01-12,SKU0021,90,WH_A
2025-01-12,SKU0022,94,WH_B
2025-01-12,SKU0023,32,WH_A
2025-01-12,SKU0024,4,WH_C
2025-01-12,SKU0025,23,WH_C
2025-01-12,SKU0026,123,WH_B
2025-01-12,SKU0027,116,WH_B
2025-01-12,SKU0028,32,WH_B
2025-01-12,SKU0029,98,WH_C
2025-01-12,SKU0030,70,WH_C
2025-01-12,SKU0031,86,WH_C
2025-01-12,SKU0032,31,WH_A
2025-01-12,SKU0033,92,WH_B
2025-01-12,SKU0034,35,WH_A
2025-01-12,SKU0035,11,WH_C
2025-01-12,SKU0036,0,WH_B
2025-01-12,SKU0037,41,WH_A
2025-01-12,SKU0038,25,WH_B
2025-01-12,SKU0039,90,WH_C
2025-01-12,SKU0040,0,WH_B
2025-01-12,SKU0041,4,WH_B
2025-01-12,SKU0042,38,WH_A
2025-01-12,SKU0043,91,WH_C
2025-01-12,SKU0044,81,WH_A
2025-01-12,SKU0045,60,WH_C
2025-01-12,SKU0046,109,WH_B
2025-01-12,SKU0047,57,WH_A
2025-01-12,SKU0048,13,WH_A
2025-01-12,SKU0049,82,WH_C
2025-01-12,SKU0050,89,WH_C
2025-01-12,SKU0051,73,WH_C
2025-01-12,SKU0052,98,WH_A
2025-01-12,SKU0053,39,WH_A
2025-01-12,SKU0054,86,WH_A
2025-01-12,SKU0055,50,WH_A
2025-01-12,SKU0056,35,WH_B
2025-01-12,SKU0057,8,WH_C
2025-01-12,SKU0058,83,WH_A
2025-01-12,SKU0059,39,WH_A
2025-01-12,SKU0060,57,WH_B
2025-01-12,SKU0061,69,WH_B
2025-01-12,SKU0062,66,WH_B
2025-01-12,SKU0063,54,WH_B
2025-01-12,SKU0064,39,WH_B
2025-01-12,SKU0065,5,WH_B
2025-01-12,SKU0066,14,WH_C
2025-01-12,SKU0067,108,WH_A
2025-01-12,SKU0068,53,WH_C
2025-01-12,SKU0069,83,WH_A
2025-01-12,SKU0070,17,WH_B
2025-01-12,SKU0071,44,WH_C
2025-01-12,SKU0072,63,WH_C
2025-01-12,SKU0073,103,WH_B
2025-01-12,SKU0074,109,WH_C
2025-01-12,SKU0075,26,WH_B
2025-01-12,SKU0076,104,WH_B
2025-01-12,SKU0077,106,WH_C
2025-01-12,SKU0078,117,WH_A
2025-01-12,SKU0079,98,WH_B
2025-01-12,SKU0080,49,WH_A
2025-01-13,SKU0001,10,WH_C
2025-01-13,SKU0002,16,WH_C
2025-01-13,SKU0003,63,WH_A
2025-01-13,SKU0004,38,WH_C
2025-01-13,SKU0005,58,WH_A
2025-01-13,SKU0006,27,WH_C
2025-01-13,SKU0007,81,WH_B
2025-01-13,SKU0008,71,WH_B
2025-01-13,SKU0009,28,WH_A
2025-01-13,SKU0010,97,WH_A
2025-01-13,SKU0011,21,WH_A
2025-01-13,SKU0012,100,WH_B
2025-01-13,SKU0013,74,WH_C
2025-01-13,SKU0014,30,WH_B
2025-01-13,SKU0015,68,WH_A
2025-01-13,SKU0016,108,WH_C
2025-01-13,SKU0017,25,WH_C
2025-01-13,SKU0018,23,WH_B
2025-01-13,SKU0019,97,WH_B
2025-01-13,SKU0020,42,WH_A
2025-01-13,SKU0021,127,WH_B
2025-01-13,SKU0022,61,WH_B
2025-01-13,SKU0023,44,WH_C
2025-01-13,SKU0024,16,WH_A
2025-01-13,SKU0025,71,WH_C
2025-01-13,SKU0026,92,WH_A
2025-01-13,SKU0027,8,WH_B
2025-01-13,SKU0028,41,WH_B
2025-01-13,SKU0029,96,WH_B
2025-01-13,SKU0030,68,WH_C
2025-01-13,SKU0031,86,WH_B
2025-01-13,SKU0032,55,WH_B
2025-01-13,SKU0033,103,WH_C
2025-01-13,SKU0034,111,WH_C
2025-01-13,SKU0035,43,WH_C
2025-01-13,SKU0036,0,WH_B
2025-01-13,SKU0037,22,WH_C
2025-01-13,SKU0038,103,WH_C
2025-01-13,SKU0039,52,WH_A
2025-01-13,SKU0040,48,WH_C
2025-01-13,SKU0041,48,WH_B
2025-01-13,SKU0042,67,WH_A
2025-01-13,SKU0043,104,WH_A
2025-01-13,SKU0044,88,WH_A
2025-01-13,SKU0045,23,WH_C
2025-01-13,SKU0046,93,WH_B
2025-01-13,SKU0047,72,WH_B
2025-01-13,SKU0048,75,WH_C
2025-01-13,SKU0049,0,WH_A
2025-01-13,SKU0050,19,WH_B
2025-01-13,SKU0051,19,WH_B
2025-01-13,SKU0052,0,WH_B
2025-01-13,SKU0053,0,WH_A
2025-01-13,SKU0054,0,WH_C
2025-01-13,SKU0055,17,WH_B
2025-01-13,SKU0056,58,WH_A
2025-01-13,SKU0057,99,WH_C
2025-01-13,SKU0058,115,WH_A
2025-01-13,SKU0059,42,WH_B
2025-01-13,SKU0060,84,WH_B
2025-01-13,SKU0061,87,WH_B
2025-01-13,SKU0062,124,WH_C
2025-01-13,SKU0063,42,WH_B
2025-01-13,SKU0064,50,WH_C
2025-01-13,SKU0065,63,WH_A
2025-01-13,SKU0066,103,WH_B
2025-01-13,SKU0067,14,WH_C
2025-01-13,SKU0068,63,WH_A
2025-01-13,SKU0069,7,WH_B
2025-01-13,SKU0070,57,WH_A
2025-01-13,SKU0071,105,WH_A
2025-01-13,SKU0072,71,WH_A
2025-01-13,SKU0073,71,WH_B
2025-01-13,SKU0074,61,WH_A
2025-01-13,SKU0075,26,WH_C
2025-01-13,SKU0076,107,WH_B
2025-01-13,SKU0077,50,WH_B
2025-01-13,SKU0078,84,WH_C
2025-01-13,SKU0079,42,WH_C
2025-01-13,SKU0080,105,WH_A
2025-01-14,SKU0001,61,WH_B
2025-01-14,SKU0002,67,WH_A
2025-01-14,SKU0003,6,WH_B
2025-01-14,SKU0004,48,WH_A
2025-01-14,SKU0005,36,WH_A
2025-01-14,SKU0006,105,WH_C
2025-01-14,SKU0007,60,WH_B
2025-01-14,SKU0008,7,WH_C
2025-01-14,SKU0009,0,WH_C
2025-01-14,SKU0010,54,WH_A
2025-01-14,SKU0011,21,WH_A
2025-01-14,SKU0012,12,WH_A
2025-01-14,SKU0013,86,WH_C
2025-01-14,SKU0014,59,WH_A
2025-01-14,SKU0015,33,WH_B
2025-01-14,SKU0016,34,WH_B
2025-01-14,SKU0017,33,WH_A
2025-01-14,SKU0018,81,WH_A
2025-01-14,SKU0019,56,WH_A
2025-01-14,SKU0020,9,WH_B
2025-01-14,SKU0021,75,WH_C
2025-01-14,SKU0022,105,WH_C
2025-01-14,SKU0023,30,WH_A
2025-01-14,SKU0024,98,WH_B
2025-01-14,SKU0025,10,WH_C
2025-01-14,SKU0026,15,WH_A
2025-01-14,SKU0027,40,WH_C
2025-01-14,SKU0028,19,WH_A
2025-01-14,SKU0029,51,WH_A
2025-01-14,SKU0030,81,WH_C
2025-01-14,SKU0031,105,WH_B
2025-01-14,SKU0032,0,WH_C
2025-01-14,SKU0033,102,WH_C
2025-01-14,SKU0034,103,WH_C
2025-01-14,SKU0035,19,WH_B
2025-01-14,SKU0036,17,WH_C
2025-01-14,SKU0037,101,WH_B
2025-01-14,SKU0038,52,WH_C
2025-01-14,SKU0039,13,WH_A
2025-01-14,SKU0040,45,WH_B
2025-01-14,SKU0041,72,WH_C
2025-01-14,SKU0042,61,WH_C
2025-01-14,SKU0043,53,WH_A
2025-01-14,SKU0044,94,WH_A
2025-01-14,SKU0045,44,WH_A
2025-01-14,SKU0046,103,WH_A
2025-01-14,SKU0047,49,WH_C
2025-01-14,SKU0048,115,WH_A
2025-01-14,SKU0049,76,WH_A
2025-01-14,SKU0050,36,WH_B
2025-01-14,SKU0051,31,WH_C
2025-01-14,SKU0052,31,WH_C
2025-01-14,SKU0053,76,WH_B
2025-01-14,SKU0054,63,WH_A
2025-01-14,SKU0055,75,WH_A
2025-01-14,SKU0056,78,WH_B
2025-01-14,SKU0057,98,WH_B
2025-01-14,SKU0058,52,WH_C
2025-01-14,SKU0059,89,WH_B
2025-01-14,SKU0060,61,WH_B
2025-01-14,SKU0061,39,WH_B
2025-01-14,SKU0062,36,WH_A
2025-01-14,SKU0063,79,WH_C
2025-01-14,SKU0064,96,WH_A
2025-01-14,SKU0065,4,WH_B
2025-01-14,SKU0066,48,WH_C
2025-01-14,SKU0067,27,WH_A
2025-01-14,SKU0068,12,WH_B
2025-01-14,SKU0069,106,WH_B
2025-01-14,SKU0070,37,WH_A
2025-01-14,SKU0071,73,WH_B
2025-01-14,SKU0072,86,WH_A
2025-01-14,SKU0073,93,WH_A
2025-01-14,SKU0074,37,WH_C
2025-01-14,SKU0075,33,WH_C
2025-01-14,SKU0076,53,WH_C
2025-01-14,SKU0077,69,WH_A
2025-01-14,SKU0078,114,WH_A
2025-01-14,SKU0079,13,WH_C
2025-01-14,SKU0080,76,WH_C
2025-01-15,SKU0001,65,WH_C
2025-01-15,SKU0002,99,WH_B
2025-01-15,SKU0003,103,WH_B
2025-01-15,SKU0004,94,WH_B
2025-01-15,SKU0005,31,WH_B
2025-01-15,SKU0006,0,WH_C
2025-01-15,SKU0007,63,WH_C
2025-01-15,SKU0008,92,WH_C
2025-01-15,SKU0009,74,WH_B
2025-01-15,SKU0010,32,WH_A
2025-01-15,SKU0011,51,WH_A
2025-01-15,SKU0012,76,WH_C
2025-01-15,SKU0013,21,WH_A
2025-01-15,SKU0014,27,WH_C
2025-01-15,SKU0015,83,WH_A
2025-01-15,SKU0016,19,WH_B
2025-01-15,SKU0017,112,WH_B
2025-01-15,SKU0018,45,WH_B
2025-01-15,SKU0019,67,WH_B
2025-01-15,SKU0020,77,WH_A
2025-01-15,SKU0021,50,WH_C
2025-01-15,SKU0022,35,WH_C
2025-01-15,SKU0023,76,WH_C
2025-01-15,SKU0024,18,WH_A
2025-01-15,SKU0025,65,WH_A
2025-01-15,SKU0026,111,WH_A
2025-01-15,SKU0027,106,WH_A
2025-01-15,SKU0028,83,WH_B
2025-01-15,SKU0029,52,WH_C
2025-01-15,SKU0030,112,WH_A
2025-01-15,SKU0031,102,WH_A
2025-01-15,SKU0032,9,WH_A
2025-01-15,SKU0033,72,WH_C
2025-01-15,SKU0034,30,WH_A
2025-01-15,SKU0035,93,WH_B
2025-01-15,SKU0036,50,WH_C
2025-01-15,SKU0037,69,WH_C
2025-01-15,SKU0038,76,WH_B
2025-01-15,SKU0039,22,WH_B
2025-01-15,SKU0040,42,WH_B
2025-01-15,SKU0041,56,WH_A
2025-01-15,SKU0042,88,WH_A
2025-01-15,SKU0043,84,WH_B
2025-01-15,SKU0044,21,WH_A
2025-01-15,SKU0045,67,WH_A
2025-01-15,SKU0046,55,WH_A
2025-01-15,SKU0047,111,WH_B
2025-01-15,SKU0048,109,WH_B
2025-01-15,SKU0049,18,WH_B
2025-01-15,SKU0050,104,WH_B
2025-01-15,SKU0051,10,WH_C
2025-01-15,SKU0052,67,WH_C
2025-01-15,SKU0053,24,WH_A
2025-01-15,SKU0054,95,WH_A
2025-01-15,SKU0055,60,WH_C
2025-01-15,SKU0056,25,WH_B
2025-01-15,SKU0057,67,WH_A
2025-01-15,SKU0058,21,WH_C
2025-01-15,SKU0059,12,WH_A
2025-01-15,SKU0060,16,WH_C
2025-01-15,SKU0061,30,WH_A
2025-01-15,SKU0062,102,WH_C
2025-01-15,SKU0063,96,WH_A
2025-01-15,SKU0064,122,WH_C
2025-01-15,SKU0065,11,WH_C
2025-01-15,SKU0066,73,WH_A
2025-01-15,SKU0067,99,WH_A
2025-01-15,SKU0068,90,WH_B
2025-01-15,SKU0069,82,WH_A
2025-01-15,SKU0070,66,WH_B
2025-01-15,SKU0071,3,WH_C
2025-01-15,SKU0072,16,WH_A
2025-01-15,SKU0073,19,WH_A
2025-01-15,SKU0074,94,WH_B
2025-01-15,SKU0075,13,WH_B
2025-01-15,SKU0076,3,WH_B
2025-01-15,SKU0077,18,WH_C
2025-01-15,SKU0078,78,WH_B
2025-01-15,SKU0079,77,WH_A
2025-01-15,SKU0080,0,WH_C
2025-01-16,SKU0001,119,WH_A
2025-01-16,SKU0002,33,WH_C
2025-01-16,SKU0003,116,WH_C
2025-01-16,SKU0004,103,WH_B
2025-01-16,SKU0005,62,WH_B
2025-01-16,SKU0006,82,WH_B
2025-01-16,SKU0007,115,WH_B
2025-01-16,SKU0008,9,WH_B
2025-01-16,SKU0009,102,WH_C
2025-01-16,SKU0010,0,WH_A
2025-01-16,SKU0011,99,WH_B
2025-01-16,SKU0012,106,WH_A
2025-01-16,SKU0013,46,WH_A
2025-01-16,SKU0014,75,WH_C
2025-01-16,SKU0015,30,WH_C
2025-01-16,SKU0016,81,WH_B
2025-01-16,SKU0017,25,WH_C
2025-01-16,SKU0018,40,WH_B
2025-01-16,SKU0019,0,WH_C
2025-01-16,SKU0020,112,WH_C
2025-01-16,SKU0021,66,WH_A
2025-01-16,SKU0022,60,WH_A
2025-01-16,SKU0023,32,WH_A
2025-01-16,SKU0024,0,WH_C
2025-01-16,SKU0025,58,WH_B
2025-01-16,SKU0026,114,WH_B
2025-01-16,SKU0027,127,WH_A
2025-01-16,SKU0028,75,WH_B
2025-01-16,SKU0029,116,WH_C
2025-01-16,SKU0030,76,WH_C
2025-01-16,SKU0031,11,WH_A
2025-01-16,SKU0032,84,WH_A
2025-01-16,SKU0033,120,WH_A
2025-01-16,SKU0034,61,WH_C
2025-01-16,SKU0035,47,WH_C
2025-01-16,SKU0036,102,WH_A
2025-01-16,SKU0037,105,WH_A
2025-01-16,SKU0038,84,WH_B
2025-01-16,SKU0039,104,WH_B
2025-01-16,SKU0040,86,WH_A
2025-01-16,SKU0041,37,WH_A
2025-01-16,SKU0042,51,WH_C
2025-01-16,SKU0043,50,WH_C
2025-01-16,SKU0044,0,WH_A
2025-01-16,SKU0045,83,WH_B
2025-01-16,SKU0046,99,WH_C
2025-01-16,SKU0047,108,WH_B
2025-01-16,SKU0048,101,WH_B
2025-01-16,SKU0049,81,WH_A
2025-01-16,SKU0050,23,WH_A
2025-01-16,SKU0051,121,WH_C
2025-01-16,SKU0052,51,WH_C
2025-01-16,SKU0053,33,WH_B
2025-01-16,SKU0054,85,WH_B
2025-01-16,SKU0055,0,WH_A
2025-01-16,SKU0056,26,WH_B
2025-01-16,SKU0057,89,WH_A
2025-01-16,SKU0058,15,WH_B
2025-01-16,SKU0059,111,WH_C
2025-01-16,SKU0060,47,WH_A
2025-01-16,SKU0061,91,WH_C
2025-01-16,SKU0062,82,WH_B
2025-01-16,SKU0063,68,WH_B
2025-01-16,SKU0064,19,WH_B
2025-01-16,SKU0065,0,WH_C
2025-01-16,SKU0066,109,WH_A
2025-01-16,SKU0067,50,WH_C
2025-01-16,SKU0068,55,WH_B
2025-01-16,SKU0069,41,WH_A
2025-01-16,SKU0070,104,WH_A
2025-01-16,SKU0071,56,WH_B
2025-01-16,SKU0072,0,WH_C
2025-01-16,SKU0073,41,WH_A
2025-01-16,SKU0074,64,WH_B
2025-01-16,SKU0075,40,WH_C
2025-01-16,SKU0076,58,WH_A
2025-01-16,SKU0077,28,WH_C
2025-01-16,SKU0078,0,WH_C
2025-01-16,SKU0079,44,WH_A
2025-01-16,SKU0080,29,WH_B
2025-01-17,SKU0001,106,WH_B
2025-01-17,SKU0002,34,WH_A
2025-01-17,SKU0003,51,WH_B
2025-01-17,SKU0004,93,WH_A
2025-01-17,SKU0005,90,WH_C
2025-01-17,SKU0006,6,WH_A
2025-01-17,SKU0007,98,WH_A
2025-01-17,SKU0008,79,WH_C
2025-01-17,SKU0009,70,WH_B
2025-01-17,SKU0010,106,WH_B
2025-01-17,SKU0011,98,WH_A
2025-01-17,SKU0012,99,WH_C
2025-01-17,SKU0013,63,WH_C
2025-01-17,SKU0014,53,WH_A
2025-01-17,SKU0015,34,WH_B
2025-01-17,SKU0016,104,WH_B
2025-01-17,SKU0017,0,WH_C
2025-01-17,SKU0018,77,WH_B
2025-01-17,SKU0019,93,WH_B
2025-01-17,SKU0020,22,WH_C
2025-01-17,SKU0021,38,WH_C
2025-01-17,SKU0022,23,WH_B
2025-01-17,SKU0023,39,WH_A
2025-01-17,SKU0024,96,WH_C
2025-01-17,SKU0025,86,WH_B
2025-01-17,SKU0026,7,WH_B
2025-01-17,SKU0027,108,WH_A
2025-01-17,SKU0028,75,WH_C
2025-01-17,SKU0029,0,WH_A
2025-01-17,SKU0030,16,WH_B
2025-01-17,SKU0031,106,WH_B
2025-01-17,SKU0032,30,WH_B
2025-01-17,SKU0033,26,WH_A
2025-01-17,SKU0034,0,WH_B
2025-01-17,SKU0035,126,WH_C
2025-01-17,SKU0036,34,WH_C
2025-01-17,SKU0037,25,WH_A
2025-01-17,SKU0038,86,WH_C
2025-01-17,SKU0039,34,WH_C
2025-01-17,SKU0040,0,WH_C
2025-01-17,SKU0041,38,WH_C
2025-01-17,SKU0042,73,WH_B
2025-01-17,SKU0043,48,WH_B
2025-01-17,SKU0044,95,WH_A
2025-01-17,SKU0045,69,WH_C
2025-01-17,SKU0046,66,WH_B
2025-01-17,SKU0047,109,WH_C
2025-01-17,SKU0048,116,WH_B
2025-01-17,SKU0049,22,WH_A
2025-01-17,SKU0050,56,WH_C
2025-01-17,SKU0051,59,WH_C
2025-01-17,SKU0052,33,WH_A
2025-01-17,SKU0053,128,WH_C
2025-01-17,SKU0054,109,WH_C
2025-01-17,SKU0055,19,WH_A
2025-01-17,SKU0056,27,WH_A
2025-01-17,SKU0057,115,WH_A
2025-01-17,SKU0058,72,WH_C
2025-01-17,SKU0059,4,WH_C
2025-01-17,SKU0060,102,WH_B
2025-01-17,SKU0061,47,WH_B
2025-01-17,SKU0062,91,WH_A
2025-01-17,SKU0063,83,WH_A
2025-01-17,SKU0064,73,WH_A
2025-01-17,SKU0065,39,WH_B
2025-01-17,SKU0066,88,WH_A
2025-01-17,SKU0067,117,WH_C
2025-01-17,SKU0068,66,WH_B
2025-01-17,SKU0069,84,WH_B
2025-01-17,SKU0070,100,WH_A
2025-01-17,SKU0071,18,WH_B
2025-01-17,SKU0072,44,WH_A
2025-01-17,SKU0073,85,WH_B
2025-01-17,SKU0074,0,WH_B
2025-01-17,SKU0075,57,WH_C
2025-01-17,SKU0076,0,WH_B
2025-01-17,SKU0077,79,WH_B
2025-01-17,SKU0078,124,WH_C
2025-01-17,SKU0079,70,WH_C
2025-01-17,SKU0080,112,WH_B
2025-01-18,SKU0001,114,WH_A
2025-01-18,SKU0002,90,WH_C
2025-01-18,SKU0003,31,WH_B
2025-01-18,SKU0004,9,WH_A
2025-01-18,SKU0005,59,WH_A
2025-01-18,SKU0006,0,WH_A
2025-01-18,SKU0007,113,WH_C
2025-01-18,SKU0008,79,WH_A
2025-01-18,SKU0009,24,WH_A
2025-01-18,SKU0010,52,WH_C
2025-01-18,SKU0011,33,WH_C
2025-01-18,SKU0012,81,WH_B
2025-01-18,SKU0013,95,WH_A
2025-01-18,SKU0014,124,WH_B
2025-01-18,SKU0015,74,WH_C
2025-01-18,SKU0016,51,WH_B
2025-01-18,SKU0017,65,WH_A
2025-01-18,SKU0018,98,WH_B
2025-01-18,SKU0019,51,WH_B
2025-01-18,SKU0020,81,WH_B
2025-01-18,SKU0021,49,WH_C
2025-01-18,SKU0022,100,WH_B
2025-01-18,SKU0023,49,WH_C
2025-01-18,SKU0024,103,WH_B
2025-01-18,SKU0025,94,WH_C
2025-01-18,SKU0026,58,WH_C
2025-01-18,SKU0027,46,WH_C
2025-01-18,SKU0028,28,WH_B
2025-01-18,SKU0029,66,WH_C
2025-01-18,SKU0030,48,WH_A
2025-01-18,SKU0031,9,WH_A
2025-01-18,SKU0032,24,WH_C
2025-01-18,SKU0033,36,WH_C
2025-01-18,SKU0034,73,WH_C
2025-01-18,SKU0035,14,WH_A
2025-01-18,SKU0036,0,WH_C
2025-01-18,SKU0037,92,WH_A
2025-01-18,SKU0038,105,WH_C
2025-01-18,SKU0039,16,WH_A
2025-01-18,SKU0040,48,WH_B
2025-01-18,SKU0041,90,WH_A
2025-01-18,SKU0042,0,WH_C
2025-01-18,SKU0043,28,WH_C
2025-01-18,SKU0044,10,WH_C
2025-01-18,SKU0045,28,WH_A
2025-01-18,SKU0046,79,WH_C
2025-01-18,SKU0047,58,WH_C
2025-01-18,SKU0048,35,WH_B
2025-01-18,SKU0049,109,WH_B
2025-01-18,SKU0050,92,WH_B
2025-01-18,SKU0051,0,WH_B
2025-01-18,SKU0052,20,WH_B
2025-01-18,SKU0053,113,WH_B
2025-01-18,SKU0054,94,WH_A
2025-01-18,SKU0055,49,WH_A
2025-01-18,SKU0056,52,WH_A
2025-01-18,SKU0057,87,WH_B
2025-01-18,SKU0058,40,WH_C
2025-01-18,SKU0059,45,WH_A
2025-01-18,SKU0060,67,WH_B
2025-01-18,SKU0061,17,WH_B
2025-01-18,SKU0062,17,WH_C
2025-01-18,SKU0063,14,WH_B
2025-01-18,SKU0064,112,WH_B
2025-01-18,SKU0065,18,WH_C
2025-01-18,SKU0066,56,WH_A
2025-01-18,SKU0067,70,WH_C
2025-01-18,SKU0068,75,WH_B
2025-01-18,SKU0069,64,WH_C
2025-01-18,SKU0070,27,WH_B
2025-01-18,SKU0071,94,WH_A
2025-01-18,SKU0072,57,WH_A
2025-01-18,SKU0073,84,WH_B
2025-01-18,SKU0074,109,WH_B
2025-01-18,SKU0075,107,WH_A
2025-01-18,SKU0076,19,WH_B
2025-01-18,SKU0077,89,WH_A
2025-01-18,SKU0078,77,WH_A
2025-01-18,SKU0079,78,WH_C
2025-01-18,SKU0080,79,WH_B
2025-01-19,SKU0001,113,WH_A
2025-01-19,SKU0002,47,WH_B
2025-01-19,SKU0003,35,WH_B
2025-01-19,SKU0004,0,WH_C
2025-01-19,SKU0005,89,WH_A
2025-01-19,SKU0006,22,WH_A
2025-01-19,SKU0007,35,WH_C
2025-01-19,SKU0008,27,WH_C
2025-01-19,SKU0009,10,WH_C
2025-01-19,SKU0010,43,WH_B
2025-01-19,SKU0011,0,WH_C
2025-01-19,SKU0012,75,WH_C
2025-01-19,SKU0013,51,WH_C
2025-01-19,SKU0014,0,WH_C
2025-01-19,SKU0015,63,WH_A
2025-01-19,SKU0016,92,WH_A
2025-01-19,SKU0017,79,WH_C
2025-01-19,SKU0018,0,WH_A
2025-01-19,SKU0019,94,WH_B
2025-01-19,SKU0020,90,WH_A
2025-01-19,SKU0021,64,WH_C
2025-01-19,SKU0022,69,WH_C
2025-01-19,SKU0023,8,WH_B
2025-01-19,SKU0024,98,WH_A
2025-01-19,SKU0025,89,WH_C
2025-01-19,SKU0026,57,WH_A
2025-01-19,SKU0027,103,WH_B
2025-01-19,SKU0028,84,WH_A
2025-01-19,SKU0029,111,WH_A
2025-01-19,SKU0030,81,WH_A
2025-01-19,SKU0031,88,WH_C
2025-01-19,SKU0032,101,WH_A
2025-01-19,SKU0033,51,WH_B
2025-01-19,SKU0034,98,WH_C
2025-01-19,SKU0035,34,WH_B
2025-01-19,SKU0036,0,WH_A
2025-01-19,SKU0037,71,WH_C
2025-01-19,SKU0038,95,WH_A
2025-01-19,SKU0039,65,WH_C
2025-01-19,SKU0040,45,WH_A
2025-01-19,SKU0041,72,WH_B
2025-01-19,SKU0042,78,WH_C
2025-01-19,SKU0043,71,WH_A
2025-01-19,SKU0044,100,WH_B
2025-01-19,SKU0045,116,WH_B
2025-01-19,SKU0046,18,WH_A
2025-01-19,SKU0047,31,WH_C
2025-01-19,SKU0048,49,WH_B
2025-01-19,SKU0049,11,WH_A
2025-01-19,SKU0050,47,WH_B
2025-01-19,SKU0051,14,WH_A
2025-01-19,SKU0052,106,WH_B
2025-01-19,SKU0053,42,WH_C
2025-01-19,SKU0054,64,WH_A
2025-01-19,SKU0055,99,WH_A
2025-01-19,SKU0056,64,WH_A
2025-01-19,SKU0057,31,WH_B
2025-01-19,SKU0058,106,WH_A
2025-01-19,SKU0059,12,WH_B
2025-01-19,SKU0060,72,WH_B
2025-01-19,SKU0061,20,WH_A
2025-01-19,SKU0062,89,WH_B
2025-01-19,SKU0063,39,WH_A
2025-01-19,SKU0064,73,WH_B
2025-01-19,SKU0065,24,WH_B
2025-01-19,SKU0066,83,WH_B
2025-01-19,SKU0067,72,WH_A
2025-01-19,SKU0068,32,WH_C
2025-01-19,SKU0069,22,WH_A
2025-01-19,SKU0070,66,WH_B
2025-01-19,SKU0071,82,WH_A
2025-01-19,SKU0072,62,WH_C
2025-01-19,SKU0073,26,WH_C
2025-01-19,SKU0074,99,WH_C
2025-01-19,SKU0075,70,WH_A
2025-01-19,SKU0076,24,WH_B
2025-01-19,SKU0077,33,WH_C
2025-01-19,SKU0078,38,WH_C
2025-01-19,SKU0079,48,WH_C
2025-01-19,SKU0080,16,WH_A
2025-01-20,SKU0001,82,WH_B
2025-01-20,SKU0002,13,WH_C
2025-01-20,SKU0003,41,WH_C
2025-01-20,SKU0004,77,WH_B
2025-01-20,SKU0005,125,WH_C
2025-01-20,SKU0006,78,WH_B
2025-01-20,SKU0007,36,WH_C
2025-01-20,SKU0008,61,WH_A
2025-01-20,SKU0009,81,WH_A
2025-01-20,SKU0010,101,WH_B
2025-01-20,SKU0011,78,WH_B
2025-01-20,SKU0012,90,WH_A
2025-01-20,SKU0013,96,WH_C
2025-01-20,SKU0014,74,WH_B
2025-01-20,SKU0015,121,WH_B
2025-01-20,SKU0016,31,WH_C
2025-01-20,SKU0017,56,WH_B
2025-01-20,SKU0018,63,WH_A
2025-01-20,SKU0019,114,WH_C
2025-01-20,SKU0020,106,WH_B
2025-01-20,SKU0021,85,WH_A
2025-01-20,SKU0022,112,WH_C
2025-01-20,SKU0023,79,WH_C
2025-01-20,SKU0024,85,WH_C
2025-01-20,SKU0025,35,WH_B
2025-01-20,SKU0026,93,WH_C
2025-01-20,SKU0027,0,WH_A
2025-01-20,SKU0028,4,WH_A
2025-01-20,SKU0029,67,WH_A
2025-01-20,SKU0030,65,WH_B
2025-01-20,SKU0031,63,WH_C
2025-01-20,SKU0032,43,WH_B
2025-01-20,SKU0033,80,WH_B
2025-01-20,SKU0034,131,WH_B
2025-01-20,SKU0035,116,WH_B
2025-01-20,SKU0036,34,WH_A
2025-01-20,SKU0037,101,WH_A
2025-01-20,SKU0038,10,WH_C
2025-01-20,SKU0039,30,WH_A
2025-01-20,SKU0040,103,WH_B
2025-01-20,SKU0041,42,WH_B
2025-01-20,SKU0042,27,WH_A
2025-01-20,SKU0043,49,WH_C
2025-01-20,SKU0044,93,WH_B
2025-01-20,SKU0045,52,WH_A
2025-01-20,SKU0046,71,WH_C
2025-01-20,SKU0047,29,WH_B
2025-01-20,SKU0048,20,WH_B
2025-01-20,SKU0049,117,WH_A
2025-01-20,SKU0050,58,WH_C
2025-01-20,SKU0051,65,WH_C
2025-01-20,SKU0052,53,WH_A
2025-01-20,SKU0053,9,WH_A
2025-01-20,SKU0054,76,WH_A
2025-01-20,SKU0055,81,WH_A
2025-01-20,SKU0056,7,WH_A
2025-01-20,SKU0057,120,WH_C
2025-01-20,SKU0058,0,WH_B
2025-01-20,SKU0059,107,WH_B
2025-01-20,SKU0060,80,WH_A
2025-01-20,SKU0061,33,WH_C
2025-01-20,SKU0062,7,WH_A
2025-01-20,SKU0063,90,WH_A
2025-01-20,SKU0064,76,WH_C
2025-01-20,SKU0065,23,WH_B
2025-01-20,SKU0066,11,WH_C
2025-01-20,SKU0067,0,WH_B
2025-01-20,SKU0068,13,WH_A
2025-01-20,SKU0069,107,WH_A
2025-01-20,SKU0070,125,WH_A
2025-01-20,SKU0071,21,WH_B
2025-01-20,SKU0072,104,WH_A
2025-01-20,SKU0073,110,WH_A
2025-01-20,SKU0074,98,WH_A
2025-01-20,SKU0075,24,WH_A
2025-01-20,SKU0076,106,WH_A
2025-01-20,SKU0077,112,WH_C
2025-01-20,SKU0078,111,WH_A
2025-01-20,SKU0079,25,WH_A
2025-01-20,SKU0080,86,WH_C
2025-01-21,SKU0001,33,WH_C
2025-01-21,SKU0002,30,WH_C
2025-01-21,SKU0003,69,WH_A
2025-01-21,SKU0004,77,WH_B
2025-01-21,SKU0005,52,WH_A
2025-01-21,SKU0006,64,WH_A
2025-01-21,SKU0007,83,WH_B
2025-01-21,SKU0008,54,WH_C
2025-01-21,SKU0009,0,WH_A
2025-01-21,SKU0010,50,WH_A
2025-01-21,SKU0011,38,WH_C
2025-01-21,SKU0012,62,WH_A
2025-01-21,SKU0013,107,WH_C
2025-01-21,SKU0014,91,WH_C
2025-01-21,SKU0015,84,WH_B
2025-01-21,SKU0016,0,WH_B
2025-01-21,SKU0017,40,WH_C
2025-01-21,SKU0018,17,WH_B
2025-01-21,SKU0019,115,WH_B
2025-01-21,SKU0020,83,WH_C
2025-01-21,SKU0021,49,WH_A
2025-01-21,SKU0022,115,WH_B
2025-01-21,SKU0023,113,WH_C
2025-01-21,SKU0024,60,WH_A
2025-01-21,SKU0025,35,WH_C
2025-01-21,SKU0026,14,WH_C
2025-01-21,SKU0027,56,WH_C
2025-01-21,SKU0028,95,WH_A
2025-01-21,SKU0029,43,WH_B
2025-01-21,SKU0030,93,WH_C
2025-01-21,SKU0031,44,WH_A
2025-01-21,SKU0032,58,WH_A
2025-01-21,SKU0033,112,WH_B
2025-01-21,SKU0034,82,WH_A
2025-01-21,SKU0035,58,WH_C
2025-01-21,SKU0036,54,WH_C
2025-01-21,SKU0037,39,WH_A
2025-01-21,SKU0038,42,WH_C
2025-01-21,SKU0039,8,WH_C
2025-01-21,SKU0040,14,WH_A
2025-01-21,SKU0041,39,WH_A
2025-01-21,SKU0042,52,WH_C
2025-01-21,SKU0043,91,WH_B
2025-01-21,SKU0044,97,WH_A
2025-01-21,SKU0045,100,WH_B
2025-01-21,SKU0046,48,WH_A
2025-01-21,SKU0047,106,WH_C
2025-01-21,SKU0048,88,WH_C
2025-01-21,SKU0049,60,WH_C
2025-01-21,SKU0050,76,WH_C
2025-01-21,SKU0051,7,WH_A
2025-01-21,SKU0052,28,WH_C
2025-01-21,SKU0053,29,WH_B
2025-01-21,SKU0054,36,WH_B
2025-01-21,SKU0055,63,WH_A
2025-01-21,SKU0056,44,WH_B
2025-01-21,SKU0057,21,WH_A
2025-01-21,SKU0058,91,WH_C
2025-01-21,SKU0059,13,WH_A
2025-01-21,SKU0060,9,WH_C
2025-01-21,SKU0061,80,WH_C
2025-01-21,SKU0062,0,WH_B
2025-01-21,SKU0063,8,WH_A
2025-01-21,SKU0064,60,WH_A
2025-01-21,SKU0065,101,WH_B
2025-01-21,SKU0066,81,WH_A
2025-01-21,SKU0067,64,WH_C
2025-01-21,SKU0068,70,WH_A
2025-01-21,SKU0069,53,WH_C
2025-01-21,SKU0070,12,WH_B
2025-01-21,SKU0071,116,WH_B
2025-01-21,SKU0072,60,WH_B
2025-01-21,SKU0073,23,WH_A
2025-01-21,SKU0074,35,WH_B
2025-01-21,SKU0075,39,WH_C
2025-01-21,SKU0076,10,WH_C
2025-01-21,SKU0077,0,WH_B
2025-01-21,SKU0078,66,WH_C
2025-01-21,SKU0079,48,WH_A
2025-01-21,SKU0080,99,WH_A
2025-01-22,SKU0001,72,WH_B
2025-01-22,SKU0002,0,WH_B
2025-01-22,SKU0003,39,WH_A
2025-01-22,SKU0004,73,WH_C
2025-01-22,SKU0005,97,WH_B
2025-01-22,SKU0006,28,WH_B
2025-01-22,SKU0007,75,WH_C
2025-01-22,SKU0008,19,WH_B
2025-01-22,SKU0009,92,WH_B
2025-01-22,SKU0010,41,WH_C
2025-01-22,SKU0011,83,WH_C
2025-01-22,SKU0012,54,WH_B
2025-01-22,SKU0013,102,WH_C
2025-01-22,SKU0014,79,WH_A
2025-01-22,SKU0015,62,WH_B
2025-01-22,SKU0016,14,WH_C
2025-01-22,SKU0017,121,WH_C
2025-01-22,SKU0018,38,WH_A
2025-01-22,SKU0019,85,WH_A
2025-01-22,SKU0020,99,WH_B
2025-01-22,SKU0021,74,WH_A
2025-01-22,SKU0022,0,WH_A
2025-01-22,SKU0023,104,WH_B
2025-01-22,SKU0024,66,WH_B
2025-01-22,SKU0025,14,WH_B
2025-01-22,SKU0026,26,WH_C
2025-01-22,SKU0027,0,WH_B
2025-01-22,SKU0028,106,WH_B
2025-01-22,SKU0029,32,WH_A
2025-01-22,SKU0030,103,WH_B
2025-01-22,SKU0031,89,WH_B
2025-01-22,SKU0032,13,WH_A
2025-01-22,SKU0033,60,WH_B
2025-01-22,SKU0034,34,WH_C
2025-01-22,SKU0035,15,WH_B
2025-01-22,SKU0036,14,WH_A
2025-01-22,SKU0037,32,WH_A
2025-01-22,SKU0038,34,WH_B
2025-01-22,SKU0039,108,WH_C
2025-01-22,SKU0040,30,WH_A
2025-01-22,SKU0041,96,WH_C
2025-01-22,SKU0042,107,WH_C
2025-01-22,SKU0043,82,WH_C
2025-01-22,SKU0044,54,WH_A
2025-01-22,SKU0045,41,WH_A
2025-01-22,SKU0046,0,WH_B
2025-01-22,SKU0047,48,WH_C
2025-01-22,SKU0048,46,WH_A
2025-01-22,SKU0049,37,WH_B
2025-01-22,SKU0050,102,WH_C
2025-01-22,SKU0051,40,WH_B
2025-01-22,SKU0052,41,WH_A
2025-01-22,SKU0053,66,WH_A
2025-01-22,SKU0054,16,WH_C
2025-01-22,SKU0055,95,WH_C
2025-01-22,SKU0056,65,WH_C
2025-01-22,SKU0057,18,WH_A
2025-01-22,SKU0058,83,WH_A
2025-01-22,SKU0059,47,WH_C
2025-01-22,SKU0060,100,WH_C
2025-01-22,SKU0061,86,WH_B
2025-01-22,SKU0062,37,WH_A
2025-01-22,SKU0063,77,WH_A
2025-01-22,SKU0064,124,WH_B
2025-01-22,SKU0065,46,WH_B
2025-01-22,SKU0066,104,WH_B
2025-01-22,SKU0067,33,WH_A
2025-01-22,SKU0068,60,WH_B
2025-01-22,SKU0069,23,WH_C
2025-01-22,SKU0070,69,WH_B
2025-01-22,SKU0071,33,WH_C
2025-01-22,SKU0072,83,WH_C
2025-01-22,SKU0073,36,WH_C
2025-01-22,SKU0074,31,WH_B
2025-01-22,SKU0075,37,WH_C
2025-01-22,SKU0076,87,WH_B
2025-01-22,SKU0077,58,WH_B
2025-01-22,SKU0078,78,WH_A
2025-01-22,SKU0079,33,WH_B
2025-01-22,SKU0080,71,WH_C
2025-01-23,SKU0001,13,WH_A
2025-01-23,SKU0002,10,WH_A
2025-01-23,SKU0003,58,WH_B
2025-01-23,SKU0004,103,WH_B
2025-01-23,SKU0005,77,WH_B
2025-01-23,SKU0006,25,WH_C
2025-01-23,SKU0007,40,WH_A
2025-01-23,SKU0008,49,WH_A
2025-01-23,SKU0009,30,WH_A
2025-01-23,SKU0010,117,WH_C
2025-01-23,SKU0011,53,WH_A
2025-01-23,SKU0012,31,WH_B
2025-01-23,SKU0013,75,WH_B
2025-01-23,SKU0014,54,WH_A
2025-01-23,SKU0015,107,WH_A
2025-01-23,SKU0016,25,WH_C
2025-01-23,SKU0017,20,WH_A
2025-01-23,SKU0018,21,WH_B
2025-01-23,SKU0019,59,WH_B
2025-01-23,SKU0020,26,WH_A
2025-01-23,SKU0021,54,WH_B
2025-01-23,SKU0022,100,WH_B
2025-01-23,SKU0023,91,WH_A
2025-01-23,SKU0024,43,WH_C
2025-01-23,SKU0025,37,WH_B
2025-01-23,SKU0026,65,WH_B
2025-01-23,SKU0027,0,WH_A
2025-01-23,SKU0028,23,WH_A
2025-01-23,SKU0029,86,WH_C
2025-01-23,SKU0030,101,WH_A
2025-01-23,SKU0031,52,WH_C
2025-01-23,SKU0032,81,WH_C
2025-01-23,SKU0033,66,WH_B
2025-01-23,SKU0034,51,WH_B
2025-01-23,SKU0035,71,WH_C
2025-01-23,SKU0036,75,WH_B
2025-01-23,SKU0037,90,WH_B
2025-01-23,SKU0038,110,WH_A
2025-01-23,SKU0039,24,WH_B
2025-01-23,SKU0040,52,WH_C
2025-01-23,SKU0041,29,WH_C
2025-01-23,SKU0042,48,WH_A
2025-01-23,SKU0043,0,WH_C
2025-01-23,SKU0044,10,WH_B
2025-01-23,SKU0045,86,WH_C
2025-01-23,SKU0046,70,WH_A
2025-01-23,SKU0047,39,WH_A
2025-01-23,SKU0048,94,WH_B
2025-01-23,SKU0049,40,WH_A
2025-01-23,SKU0050,24,WH_A
2025-01-23,SKU0051,43,WH_C
2025-01-23,SKU0052,76,WH_A
2025-01-23,SKU0053,77,WH_A
2025-01-23,SKU0054,57,WH_C
2025-01-23,SKU0055,48,WH_C
2025-01-23,SKU0056,18,WH_B
2025-01-23,SKU0057,98,WH_B
2025-01-23,SKU0058,6,WH_B
2025-01-23,SKU0059,10,WH_A
2025-01-23,SKU0060,103,WH_B
2025-01-23,SKU0061,96,WH_B
2025-01-23,SKU0062,0,WH_B
2025-01-23,SKU0063,35,WH_B
2025-01-23,SKU0064,94,WH_B
2025-01-23,SKU0065,100,WH_C
2025-01-23,SKU0066,54,WH_A
2025-01-23,SKU0067,4,WH_A
2025-01-23,SKU0068,110,WH_B
2025-01-23,SKU0069,54,WH_C
2025-01-23,SKU0070,16,WH_C
2025-01-23,SKU0071,10,WH_A
2025-01-23,SKU0072,78,WH_C
2025-01-23,SKU0073,76,WH_B
2025-01-23,SKU0074,72,WH_C
2025-01-23,SKU0075,86,WH_C
2025-01-23,SKU0076,37,WH_A
2025-01-23,SKU0077,15,WH_B
2025-01-23,SKU0078,30,WH_C
2025-01-23,SKU0079,16,WH_A
2025-01-23,SKU0080,19,WH_B
2025-01-24,SKU0001,51,WH_A
2025-01-24,SKU0002,70,WH_C
2025-01-24,SKU0003,17,WH_B
2025-01-24,SKU0004,51,WH_A
2025-01-24,SKU0005,77,WH_C
2025-01-24,SKU0006,22,WH_C
2025-01-24,SKU0007,53,WH_C
2025-01-24,SKU0008,113,WH_B
2025-01-24,SKU0009,82,WH_C
2025-01-24,SKU0010,53,WH_B
2025-01-24,SKU0011,17,WH_A
2025-01-24,SKU0012,46,WH_A
2025-01-24,SKU0013,56,WH_C
2025-01-24,SKU0014,51,WH_B
2025-01-24,SKU0015,83,WH_A
2025-01-24,SKU0016,22,WH_C
2025-01-24,SKU0017,23,WH_A
2025-01-24,SKU0018,21,WH_A
2025-01-24,SKU0019,0,WH_A
2025-01-24,SKU0020,105,WH_A
2025-01-24,SKU0021,46,WH_A
2025-01-24,SKU0022,9,WH_C
2025-01-24,SKU0023,119,WH_C
2025-01-24,SKU0024,17,WH_C
2025-01-24,SKU0025,79,WH_B
2025-01-24,SKU0026,6,WH_A
2025-01-24,SKU0027,60,WH_A
2025-01-24,SKU0028,17,WH_C
2025-01-24,SKU0029,106,WH_B
2025-01-24,SKU0030,38,WH_A
2025-01-24,SKU0031,95,WH_A
2025-01-24,SKU0032,87,WH_B
2025-01-24,SKU0033,31,WH_C
2025-01-24,SKU0034,121,WH_B
2025-01-24,SKU0035,40,WH_C
2025-01-24,SKU0036,34,WH_A
2025-01-24,SKU0037,119,WH_A
2025-01-24,SKU0038,34,WH_B
2025-01-24,SKU0039,13,WH_C
2025-01-24,SKU0040,14,WH_B
2025-01-24,SKU0041,54,WH_A
2025-01-24,SKU0042,104,WH_B
2025-01-24,SKU0043,81,WH_C
2025-01-24,SKU0044,88,WH_A
2025-01-24,SKU0045,57,WH_B
2025-01-24,SKU0046,122,WH_B
2025-01-24,SKU0047,122,WH_C
2025-01-24,SKU0048,17,WH_A
2025-01-24,SKU0049,103,WH_A
2025-01-24,SKU0050,75,WH_C
2025-01-24,SKU0051,46,WH_B
2025-01-24,SKU0052,52,WH_A
2025-01-24,SKU0053,21,WH_A
2025-01-24,SKU0054,37,WH_A
2025-01-24,SKU0055,69,WH_C
2025-01-24,SKU0056,51,WH_C
2025-01-24,SKU0057,45,WH_C
2025-01-24,SKU0058,96,WH_A
2025-01-24,SKU0059,73,WH_C
2025-01-24,SKU0060,101,WH_C
2025-01-24,SKU0061,73,WH_B
2025-01-24,SKU0062,89,WH_A
2025-01-24,SKU0063,113,WH_A
2025-01-24,SKU0064,36,WH_B
2025-01-24,SKU0065,105,WH_C
2025-01-24,SKU0066,20,WH_A
2025-01-24,SKU0067,119,WH_C
2025-01-24,SKU0068,84,WH_C
2025-01-24,SKU0069,96,WH_A
2025-01-24,SKU0070,97,WH_A
2025-01-24,SKU0071,32,WH_B
2025-01-24,SKU0072,53,WH_C
2025-01-24,SKU0073,113,WH_B
2025-01-24,SKU0074,27,WH_A
2025-01-24,SKU0075,19,WH_B
2025-01-24,SKU0076,49,WH_A
2025-01-24,SKU0077,31,WH_B
2025-01-24,SKU0078,78,WH_A
2025-01-24,SKU0079,109,WH_C
2025-01-24,SKU0080,65,WH_C
2025-01-25,SKU0001,77,WH_B
2025-01-25,SKU0002,80,WH_A
2025-01-25,SKU0003,44,WH_A
2025-01-25,SKU0004,48,WH_C
2025-01-25,SKU0005,116,WH_A
2025-01-25,SKU0006,76,WH_B
2025-01-25,SKU0007,75,WH_A
2025-01-25,SKU0008,81,WH_B
2025-01-25,SKU0009,112,WH_B
2025-01-25,SKU0010,53,WH_B
2025-01-25,SKU0011,107,WH_B
2025-01-25,SKU0012,110,WH_B
2025-01-25,SKU0013,57,WH_C
2025-01-25,SKU0014,23,WH_A
2025-01-25,SKU0015,93,WH_B
2025-01-25,SKU0016,60,WH_C
2025-01-25,SKU0017,84,WH_B
2025-01-25,SKU0018,106,WH_C
2025-01-25,SKU0019,27,WH_A
2025-01-25,SKU0020,35,WH_A
2025-01-25,SKU0021,22,WH_C
2025-01-25,SKU0022,89,WH_C
2025-01-25,SKU0023,97,WH_B
2025-01-25,SKU0024,24,WH_C
2025-01-25,SKU0025,85,WH_A
2025-01-25,SKU0026,44,WH_B
2025-01-25,SKU0027,59,WH_B
2025-01-25,SKU0028,0,WH_C
2025-01-25,SKU0029,105,WH_A
2025-01-25,SKU0030,87,WH_A
2025-01-25,SKU0031,11,WH_B
2025-01-25,SKU0032,102,WH_B
2025-01-25,SKU0033,83,WH_C
2025-01-25,SKU0034,73,WH_A
2025-01-25,SKU0035,18,WH_A
2025-01-25,SKU0036,27,WH_B
2025-01-25,SKU0037,115,WH_B
2025-01-25,SKU0038,53,WH_C
2025-01-25,SKU0039,82,WH_C
2025-01-25,SKU0040,66,WH_B
2025-01-25,SKU0041,110,WH_C
2025-01-25,SKU0042,87,WH_A
2025-01-25,SKU0043,35,WH_C
2025-01-25,SKU0044,91,WH_C
2025-01-25,SKU0045,126,WH_C
2025-01-25,SKU0046,64,WH_C
2025-01-25,SKU0047,88,WH_C
2025-01-25,SKU0048,33,WH_A
2025-01-25,SKU0049,112,WH_B
2025-01-25,SKU0050,3,WH_C
2025-01-25,SKU0051,60,WH_C
2025-01-25,SKU0052,94,WH_B
2025-01-25,SKU0053,40,WH_B
2025-01-25,SKU0054,40,WH_C
2025-01-25,SKU0055,16,WH_C
2025-01-25,SKU0056,66,WH_B
2025-01-25,SKU0057,86,WH_C
2025-01-25,SKU0058,0,WH_C
2025-01-25,SKU0059,63,WH_A
2025-01-25,SKU0060,24,WH_C
2025-01-25,SKU0061,95,WH_C
2025-01-25,SKU0062,94,WH_A
2025-01-25,SKU0063,61,WH_B
2025-01-25,SKU0064,9,WH_B
2025-01-25,SKU0065,68,WH_C
2025-01-25,SKU0066,13,WH_C
2025-01-25,SKU0067,123,WH_A
2025-01-25,SKU0068,103,WH_C
2025-01-25,SKU0069,95,WH_B
2025-01-25,SKU0070,3,WH_A
2025-01-25,SKU0071,83,WH_C
2025-01-25,SKU0072,35,WH_A
2025-01-25,SKU0073,33,WH_A
2025-01-25,SKU0074,79,WH_A
2025-01-25,SKU0075,100,WH_B
2025-01-25,SKU0076,39,WH_A
2025-01-25,SKU0077,86,WH_A
2025-01-25,SKU0078,108,WH_A
2025-01-25,SKU0079,11,WH_A
2025-01-25,SKU0080,104,WH_A
2025-01-26,SKU0001,40,WH_B
2025-01-26,SKU0002,83,WH_B
2025-01-26,SKU0003,60,WH_A
2025-01-26,SKU0004,74,WH_B
2025-01-26,SKU0005,85,WH_B
2025-01-26,SKU0006,31,WH_C
2025-01-26,SKU0007,44,WH_C
2025-01-26,SKU0008,0,WH_B
2025-01-26,SKU0009,100,WH_B
2025-01-26,SKU0010,28,WH_A
2025-01-26,SKU0011,51,WH_B
2025-01-26,SKU0012,106,WH_C
2025-01-26,SKU0013,3,WH_B
2025-01-26,SKU0014,102,WH_B
2025-01-26,SKU0015,35,WH_C
2025-01-26,SKU0016,53,WH_A
2025-01-26,SKU0017,32,WH_B
2025-01-26,SKU0018,66,WH_B
2025-01-26,SKU0019,117,WH_B
2025-01-26,SKU0020,19,WH_A
2025-01-26,SKU0021,0,WH_A
2025-01-26,SKU0022,111,WH_A
2025-01-26,SKU0023,0,WH_A
2025-01-26,SKU0024,63,WH_C
2025-01-26,SKU0025,61,WH_A
2025-01-26,SKU0026,3,WH_A
2025-01-26,SKU0027,15,WH_A
2025-01-26,SKU0028,4,WH_A
2025-01-26,SKU0029,61,WH_C
2025-01-26,SKU0030,15,WH_A
2025-01-26,SKU0031,79,WH_B
2025-01-26,SKU0032,102,WH_A
2025-01-26,SKU0033,118,WH_A
2025-01-26,SKU0034,9,WH_A
2025-01-26,SKU0035,49,WH_C
2025-01-26,SKU0036,123,WH_C
2025-01-26,SKU0037,0,WH_B
2025-01-26,SKU0038,31,WH_C
2025-01-26,SKU0039,91,WH_A
2025-01-26,SKU0040,58,WH_C
2025-01-26,SKU0041,111,WH_A
2025-01-26,SKU0042,123,WH_C
2025-01-26,SKU0043,42,WH_A
2025-01-26,SKU0044,121,WH_C
2025-01-26,SKU0045,89,WH_C
2025-01-26,SKU0046,28,WH_C
2025-01-26,SKU0047,55,WH_B
2025-01-26,SKU0048,26,WH_C
2025-01-26,SKU0049,71,WH_C
2025-01-26,SKU0050,79,WH_B
2025-01-26,SKU0051,29,WH_C
2025-01-26,SKU0052,107,WH_C
2025-01-26,SKU0053,87,WH_C
2025-01-26,SKU0054,102,WH_C
2025-01-26,SKU0055,40,WH_A
2025-01-26,SKU0056,29,WH_C
2025-01-26,SKU0057,79,WH_B
2025-01-26,SKU0058,106,WH_C
2025-01-26,SKU0059,39,WH_C
2025-01-26,SKU0060,107,WH_A
2025-01-26,SKU0061,42,WH_A
2025-01-26,SKU0062,67,WH_A
2025-01-26,SKU0063,104,WH_A
2025-01-26,SKU0064,110,WH_C
2025-01-26,SKU0065,83,WH_A
2025-01-26,SKU0066,0,WH_C
2025-01-26,SKU0067,0,WH_B
2025-01-26,SKU0068,102,WH_C
2025-01-26,SKU0069,0,WH_C
2025-01-26,SKU0070,26,WH_B
2025-01-26,SKU0071,63,WH_B
2025-01-26,SKU0072,94,WH_C
2025-01-26,SKU0073,0,WH_A
2025-01-26,SKU0074,34,WH_B
2025-01-26,SKU0075,1,WH_A
2025-01-26,SKU0076,70,WH_A
2025-01-26,SKU0077,12,WH_C
2025-01-26,SKU0078,86,WH_B
2025-01-26,SKU0079,106,WH_A
2025-01-26,SKU0080,39,WH_A
2025-01-27,SKU0001,103,WH_C
2025-01-27,SKU0002,56,WH_A
2025-01-27,SKU0003,74,WH_C
2025-01-27,SKU0004,104,WH_B
2025-01-27,SKU0005,48,WH_B
2025-01-27,SKU0006,111,WH_B
2025-01-27,SKU0007,48,WH_C
2025-01-27,SKU0008,72,WH_C
2025-01-27,SKU0009,101,WH_A
2025-01-27,SKU0010,63,WH_B
2025-01-27,SKU0011,96,WH_C
2025-01-27,SKU0012,39,WH_B
2025-01-27,SKU0013,52,WH_A
2025-01-27,SKU0014,73,WH_A
2025-01-27,SKU0015,22,WH_A
2025-01-27,SKU0016,131,WH_B
2025-01-27,SKU0017,126,WH_A
2025-01-27,SKU0018,19,WH_A
2025-01-27,SKU0019,83,WH_B
2025-01-27,SKU0020,46,WH_B
2025-01-27,SKU0021,24,WH_A
2025-01-27,SKU0022,44,WH_C
2025-01-27,SKU0023,117,WH_C
2025-01-27,SKU0024,64,WH_C
2025-01-27,SKU0025,0,WH_B
2025-01-27,SKU0026,45,WH_C
2025-01-27,SKU0027,36,WH_C
2025-01-27,SKU0028,92,WH_B
2025-01-27,SKU0029,39,WH_C
2025-01-27,SKU0030,7,WH_A
2025-01-27,SKU0031,16,WH_A
2025-01-27,SKU0032,6,WH_C
2025-01-27,SKU0033,99,WH_C
2025-01-27,SKU0034,103,WH_A
2025-01-27,SKU0035,15,WH_A
2025-01-27,SKU0036,66,WH_A
2025-01-27,SKU0037,19,WH_C
2025-01-27,SKU0038,15,WH_C
2025-01-27,SKU0039,55,WH_B
2025-01-27,SKU0040,52,WH_C
2025-01-27,SKU0041,98,WH_C
2025-01-27,SKU0042,91,WH_A
2025-01-27,SKU0043,0,WH_A
2025-01-27,SKU0044,94,WH_A
2025-01-27,SKU0045,78,WH_B
2025-01-27,SKU0046,14,WH_C
2025-01-27,SKU0047,28,WH_A
2025-01-27,SKU0048,43,WH_B
2025-01-27,SKU0049,97,WH_C
2025-01-27,SKU0050,34,WH_A
2025-01-27,SKU0051,52,WH_B
2025-01-27,SKU0052,120,WH_A
2025-01-27,SKU0053,80,WH_C
2025-01-27,SKU0054,73,WH_B
2025-01-27,SKU0055,43,WH_C
2025-01-27,SKU0056,11,WH_A
2025-01-27,SKU0057,76,WH_A
2025-01-27,SKU0058,26,WH_C
2025-01-27,SKU0059,62,WH_A
2025-01-27,SKU0060,89,WH_A
2025-01-27,SKU0061,120,WH_A
2025-01-27,SKU0062,47,WH_A
2025-01-27,SKU0063,84,WH_A
2025-01-27,SKU0064,15,WH_A
2025-01-27,SKU0065,79,WH_A
2025-01-27,SKU0066,34,WH_A
2025-01-27,SKU0067,60,WH_A
2025-01-27,SKU0068,32,WH_C
2025-01-27,SKU0069,15,WH_B
2025-01-27,SKU0070,104,WH_A
2025-01-27,SKU0071,46,WH_B
2025-01-27,SKU0072,65,WH_A
2025-01-27,SKU0073,71,WH_A
2025-01-27,SKU0074,69,WH_B
2025-01-27,SKU0075,22,WH_A
2025-01-27,SKU0076,23,WH_C
2025-01-27,SKU0077,0,WH_C
2025-01-27,SKU0078,110,WH_A
2025-01-27,SKU0079,92,WH_C
2025-01-27,SKU0080,49,WH_B
2025-01-28,SKU0001,26,WH_C
2025-01-28,SKU0002,81,WH_A
2025-01-28,SKU0003,0,WH_B
2025-01-28,SKU0004,52,WH_B
2025-01-28,SKU0005,35,WH_A
2025-01-28,SKU0006,13,WH_A
2025-01-28,SKU0007,68,WH_B
2025-01-28,SKU0008,117,WH_C
2025-01-28,SKU0009,60,WH_C
2025-01-28,SKU0010,106,WH_C
2025-01-28,SKU0011,22,WH_B
2025-01-28,SKU0012,103,WH_C
2025-01-28,SKU0013,35,WH_A
2025-01-28,SKU0014,81,WH_B
2025-01-28,SKU0015,71,WH_B
2025-01-28,SKU0016,69,WH_C
2025-01-28,SKU0017,72,WH_B
2025-01-28,SKU0018,81,WH_B
2025-01-28,SKU0019,35,WH_A
2025-01-28,SKU0020,100,WH_A
2025-01-28,SKU0021,24,WH_C
2025-01-28,SKU0022,69,WH_C
2025-01-28,SKU0023,25,WH_A
2025-01-28,SKU0024,0,WH_B
2025-01-28,SKU0025,42,WH_C
2025-01-28,SKU0026,117,WH_C
2025-01-28,SKU0027,67,WH_C
2025-01-28,SKU0028,0,WH_B
2025-01-28,SKU0029,21,WH_C
2025-01-28,SKU0030,17,WH_B
2025-01-28,SKU0031,5,WH_A
2025-01-28,SKU0032,97,WH_A
2025-01-28,SKU0033,7,WH_C
2025-01-28,SKU0034,87,WH_B
2025-01-28,SKU0035,46,WH_C
2025-01-28,SKU0036,100,WH_B
2025-01-28,SKU0037,125,WH_A
2025-01-28,SKU0038,108,WH_A
2025-01-28,SKU0039,109,WH_A
2025-01-28,SKU0040,14,WH_A
2025-01-28,SKU0041,99,WH_C
2025-01-28,SKU0042,106,WH_B
2025-01-28,SKU0043,55,WH_A
2025-01-28,SKU0044,96,WH_C
2025-01-28,SKU0045,104,WH_A
2025-01-28,SKU0046,92,WH_B
2025-01-28,SKU0047,80,WH_C
2025-01-28,SKU0048,68,WH_C
2025-01-28,SKU0049,7,WH_B
2025-01-28,SKU0050,33,WH_B
2025-01-28,SKU0051,68,WH_C
2025-01-28,SKU0052,128,WH_C
2025-01-28,SKU0053,13,WH_A
2025-01-28,SKU0054,25,WH_B
2025-01-28,SKU0055,49,WH_C
2025-01-28,SKU0056,67,WH_B
2025-01-28,SKU0057,85,WH_B
2025-01-28,SKU0058,34,WH_A
2025-01-28,SKU0059,0,WH_B
2025-01-28,SKU0060,0,WH_C
2025-01-28,SKU0061,84,WH_C
2025-01-28,SKU0062,56,WH_A
2025-01-28,SKU0063,36,WH_B
2025-01-28,SKU0064,41,WH_B
2025-01-28,SKU0065,70,WH_C
2025-01-28,SKU0066,112,WH_A
2025-01-28,SKU0067,108,WH_B
2025-01-28,SKU0068,0,WH_A
2025-01-28,SKU0069,52,WH_B
2025-01-28,SKU0070,40,WH_B
2025-01-28,SKU0071,62,WH_A
2025-01-28,SKU0072,45,WH_A
2025-01-28,SKU0073,40,WH_B
2025-01-28,SKU0074,0,WH_B
2025-01-28,SKU0075,13,WH_B
2025-01-28,SKU0076,114,WH_B
2025-01-28,SKU0077,11,WH_B
2025-01-28,SKU0078,0,WH_C
2025-01-28,SKU0079,35,WH_C
2025-01-28,SKU0080,55,WH_A
2025-01-29,SKU0001,52,WH_A
2025-01-29,SKU0002,66,WH_B
2025-01-29,SKU0003,120,WH_B
2025-01-29,SKU0004,61,WH_A
2025-01-29,SKU0005,43,WH_C
2025-01-29,SKU0006,108,WH_A
2025-01-29,SKU0007,112,WH_B
2025-01-29,SKU0008,35,WH_A
2025-01-29,SKU0009,51,WH_A
2025-01-29,SKU0010,38,WH_C
2025-01-29,SKU0011,7,WH_A
2025-01-29,SKU0012,54,WH_A
2025-01-29,SKU0013,85,WH_B
2025-01-29,SKU0014,26,WH_C
2025-01-29,SKU0015,41,WH_B
2025-01-29,SKU0016,57,WH_B
2025-01-29,SKU0017,40,WH_B
2025-01-29,SKU0018,51,WH_C
2025-01-29,SKU0019,94,WH_C
2025-01-29,SKU0020,82,WH_C
2025-01-29,SKU0021,52,WH_C
2025-01-29,SKU0022,0,WH_A
2025-01-29,SKU0023,111,WH_A
2025-01-29,SKU0024,63,WH_A
2025-01-29,SKU0025,113,WH_C
2025-01-29,SKU0026,67,WH_A
2025-01-29,SKU0027,95,WH_A
2025-01-29,SKU0028,73,WH_C
2025-01-29,SKU0029,48,WH_A
2025-01-29,SKU0030,57,WH_A
2025-01-29,SKU0031,39,WH_B
2025-01-29,SKU0032,128,WH_C
2025-01-29,SKU0033,106,WH_C
2025-01-29,SKU0034,92,WH_B
2025-01-29,SKU0035,35,WH_A
2025-01-29,SKU0036,12,WH_A
2025-01-29,SKU0037,108,WH_B
2025-01-29,SKU0038,71,WH_A
2025-01-29,SKU0039,16,WH_A
2025-01-29,SKU0040,80,WH_B
2025-01-29,SKU0041,101,WH_C
2025-01-29,SKU0042,76,WH_A
2025-01-29,SKU0043,77,WH_B
2025-01-29,SKU0044,68,WH_C
2025-01-29,SKU0045,68,WH_A
2025-01-29,SKU0046,45,WH_C
2025-01-29,SKU0047,28,WH_C
2025-01-29,SKU0048,95,WH_B
2025-01-29,SKU0049,40,WH_C
2025-01-29,SKU0050,52,WH_B
2025-01-29,SKU0051,87,WH_C
2025-01-29,SKU0052,32,WH_C
2025-01-29,SKU0053,107,WH_C
2025-01-29,SKU0054,40,WH_A
2025-01-29,SKU0055,109,WH_B
2025-01-29,SKU0056,116,WH_B
2025-01-29,SKU0057,34,WH_B
2025-01-29,SKU0058,38,WH_C
2025-01-29,SKU0059,46,WH_B
2025-01-29,SKU0060,46,WH_A
2025-01-29,SKU0061,0,WH_B
2025-01-29,SKU0062,20,WH_B
2025-01-29,SKU0063,63,WH_B
2025-01-29,SKU0064,44,WH_C
2025-01-29,SKU0065,74,WH_A
2025-01-29,SKU0066,88,WH_A
2025-01-29,SKU0067,66,WH_B
2025-01-29,SKU0068,84,WH_C
2025-01-29,SKU0069,55,WH_A
2025-01-29,SKU0070,110,WH_B
2025-01-29,SKU0071,77,WH_B
2025-01-29,SKU0072,31,WH_B
2025-01-29,SKU0073,61,WH_B
2025-01-29,SKU0074,21,WH_B
2025-01-29,SKU0075,52,WH_C
2025-01-29,SKU0076,100,WH_C
2025-01-29,SKU0077,98,WH_C
2025-01-29,SKU0078,49,WH_C
2025-01-29,SKU0079,119,WH_B
2025-01-29,SKU0080,32,WH_C
2025-01-30,SKU0001,0,WH_A
2025-01-30,SKU0002,20,WH_C
2025-01-30,SKU0003,21,WH_C
2025-01-30,SKU0004,50,WH_C
2025-01-30,SKU0005,56,WH_A
2025-01-30,SKU0006,53,WH_B
2025-01-30,SKU0007,102,WH_A
2025-01-30,SKU0008,107,WH_B
2025-01-30,SKU0009,34,WH_B
2025-01-30,SKU0010,71,WH_B
2025-01-30,SKU0011,0,WH_A
2025-01-30,SKU0012,110,WH_A
2025-01-30,SKU0013,17,WH_B
2025-01-30,SKU0014,8,WH_B
2025-01-30,SKU0015,115,WH_A
2025-01-30,SKU0016,31,WH_C
2025-01-30,SKU0017,64,WH_B
2025-01-30,SKU0018,55,WH_B
2025-01-30,SKU0019,76,WH_A
2025-01-30,SKU0020,99,WH_A
2025-01-30,SKU0021,83,WH_C
2025-01-30,SKU0022,103,WH_A
2025-01-30,SKU0023,46,WH_A
2025-01-30,SKU0024,0,WH_B
2025-01-30,SKU0025,108,WH_A
2025-01-30,SKU0026,61,WH_B
2025-01-30,SKU0027,18,WH_C
2025-01-30,SKU0028,19,WH_B
2025-01-30,SKU0029,44,WH_A
2025-01-30,SKU0030,104,WH_A
2025-01-30,SKU0031,0,WH_C
2025-01-30,SKU0032,24,WH_B
2025-01-30,SKU0033,123,WH_C
2025-01-30,SKU0034,105,WH_C
2025-01-30,SKU0035,1,WH_C
2025-01-30,SKU0036,0,WH_A
2025-01-30,SKU0037,0,WH_A
2025-01-30,SKU0038,69,WH_A
2025-01-30,SKU0039,77,WH_A
2025-01-30,SKU0040,20,WH_C
2025-01-30,SKU0041,62,WH_B
2025-01-30,SKU0042,76,WH_B
2025-01-30,SKU0043,17,WH_A
2025-01-30,SKU0044,79,WH_A
2025-01-30,SKU0045,109,WH_B
2025-01-30,SKU0046,2,WH_B
2025-01-30,SKU0047,25,WH_A
2025-01-30,SKU0048,98,WH_C
2025-01-30,SKU0049,109,WH_C
2025-01-30,SKU0050,10,WH_A
2025-01-30,SKU0051,122,WH_A
2025-01-30,SKU0052,61,WH_C
2025-01-30,SKU0053,81,WH_C
2025-01-30,SKU0054,19,WH_B
2025-01-30,SKU0055,95,WH_C
2025-01-30,SKU0056,99,WH_B
2025-01-30,SKU0057,108,WH_B
2025-01-30,SKU0058,79,WH_B
2025-01-30,SKU0059,80,WH_A
2025-01-30,SKU0060,107,WH_A
2025-01-30,SKU0061,42,WH_A
2025-01-30,SKU0062,35,WH_C
2025-01-30,SKU0063,16,WH_A
2025-01-30,SKU0064,0,WH_A
2025-01-30,SKU0065,83,WH_B
2025-01-30,SKU0066,81,WH_B
2025-01-30,SKU0067,7,WH_A
2025-01-30,SKU0068,9,WH_C
2025-01-30,SKU0069,22,WH_A
2025-01-30,SKU0070,49,WH_A
2025-01-30,SKU0071,66,WH_C
2025-01-30,SKU0072,60,WH_B
2025-01-30,SKU0073,7,WH_B
2025-01-30,SKU0074,90,WH_C
2025-01-30,SKU0075,21,WH_B
2025-01-30,SKU0076,55,WH_A
2025-01-30,SKU0077,0,WH_A
2025-01-30,SKU0078,60,WH_B
2025-01-30,SKU0079,45,WH_C
2025-01-30,SKU0080,59,WH_C
2025-01-31,SKU0001,99,WH_B
2025-01-31,SKU0002,28,WH_B
2025-01-31,SKU0003,52,WH_C
2025-01-31,SKU0004,23,WH_C
2025-01-31,SKU0005,12,WH_B
2025-01-31,SKU0006,34,WH_A
2025-01-31,SKU0007,26,WH_B
2025-01-31,SKU0008,59,WH_C
2025-01-31,SKU0009,42,WH_B
2025-01-31,SKU0010,86,WH_C
2025-01-31,SKU0011,6,WH_C
2025-01-31,SKU0012,112,WH_B
2025-01-31,SKU0013,95,WH_A
2025-01-31,SKU0014,0,WH_B
2025-01-31,SKU0015,19,WH_C
2025-01-31,SKU0016,38,WH_C
2025-01-31,SKU0017,104,WH_C
2025-01-31,SKU0018,28,WH_A
2025-01-31,SKU0019,11,WH_A
2025-01-31,SKU0020,50,WH_C
2025-01-31,SKU0021,27,WH_A
2025-01-31,SKU0022,46,WH_C
2025-01-31,SKU0023,78,WH_A
2025-01-31,SKU0024,37,WH_C
2025-01-31,SKU0025,45,WH_C
2025-01-31,SKU0026,57,WH_C
2025-01-31,SKU0027,12,WH_A
2025-01-31,SKU0028,110,WH_B
2025-01-31,SKU0029,42,WH_B
2025-01-31,SKU0030,0,WH_A
2025-01-31,SKU0031,68,WH_C
2025-01-31,SKU0032,8,WH_A
2025-01-31,SKU0033,64,WH_C
2025-01-31,SKU0034,63,WH_A
2025-01-31,SKU0035,110,WH_C
2025-01-31,SKU0036,45,WH_A
2025-01-31,SKU0037,127,WH_A
2025-01-31,SKU0038,99,WH_B
2025-01-31,SKU0039,28,WH_A
2025-01-31,SKU0040,17,WH_A
2025-01-31,SKU0041,15,WH_C
2025-01-31,SKU0042,52,WH_C
2025-01-31,SKU0043,35,WH_A
2025-01-31,SKU0044,91,WH_C
2025-01-31,SKU0045,33,WH_B
2025-01-31,SKU0046,2,WH_C
2025-01-31,SKU0047,77,WH_C
2025-01-31,SKU0048,120,WH_B
2025-01-31,SKU0049,104,WH_A
2025-01-31,SKU0050,110,WH_B
2025-01-31,SKU0051,43,WH_C
2025-01-31,SKU0052,35,WH_C
2025-01-31,SKU0053,0,WH_A
2025-01-31,SKU0054,62,WH_B
2025-01-31,SKU0055,101,WH_A
2025-01-31,SKU0056,19,WH_B
2025-01-31,SKU0057,67,WH_B
2025-01-31,SKU0058,66,WH_A
2025-01-31,SKU0059,0,WH_A
2025-01-31,SKU0060,76,WH_A
2025-01-31,SKU0061,2,WH_B
2025-01-31,SKU0062,78,WH_B
2025-01-31,SKU0063,48,WH_A
2025-01-31,SKU0064,26,WH_C
2025-01-31,SKU0065,0,WH_C
2025-01-31,SKU0066,15,WH_B
2025-01-31,SKU0067,16,WH_A
2025-01-31,SKU0068,24,WH_A
2025-01-31,SKU0069,106,WH_C
2025-01-31,SKU0070,61,WH_C
2025-01-31,SKU0071,0,WH_A
2025-01-31,SKU0072,41,WH_B
2025-01-31,SKU0073,73,WH_C
2025-01-31,SKU0074,77,WH_B
2025-01-31,SKU0075,84,WH_C
2025-01-31,SKU0076,0,WH_C
2025-01-31,SKU0077,20,WH_B
2025-01-31,SKU0078,86,WH_C
2025-01-31,SKU0079,71,WH_B
2025-01-31,SKU0080,48,WH_B
2025-02-01,SKU0001,63,WH_A
2025-02-01,SKU0002,55,WH_B
2025-02-01,SKU0003,18,WH_B
2025-02-01,SKU0004,90,WH_B
2025-02-01,SKU0005,41,WH_C
2025-02-01,SKU0006,19,WH_A
2025-02-01,SKU0007,57,WH_A
2025-02-01,SKU0008,54,WH_A
2025-02-01,SKU0009,93,WH_A
2025-02-01,SKU0010,100,WH_C
2025-02-01,SKU0011,15,WH_A
2025-02-01,SKU0012,87,WH_A
2025-02-01,SKU0013,128,WH_A
2025-02-01,SKU0014,48,WH_C
2025-02-01,SKU0015,71,WH_C
2025-02-01,SKU0016,40,WH_A
2025-02-01,SKU0017,20,WH_C
2025-02-01,SKU0018,73,WH_A
2025-02-01,SKU0019,73,WH_B
2025-02-01,SKU0020,33,WH_A
2025-02-01,SKU0021,56,WH_C
2025-02-01,SKU0022,56,WH_B
2025-02-01,SKU0023,67,WH_A
2025-02-01,SKU0024,54,WH_C
2025-02-01,SKU0025,96,WH_A
2025-02-01,SKU0026,88,WH_A
2025-02-01,SKU0027,39,WH_B
2025-02-01,SKU0028,59,WH_B
2025-02-01,SKU0029,57,WH_A
2025-02-01,SKU0030,50,WH_B
2025-02-01,SKU0031,52,WH_A
2025-02-01,SKU0032,0,WH_A
2025-02-01,SKU0033,37,WH_A
2025-02-01,SKU0034,33,WH_C
2025-02-01,SKU0035,110,WH_C
2025-02-01,SKU0036,53,WH_C
2025-02-01,SKU0037,100,WH_B
2025-02-01,SKU0038,114,WH_C
2025-02-01,SKU0039,2,WH_B
2025-02-01,SKU0040,96,WH_C
2025-02-01,SKU0041,35,WH_A
2025-02-01,SKU0042,107,WH_A
2025-02-01,SKU0043,95,WH_B
2025-02-01,SKU0044,67,WH_C
2025-02-01,SKU0045,82,WH_A
2025-02-01,SKU0046,0,WH_C
2025-02-01,SKU0047,26,WH_B
2025-02-01,SKU0048,30,WH_B
2025-02-01,SKU0049,92,WH_C
2025-02-01,SKU0050,96,WH_A
2025-02-01,SKU0051,45,WH_C
2025-02-01,SKU0052,106,WH_B
2025-02-01,SKU0053,61,WH_A
2025-02-01,SKU0054,99,WH_B
2025-02-01,SKU0055,78,WH_C
2025-02-01,SKU0056,0,WH_C
2025-02-01,SKU0057,40,WH_C
2025-02-01,SKU0058,89,WH_C
2025-02-01,SKU0059,103,WH_A
2025-02-01,SKU0060,109,WH_C
2025-02-01,SKU0061,109,WH_C
2025-02-01,SKU0062,97,WH_A
2025-02-01,SKU0063,53,WH_B
2025-02-01,SKU0064,82,WH_B
2025-02-01,SKU0065,5,WH_B
2025-02-01,SKU0066,45,WH_A
2025-02-01,SKU0067,9,WH_A
2025-02-01,SKU0068,91,WH_C
2025-02-01,SKU0069,16,WH_B
2025-02-01,SKU0070,130,WH_C
2025-02-01,SKU0071,92,WH_C
2025-02-01,SKU0072,27,WH_C
2025-02-01,SKU0073,73,WH_B
2025-02-01,SKU0074,23,WH_A
2025-02-01,SKU0075,47,WH_B
2025-02-01,SKU0076,79,WH_A
2025-02-01,SKU0077,48,WH_C
2025-02-01,SKU0078,112,WH_B
2025-02-01,SKU0079,7,WH_A
2025-02-01,SKU0080,14,WH_C
2025-02-02,SKU0001,14,WH_A
2025-02-02,SKU0002,43,WH_B
2025-02-02,SKU0003,78,WH_C
2025-02-02,SKU0004,72,WH_A
2025-02-02,SKU0005,38,WH_A
2025-02-02,SKU0006,70,WH_A
2025-02-02,SKU0007,74,WH_A
2025-02-02,SKU0008,57,WH_C
2025-02-02,SKU0009,98,WH_B
2025-02-02,SKU0010,54,WH_B
2025-02-02,SKU0011,122,WH_B
2025-02-02,SKU0012,73,WH_A
2025-02-02,SKU0013,58,WH_C
2025-02-02,SKU0014,102,WH_C
2025-02-02,SKU0015,0,WH_B
2025-02-02,SKU0016,52,WH_B
2025-02-02,SKU0017,110,WH_B
2025-02-02,SKU0018,44,WH_B
2025-02-02,SKU0019,25,WH_C
2025-02-02,SKU0020,52,WH_C
2025-02-02,SKU0021,8,WH_C
2025-02-02,SKU0022,54,WH_A
2025-02-02,SKU0023,55,WH_C
2025-02-02,SKU0024,79,WH_C
2025-02-02,SKU0025,0,WH_A
2025-02-02,SKU0026,30,WH_C
2025-02-02,SKU0027,95,WH_B
2025-02-02,SKU0028,109,WH_A
2025-02-02,SKU0029,116,WH_A
2025-02-02,SKU0030,14,WH_C
2025-02-02,SKU0031,105,WH_C
2025-02-02,SKU0032,19,WH_B
2025-02-02,SKU0033,7,WH_C
2025-02-02,SKU0034,57,WH_C
2025-02-02,SKU0035,73,WH_C
2025-02-02,SKU0036,109,WH_B
2025-02-02,SKU0037,26,WH_A
2025-02-02,SKU0038,0,WH_C
2025-02-02,SKU0039,14,WH_C
2025-02-02,SKU0040,40,WH_A
2025-02-02,SKU0041,96,WH_C
2025-02-02,SKU0042,102,WH_C
2025-02-02,SKU0043,65,WH_C
2025-02-02,SKU0044,66,WH_C
2025-02-02,SKU0045,40,WH_C
2025-02-02,SKU0046,73,WH_B
2025-02-02,SKU0047,97,WH_A
2025-02-02,SKU0048,111,WH_A
2025-02-02,SKU0049,96,WH_A
2025-02-02,SKU0050,60,WH_B
2025-02-02,SKU0051,81,WH_B
2025-02-02,SKU0052,54,WH_B
2025-02-02,SKU0053,66,WH_B
2025-02-02,SKU0054,89,WH_C
2025-02-02,SKU0055,99,WH_B
2025-02-02,SKU0056,103,WH_A
2025-02-02,SKU0057,3,WH_C
2025-02-02,SKU0058,98,WH_B
2025-02-02,SKU0059,34,WH_C
2025-02-02,SKU0060,33,WH_B
2025-02-02,SKU0061,103,WH_A
2025-02-02,SKU0062,25,WH_C
2025-02-02,SKU0063,33,WH_C
2025-02-02,SKU0064,21,WH_B
2025-02-02,SKU0065,11,WH_A
2025-02-02,SKU0066,86,WH_B
2025-02-02,SKU0067,97,WH_A
2025-02-02,SKU0068,22,WH_B
2025-02-02,SKU0069,25,WH_A
2025-02-02,SKU0070,83,WH_C
2025-02-02,SKU0071,77,WH_A
2025-02-02,SKU0072,71,WH_C
2025-02-02,SKU0073,72,WH_C
2025-02-02,SKU0074,91,WH_C
2025-02-02,SKU0075,93,WH_A
2025-02-02,SKU0076,6,WH_C
2025-02-02,SKU0077,88,WH_B
2025-02-02,SKU0078,52,WH_B
2025-02-02,SKU0079,87,WH_B
2025-02-02,SKU0080,60,WH_A
2025-02-03,SKU0001,114,WH_A
2025-02-03,SKU0002,31,WH_C
2025-02-03,SKU0003,0,WH_B
2025-02-03,SKU0004,26,WH_A
2025-02-03,SKU0005,8,WH_A
2025-02-03,SKU0006,12,WH_B
2025-02-03,SKU0007,36,WH_B
2025-02-03,SKU0008,14,WH_C
2025-02-03,SKU0009,33,WH_B
2025-02-03,SKU0010,106,WH_B
2025-02-03,SKU0011,32,WH_B
2025-02-03,SKU0012,0,WH_C
2025-02-03,SKU0013,54,WH_B
2025-02-03,SKU0014,40,WH_B
2025-02-03,SKU0015,65,WH_A
2025-02-03,SKU0016,53,WH_A
2025-02-03,SKU0017,27,WH_C
2025-02-03,SKU0018,16,WH_A
2025-02-03,SKU0019,58,WH_A
2025-02-03,SKU0020,93,WH_B
2025-02-03,SKU0021,52,WH_C
2025-02-03,SKU0022,101,WH_C
2025-02-03,SKU0023,36,WH_C
2025-02-03,SKU0024,74,WH_A
2025-02-03,SKU0025,36,WH_B
2025-02-03,SKU0026,113,WH_A
2025-02-03,SKU0027,1,WH_C
2025-02-03,SKU0028,106,WH_C
2025-02-03,SKU0029,14,WH_A
2025-02-03,SKU0030,84,WH_B
2025-02-03,SKU0031,9,WH_B
2025-02-03,SKU0032,39,WH_B
2025-02-03,SKU0033,0,WH_A
2025-02-03,SKU0034,110,WH_A
2025-02-03,SKU0035,39,WH_B
2025-02-03,SKU0036,58,WH_A
2025-02-03,SKU0037,16,WH_B
2025-02-03,SKU0038,62,WH_B
2025-02-03,SKU0039,57,WH_A
2025-02-03,SKU0040,109,WH_C
2025-02-03,SKU0041,39,WH_B
2025-02-03,SKU0042,49,WH_B
2025-02-03,SKU0043,46,WH_A
2025-02-03,SKU0044,20,WH_A
2025-02-03,SKU0045,111,WH_B
2025-02-03,SKU0046,128,WH_C
2025-02-03,SKU0047,19,WH_B
2025-02-03,SKU0048,99,WH_B
2025-02-03,SKU0049,58,WH_C
2025-02-03,SKU0050,0,WH_B
2025-02-03,SKU0051,29,WH_C
2025-02-03,SKU0052,84,WH_C
2025-02-03,SKU0053,32,WH_C
2025-02-03,SKU0054,66,WH_C
2025-02-03,SKU0055,5,WH_A
2025-02-03,SKU0056,12,WH_B
2025-02-03,SKU0057,83,WH_C
2025-02-03,SKU0058,16,WH_B
2025-02-03,SKU0059,41,WH_B
2025-02-03,SKU0060,95,WH_A
2025-02-03,SKU0061,78,WH_A
2025-02-03,SKU0062,11,WH_C
2025-02-03,SKU0063,74,WH_C
2025-02-03,SKU0064,79,WH_A
2025-02-03,SKU0065,26,WH_C
2025-02-03,SKU0066,102,WH_C
2025-02-03,SKU0067,55,WH_C
2025-02-03,SKU0068,14,WH_A
2025-02-03,SKU0069,26,WH_B
2025-02-03,SKU0070,104,WH_C
2025-02-03,SKU0071,1,WH_B
2025-02-03,SKU0072,56,WH_C
2025-02-03,SKU0073,100,WH_B
2025-02-03,SKU0074,19,WH_C
2025-02-03,SKU0075,106,WH_A
2025-02-03,SKU0076,69,WH_C
2025-02-03,SKU0077,131,WH_A
2025-02-03,SKU0078,63,WH_C
2025-02-03,SKU0079,0,WH_C
2025-02-03,SKU0080,0,WH_B
2025-02-04,SKU0001,78,WH_B
2025-02-04,SKU0002,30,WH_B
2025-02-04,SKU0003,60,WH_B
2025-02-04,SKU0004,101,WH_B
2025-02-04,SKU0005,0,WH_C
2025-02-04,SKU0006,54,WH_A
2025-02-04,SKU0007,35,WH_B
2025-02-04,SKU0008,75,WH_B
2025-02-04,SKU0009,22,WH_C
2025-02-04,SKU0010,117,WH_A
2025-02-04,SKU0011,116,WH_B
2025-02-04,SKU0012,61,WH_C
2025-02-04,SKU0013,33,WH_A
2025-02-04,SKU0014,33,WH_B
2025-02-04,SKU0015,53,WH_C
2025-02-04,SKU0016,113,WH_A
2025-02-04,SKU0017,0,WH_C
2025-02-04,SKU0018,12,WH_A
2025-02-04,SKU0019,119,WH_C
2025-02-04,SKU0020,50,WH_C
2025-02-04,SKU0021,102,WH_B
2025-02-04,SKU0022,29,WH_A
2025-02-04,SKU0023,62,WH_C
2025-02-04,SKU0024,112,WH_C
2025-02-04,SKU0025,0,WH_A
2025-02-04,SKU0026,64,WH_A
2025-02-04,SKU0027,0,WH_A
2025-02-04,SKU0028,42,WH_A
2025-02-04,SKU0029,92,WH_C
2025-02-04,SKU0030,95,WH_A
2025-02-04,SKU0031,93,WH_C
2025-02-04,SKU0032,68,WH_B
2025-02-04,SKU0033,111,WH_A
2025-02-04,SKU0034,0,WH_C
2025-02-04,SKU0035,123,WH_B
2025-02-04,SKU0036,99,WH_A
2025-02-04,SKU0037,19,WH_C
2025-02-04,SKU0038,53,WH_B
2025-02-04,SKU0039,39,WH_C
2025-02-04,SKU0040,43,WH_A
2025-02-04,SKU0041,0,WH_C
2025-02-04,SKU0042,109,WH_C
2025-02-04,SKU0043,100,WH_C
2025-02-04,SKU0044,47,WH_C
2025-02-04,SKU0045,0,WH_B
2025-02-04,SKU0046,47,WH_A
2025-02-04,SKU0047,0,WH_A
2025-02-04,SKU0048,91,WH_C
2025-02-04,SKU0049,1,WH_C
2025-02-04,SKU0050,19,WH_B
2025-02-04,SKU0051,74,WH_B
2025-02-04,SKU0052,26,WH_C
2025-02-04,SKU0053,42,WH_C
2025-02-04,SKU0054,62,WH_B
2025-02-04,SKU0055,27,WH_C
2025-02-04,SKU0056,88,WH_A
2025-02-04,SKU0057,90,WH_C
2025-02-04,SKU0058,6,WH_A
2025-02-04,SKU0059,64,WH_B
2025-02-04,SKU0060,15,WH_C
2025-02-04,SKU0061,18,WH_B
2025-02-04,SKU0062,42,WH_A
2025-02-04,SKU0063,22,WH_C
2025-02-04,SKU0064,4,WH_A
2025-02-04,SKU0065,7,WH_C
2025-02-04,SKU0066,32,WH_C
2025-02-04,SKU0067,19,WH_A
2025-02-04,SKU0068,0,WH_C
2025-02-04,SKU0069,100,WH_C
2025-02-04,SKU0070,9,WH_B
2025-02-04,SKU0071,100,WH_C
2025-02-04,SKU0072,22,WH_A
2025-02-04,SKU0073,59,WH_C
2025-02-04,SKU0074,109,WH_C
2025-02-04,SKU0075,51,WH_B
2025-02-04,SKU0076,38,WH_C
2025-02-04,SKU0077,48,WH_B
2025-02-04,SKU0078,23,WH_A
2025-02-04,SKU0079,13,WH_A
2025-02-04,SKU0080,69,WH_A
2025-02-05,SKU0001,30,WH_B
2025-02-05,SKU0002,90,WH_A
2025-02-05,SKU0003,48,WH_C
2025-02-05,SKU0004,96,WH_B
2025-02-05,SKU0005,87,WH_C
2025-02-05,SKU0006,76,WH_A
2025-02-05,SKU0007,61,WH_B
2025-02-05,SKU0008,59,WH_B
2025-02-05,SKU0009,16,WH_B
2025-02-05,SKU0010,38,WH_A
2025-02-05,SKU0011,19,WH_A
2025-02-05,SKU0012,68,WH_C
2025-02-05,SKU0013,81,WH_A
2025-02-05,SKU0014,74,WH_C
2025-02-05,SKU0015,101,WH_C
2025-02-05,SKU0016,12,WH_B
2025-02-05,SKU0017,123,WH_B
2025-02-05,SKU0018,50,WH_A
2025-02-05,SKU0019,14,WH_B
2025-02-05,SKU0020,67,WH_B
2025-02-05,SKU0021,50,WH_A
2025-02-05,SKU0022,115,WH_A
2025-02-05,SKU0023,63,WH_C
2025-02-05,SKU0024,37,WH_B
2025-02-05,SKU0025,62,WH_C
2025-02-05,SKU0026,25,WH_C
2025-02-05,SKU0027,120,WH_C
2025-02-05,SKU0028,128,WH_A
2025-02-05,SKU0029,71,WH_A
2025-02-05,SKU0030,20,WH_B
2025-02-05,SKU0031,14,WH_C
2025-02-05,SKU0032,114,WH_C
2025-02-05,SKU0033,114,WH_C
2025-02-05,SKU0034,78,WH_A
2025-02-05,SKU0035,83,WH_C
2025-02-05,SKU0036,42,WH_A
2025-02-05,SKU0037,41,WH_A
2025-02-05,SKU0038,124,WH_A
2025-02-05,SKU0039,0,WH_A
2025-02-05,SKU0040,44,WH_A
2025-02-05,SKU0041,32,WH_A
2025-02-05,SKU0042,72,WH_C
2025-02-05,SKU0043,74,WH_B
2025-02-05,SKU0044,104,WH_B
2025-02-05,SKU0045,69,WH_A
2025-02-05,SKU0046,98,WH_A
2025-02-05,SKU0047,96,WH_B
2025-02-05,SKU0048,61,WH_C
2025-02-05,SKU0049,77,WH_B
2025-02-05,SKU0050,131,WH_B
2025-02-05,SKU0051,64,WH_B
2025-02-05,SKU0052,0,WH_C
2025-02-05,SKU0053,16,WH_B
2025-02-05,SKU0054,81,WH_A
2025-02-05,SKU0055,78,WH_C
2025-02-05,SKU0056,104,WH_B
2025-02-05,SKU0057,86,WH_B
2025-02-05,SKU0058,98,WH_B
2025-02-05,SKU0059,55,WH_C
2025-02-05,SKU0060,18,WH_A
2025-02-05,SKU0061,76,WH_A
2025-02-05,SKU0062,115,WH_B
2025-02-05,SKU0063,102,WH_B
2025-02-05,SKU0064,78,WH_A
2025-02-05,SKU0065,32,WH_C
2025-02-05,SKU0066,113,WH_A
2025-02-05,SKU0067,40,WH_C
2025-02-05,SKU0068,78,WH_C
2025-02-05,SKU0069,67,WH_C
2025-02-05,SKU0070,45,WH_A
2025-02-05,SKU0071,18,WH_A
2025-02-05,SKU0072,34,WH_B
2025-02-05,SKU0073,29,WH_B
2025-02-05,SKU0074,29,WH_A
2025-02-05,SKU0075,53,WH_C
2025-02-05,SKU0076,5,WH_C
2025-02-05,SKU0077,56,WH_B
2025-02-05,SKU0078,19,WH_B
2025-02-05,SKU0079,44,WH_A
2025-02-05,SKU0080,49,WH_A
2025-02-06,SKU0001,55,WH_C
2025-02-06,SKU0002,71,WH_A
2025-02-06,SKU0003,66,WH_C
2025-02-06,SKU0004,29,WH_C
2025-02-06,SKU0005,118,WH_C
2025-02-06,SKU0006,71,WH_A
2025-02-06,SKU0007,103,WH_C
2025-02-06,SKU0008,20,WH_C
2025-02-06,SKU0009,85,WH_C
2025-02-06,SKU0010,66,WH_C
2025-02-06,SKU0011,108,WH_A
2025-02-06,SKU0012,46,WH_C
2025-02-06,SKU0013,90,WH_B
2025-02-06,SKU0014,127,WH_B
2025-02-06,SKU0015,10,WH_B
2025-02-06,SKU0016,78,WH_A
2025-02-06,SKU0017,55,WH_C
2025-02-06,SKU0018,67,WH_B
2025-02-06,SKU0019,81,WH_B
2025-02-06,SKU0020,28,WH_B
2025-02-06,SKU0021,37,WH_C
2025-02-06,SKU0022,66,WH_B
2025-02-06,SKU0023,72,WH_C
2025-02-06,SKU0024,25,WH_C
2025-02-06,SKU0025,0,WH_C
2025-02-06,SKU0026,65,WH_C
2025-02-06,SKU0027,54,WH_C
2025-02-06,SKU0028,76,WH_B
2025-02-06,SKU0029,0,WH_A
2025-02-06,SKU0030,25,WH_B
2025-02-06,SKU0031,72,WH_B
2025-02-06,SKU0032,91,WH_B
2025-02-06,SKU0033,80,WH_C
2025-02-06,SKU0034,96,WH_C
2025-02-06,SKU0035,107,WH_C
2025-02-06,SKU0036,107,WH_C
2025-02-06,SKU0037,37,WH_C
2025-02-06,SKU0038,12,WH_B
2025-02-06,SKU0039,92,WH_A
2025-02-06,SKU0040,99,WH_A
2025-02-06,SKU0041,48,WH_A
2025-02-06,SKU0042,109,WH_B
2025-02-06,SKU0043,41,WH_C
2025-02-06,SKU0044,15,WH_C
2025-02-06,SKU0045,104,WH_A
2025-02-06,SKU0046,69,WH_B
2025-02-06,SKU0047,50,WH_C
2025-02-06,SKU0048,27,WH_A
2025-02-06,SKU0049,41,WH_A
2025-02-06,SKU0050,120,WH_B
2025-02-06,SKU0051,33,WH_A
2025-02-06,SKU0052,24,WH_A
2025-02-06,SKU0053,25,WH_C
2025-02-06,SKU0054,44,WH_C
2025-02-06,SKU0055,55,WH_C
2025-02-06,SKU0056,13,WH_C
2025-02-06,SKU0057,65,WH_B
2025-02-06,SKU0058,70,WH_B
2025-02-06,SKU0059,5,WH_C
2025-02-06,SKU0060,52,WH_B
2025-02-06,SKU0061,43,WH_B
2025-02-06,SKU0062,50,WH_C
2025-02-06,SKU0063,59,WH_B
2025-02-06,SKU0064,29,WH_A
2025-02-06,SKU0065,46,WH_B
2025-02-06,SKU0066,39,WH_B
2025-02-06,SKU0067,64,WH_C
2025-02-06,SKU0068,86,WH_A
2025-02-06,SKU0069,84,WH_B
2025-02-06,SKU0070,112,WH_C
2025-02-06,SKU0071,91,WH_A
2025-02-06,SKU0072,107,WH_B
2025-02-06,SKU0073,42,WH_C
2025-02-06,SKU0074,9,WH_B
2025-02-06,SKU0075,34,WH_C
2025-02-06,SKU0076,92,WH_A
2025-02-06,SKU0077,100,WH_B
2025-02-06,SKU0078,112,WH_C
2025-02-06,SKU0079,92,WH_B
2025-02-06,SKU0080,39,WH_A
2025-02-07,SKU0001,113,WH_C
2025-02-07,SKU0002,57,WH_B
2025-02-07,SKU0003,84,WH_A
2025-02-07,SKU0004,81,WH_A
2025-02-07,SKU0005,40,WH_C
2025-02-07,SKU0006,43,WH_B
2025-02-07,SKU0007,46,WH_B
2025-02-07,SKU0008,15,WH_C
2025-02-07,SKU0009,85,WH_B
2025-02-07,SKU0010,21,WH_B
2025-02-07,SKU0011,39,WH_C
2025-02-07,SKU0012,103,WH_A
2025-02-07,SKU0013,75,WH_C
2025-02-07,SKU0014,115,WH_A
2025-02-07,SKU0015,0,WH_A
2025-02-07,SKU0016,71,WH_B
2025-02-07,SKU0017,81,WH_A
2025-02-07,SKU0018,90,WH_B
2025-02-07,SKU0019,71,WH_A
2025-02-07,SKU0020,34,WH_C
2025-02-07,SKU0021,82,WH_B
2025-02-07,SKU0022,35,WH_A
2025-02-07,SKU0023,47,WH_C
2025-02-07,SKU0024,0,WH_B
2025-02-07,SKU0025,57,WH_C
2025-02-07,SKU0026,26,WH_C
2025-02-07,SKU0027,61,WH_A
2025-02-07,SKU0028,103,WH_C
2025-02-07,SKU0029,95,WH_B
2025-02-07,SKU0030,68,WH_C
2025-02-07,SKU0031,66,WH_C
2025-02-07,SKU0032,67,WH_A
2025-02-07,SKU0033,115,WH_A
2025-02-07,SKU0034,87,WH_A
2025-02-07,SKU0035,19,WH_A
2025-02-07,SKU0036,72,WH_A
2025-02-07,SKU0037,16,WH_B
2025-02-07,SKU0038,91,WH_B
2025-02-07,SKU0039,101,WH_C
2025-02-07,SKU0040,10,WH_B
2025-02-07,SKU0041,51,WH_B
2025-02-07,SKU0042,20,WH_C
2025-02-07,SKU0043,54,WH_B
2025-02-07,SKU0044,90,WH_A
2025-02-07,SKU0045,67,WH_A
2025-02-07,SKU0046,18,WH_A
2025-02-07,SKU0047,53,WH_A
2025-02-07,SKU0048,58,WH_A
2025-02-07,SKU0049,23,WH_C
2025-02-07,SKU0050,43,WH_A
2025-02-07,SKU0051,22,WH_C
2025-02-07,SKU0052,109,WH_B
2025-02-07,SKU0053,101,WH_A
2025-02-07,SKU0054,0,WH_A
2025-02-07,SKU0055,17,WH_B
2025-02-07,SKU0056,86,WH_A
2025-02-07,SKU0057,0,WH_A
2025-02-07,SKU0058,126,WH_B
2025-02-07,SKU0059,111,WH_A
2025-02-07,SKU0060,104,WH_B
2025-02-07,SKU0061,82,WH_A
2025-02-07,SKU0062,80,WH_A
2025-02-07,SKU0063,104,WH_A
2025-02-07,SKU0064,18,WH_A
2025-02-07,SKU0065,127,WH_C
2025-02-07,SKU0066,13,WH_B
2025-02-07,SKU0067,118,WH_A
2025-02-07,SKU0068,90,WH_C
2025-02-07,SKU0069,116,WH_A
2025-02-07,SKU0070,128,WH_C
2025-02-07,SKU0071,78,WH_A
2025-02-07,SKU0072,86,WH_C
2025-02-07,SKU0073,0,WH_A
2025-02-07,SKU0074,77,WH_A
2025-02-07,SKU0075,77,WH_B
2025-02-07,SKU0076,104,WH_C
2025-02-07,SKU0077,49,WH_C
2025-02-07,SKU0078,86,WH_A
2025-02-07,SKU0079,45,WH_A
2025-02-07,SKU0080,71,WH_B
2025-02-08,SKU0001,0,WH_A
2025-02-08,SKU0002,28,WH_B
2025-02-08,SKU0003,91,WH_C
2025-02-08,SKU0004,109,WH_A
2025-02-08,SKU0005,1,WH_C
2025-02-08,SKU0006,0,WH_C
2025-02-08,SKU0007,96,WH_C
2025-02-08,SKU0008,1,WH_B
2025-02-08,SKU0009,82,WH_C
2025-02-08,SKU0010,32,WH_B
2025-02-08,SKU0011,59,WH_C
2025-02-08,SKU0012,64,WH_B
2025-02-08,SKU0013,27,WH_A
2025-02-08,SKU0014,30,WH_B
2025-02-08,SKU0015,41,WH_A
2025-02-08,SKU0016,23,WH_C
2025-02-08,SKU0017,91,WH_A
2025-02-08,SKU0018,59,WH_B
2025-02-08,SKU0019,48,WH_A
2025-02-08,SKU0020,23,WH_C
2025-02-08,SKU0021,101,WH_A
2025-02-08,SKU0022,12,WH_B
2025-02-08,SKU0023,45,WH_B
2025-02-08,SKU0024,71,WH_A
2025-02-08,SKU0025,12,WH_C
2025-02-08,SKU0026,125,WH_C
2025-02-08,SKU0027,123,WH_C
2025-02-08,SKU0028,125,WH_C
2025-02-08,SKU0029,87,WH_C
2025-02-08,SKU0030,69,WH_B
2025-02-08,SKU0031,38,WH_A
2025-02-08,SKU0032,25,WH_C
2025-02-08,SKU0033,25,WH_B
2025-02-08,SKU0034,42,WH_A
2025-02-08,SKU0035,36,WH_B
2025-02-08,SKU0036,61,WH_B
2025-02-08,SKU0037,34,WH_A
2025-02-08,SKU0038,85,WH_B
2025-02-08,SKU0039,33,WH_B
2025-02-08,SKU0040,30,WH_A
2025-02-08,SKU0041,48,WH_B
2025-02-08,SKU0042,35,WH_C
2025-02-08,SKU0043,82,WH_A
2025-02-08,SKU0044,21,WH_B
2025-02-08,SKU0045,21,WH_A
2025-02-08,SKU0046,66,WH_A
2025-02-08,SKU0047,34,WH_B
2025-02-08,SKU0048,53,WH_C
2025-02-08,SKU0049,0,WH_A
2025-02-08,SKU0050,12,WH_C
2025-02-08,SKU0051,27,WH_B
2025-02-08,SKU0052,16,WH_B
2025-02-08,SKU0053,27,WH_A
2025-02-08,SKU0054,0,WH_C
2025-02-08,SKU0055,77,WH_A
2025-02-08,SKU0056,54,WH_B
2025-02-08,SKU0057,58,WH_B
2025-02-08,SKU0058,53,WH_A
2025-02-08,SKU0059,80,WH_C
2025-02-08,SKU0060,0,WH_A
2025-02-08,SKU0061,5,WH_C
2025-02-08,SKU0062,98,WH_B
2025-02-08,SKU0063,63,WH_A
2025-02-08,SKU0064,0,WH_A
2025-02-08,SKU0065,49,WH_A
2025-02-08,SKU0066,48,WH_A
2025-02-08,SKU0067,19,WH_C
2025-02-08,SKU0068,62,WH_A
2025-02-08,SKU0069,44,WH_A
2025-02-08,SKU0070,1,WH_C
2025-02-08,SKU0071,115,WH_B
2025-02-08,SKU0072,67,WH_A
2025-02-08,SKU0073,111,WH_C
2025-02-08,SKU0074,94,WH_A
2025-02-08,SKU0075,101,WH_A
2025-02-08,SKU0076,113,WH_A
2025-02-08,SKU0077,34,WH_C
2025-02-08,SKU0078,65,WH_C
2025-02-08,SKU0079,94,WH_C
2025-02-08,SKU0080,21,WH_B
2025-02-09,SKU0001,0,WH_C
2025-02-09,SKU0002,101,WH_C
2025-02-09,SKU0003,115,WH_A
2025-02-09,SKU0004,115,WH_A
2025-02-09,SKU0005,3,WH_B
2025-02-09,SKU0006,31,WH_C
2025-02-09,SKU0007,21,WH_C
2025-02-09,SKU0008,116,WH_A
2025-02-09,SKU0009,100,WH_C
2025-02-09,SKU0010,90,WH_C
2025-02-09,SKU0011,5,WH_C
2025-02-09,SKU0012,5,WH_C
2025-02-09,SKU0013,77,WH_C
2025-02-09,SKU0014,118,WH_C
2025-02-09,SKU0015,0,WH_B
2025-02-09,SKU0016,109,WH_B
2025-02-09,SKU0017,73,WH_C
2025-02-09,SKU0018,55,WH_C
2025-02-09,SKU0019,75,WH_C
2025-02-09,SKU0020,21,WH_C
2025-02-09,SKU0021,72,WH_B
2025-02-09,SKU0022,88,WH_C
2025-02-09,SKU0023,77,WH_B
2025-02-09,SKU0024,29,WH_A
2025-02-09,SKU0025,48,WH_C
2025-02-09,SKU0026,112,WH_C
2025-02-09,SKU0027,107,WH_A
2025-02-09,SKU0028,0,WH_B
2025-02-09,SKU0029,60,WH_B
2025-02-09,SKU0030,0,WH_B
2025-02-09,SKU0031,0,WH_A
2025-02-09,SKU0032,53,WH_B
2025-02-09,SKU0033,30,WH_C
2025-02-09,SKU0034,130,WH_C
2025-02-09,SKU0035,19,WH_C
2025-02-09,SKU0036,117,WH_B
2025-02-09,SKU0037,41,WH_C
2025-02-09,SKU0038,52,WH_C
2025-02-09,SKU0039,94,WH_B
2025-02-09,SKU0040,76,WH_A
2025-02-09,SKU0041,38,WH_A
2025-02-09,SKU0042,39,WH_C
2025-02-09,SKU0043,51,WH_B
2025-02-09,SKU0044,82,WH_B
2025-02-09,SKU0045,45,WH_A
2025-02-09,SKU0046,19,WH_C
2025-02-09,SKU0047,0,WH_C
2025-02-09,SKU0048,0,WH_B
2025-02-09,SKU0049,13,WH_A
2025-02-09,SKU0050,0,WH_B
2025-02-09,SKU0051,23,WH_A
2025-02-09,SKU0052,31,WH_B
2025-02-09,SKU0053,26,WH_A
2025-02-09,SKU0054,108,WH_C
2025-02-09,SKU0055,18,WH_B
2025-02-09,SKU0056,90,WH_A
2025-02-09,SKU0057,78,WH_C
2025-02-09,SKU0058,69,WH_A
2025-02-09,SKU0059,19,WH_B
2025-02-09,SKU0060,76,WH_C
2025-02-09,SKU0061,68,WH_C
2025-02-09,SKU0062,51,WH_A
2025-02-09,SKU0063,77,WH_B
2025-02-09,SKU0064,68,WH_C
2025-02-09,SKU0065,101,WH_B
2025-02-09,SKU0066,83,WH_A
2025-02-09,SKU0067,83,WH_A
2025-02-09,SKU0068,24,WH_B
2025-02-09,SKU0069,35,WH_B
2025-02-09,SKU0070,44,WH_A
2025-02-09,SKU0071,112,WH_B
2025-02-09,SKU0072,28,WH_B
2025-02-09,SKU0073,43,WH_A
2025-02-09,SKU0074,20,WH_B
2025-02-09,SKU0075,110,WH_B
2025-02-09,SKU0076,81,WH_C
2025-02-09,SKU0077,78,WH_C
2025-02-09,SKU0078,0,WH_B
2025-02-09,SKU0079,45,WH_C
2025-02-09,SKU0080,6,WH_B
2025-02-10,SKU0001,53,WH_C
2025-02-10,SKU0002,116,WH_C
2025-02-10,SKU0003,110,WH_A
2025-02-10,SKU0004,54,WH_C
2025-02-10,SKU0005,114,WH_C
2025-02-10,SKU0006,51,WH_B
2025-02-10,SKU0007,25,WH_B
2025-02-10,SKU0008,70,WH_B
2025-02-10,SKU0009,27,WH_C
2025-02-10,SKU0010,38,WH_A
2025-02-10,SKU0011,97,WH_A
2025-02-10,SKU0012,15,WH_C
2025-02-10,SKU0013,103,WH_A
2025-02-10,SKU0014,31,WH_A
2025-02-10,SKU0015,92,WH_C
2025-02-10,SKU0016,94,WH_B
2025-02-10,SKU0017,70,WH_A
2025-02-10,SKU0018,102,WH_B
2025-02-10,SKU0019,26,WH_C
2025-02-10,SKU0020,86,WH_A
2025-02-10,SKU0021,89,WH_A
2025-02-10,SKU0022,35,WH_A
2025-02-10,SKU0023,96,WH_C
2025-02-10,SKU0024,43,WH_A
2025-02-10,SKU0025,95,WH_C
2025-02-10,SKU0026,0,WH_B
2025-02-10,SKU0027,77,WH_A
2025-02-10,SKU0028,71,WH_A
2025-02-10,SKU0029,104,WH_A
2025-02-10,SKU0030,35,WH_B
2025-02-10,SKU0031,1,WH_C
2025-02-10,SKU0032,57,WH_B
2025-02-10,SKU0033,30,WH_C
2025-02-10,SKU0034,77,WH_C
2025-02-10,SKU0035,71,WH_A
2025-02-10,SKU0036,14,WH_B
2025-02-10,SKU0037,10,WH_C
2025-02-10,SKU0038,55,WH_C
2025-02-10,SKU0039,116,WH_B
2025-02-10,SKU0040,22,WH_A
2025-02-10,SKU0041,68,WH_C
2025-02-10,SKU0042,22,WH_B
2025-02-10,SKU0043,108,WH_B
2025-02-10,SKU0044,24,WH_A
2025-02-10,SKU0045,0,WH_A
2025-02-10,SKU0046,102,WH_A
2025-02-10,SKU0047,63,WH_C
2025-02-10,SKU0048,5,WH_C
2025-02-10,SKU0049,111,WH_B
2025-02-10,SKU0050,81,WH_C
2025-02-10,SKU0051,64,WH_C
2025-02-10,SKU0052,18,WH_A
2025-02-10,SKU0053,115,WH_A
2025-02-10,SKU0054,131,WH_C
2025-02-10,SKU0055,79,WH_C
2025-02-10,SKU0056,56,WH_A
2025-02-10,SKU0057,41,WH_B
2025-02-10,SKU0058,23,WH_C
2025-02-10,SKU0059,75,WH_C
2025-02-10,SKU0060,56,WH_B
2025-02-10,SKU0061,104,WH_C
2025-02-10,SKU0062,42,WH_A
2025-02-10,SKU0063,91,WH_C
2025-02-10,SKU0064,0,WH_B
2025-02-10,SKU0065,44,WH_A
2025-02-10,SKU0066,84,WH_C
2025-02-10,SKU0067,28,WH_A
2025-02-10,SKU0068,44,WH_B
2025-02-10,SKU0069,54,WH_B
2025-02-10,SKU0070,102,WH_A
2025-02-10,SKU0071,86,WH_A
2025-02-10,SKU0072,33,WH_A
2025-02-10,SKU0073,127,WH_B
2025-02-10,SKU0074,76,WH_A
2025-02-10,SKU0075,47,WH_C
2025-02-10,SKU0076,35,WH_B
2025-02-10,SKU0077,91,WH_C
2025-02-10,SKU0078,43,WH_C
2025-02-10,SKU0079,0,WH_A
2025-02-10,SKU0080,130,WH_A
2025-02-11,SKU0001,52,WH_C
2025-02-11,SKU0002,4,WH_A
2025-02-11,SKU0003,108,WH_A
2025-02-11,SKU0004,46,WH_C
2025-02-11,SKU0005,79,WH_C
2025-02-11,SKU0006,104,WH_C
2025-02-11,SKU0007,17,WH_B
2025-02-11,SKU0008,111,WH_A
2025-02-11,SKU0009,59,WH_B
2025-02-11,SKU0010,112,WH_C
2025-02-11,SKU0011,114,WH_B
2025-02-11,SKU0012,28,WH_A
2025-02-11,SKU0013,54,WH_C
2025-02-11,SKU0014,100,WH_B
2025-02-11,SKU0015,94,WH_A
2025-02-11,SKU0016,63,WH_B
2025-02-11,SKU0017,57,WH_B
2025-02-11,SKU0018,60,WH_C
2025-02-11,SKU0019,69,WH_C
2025-02-11,SKU0020,70,WH_B
2025-02-11,SKU0021,58,WH_B
2025-02-11,SKU0022,6,WH_A
2025-02-11,SKU0023,97,WH_C
2025-02-11,SKU0024,61,WH_B
2025-02-11,SKU0025,120,WH_C
2025-02-11,SKU0026,0,WH_B
2025-02-11,SKU0027,62,WH_B
2025-02-11,SKU0028,80,WH_C
2025-02-11,SKU0029,106,WH_A
2025-02-11,SKU0030,60,WH_A
2025-02-11,SKU0031,76,WH_B
2025-02-11,SKU0032,88,WH_C
2025-02-11,SKU0033,2,WH_A
2025-02-11,SKU0034,13,WH_A
2025-02-11,SKU0035,29,WH_B
2025-02-11,SKU0036,75,WH_C
2025-02-11,SKU0037,60,WH_A
2025-02-11,SKU0038,72,WH_A
2025-02-11,SKU0039,91,WH_C
2025-02-11,SKU0040,5,WH_B
2025-02-11,SKU0041,20,WH_C
2025-02-11,SKU0042,79,WH_B
2025-02-11,SKU0043,21,WH_B
2025-02-11,SKU0044,80,WH_B
2025-02-11,SKU0045,85,WH_C
2025-02-11,SKU0046,0,WH_C
2025-02-11,SKU0047,33,WH_B
2025-02-11,SKU0048,59,WH_B
2025-02-11,SKU0049,68,WH_B
2025-02-11,SKU0050,13,WH_B
2025-02-11,SKU0051,54,WH_C
2025-02-11,SKU0052,112,WH_A
2025-02-11,SKU0053,13,WH_B
2025-02-11,SKU0054,115,WH_C
2025-02-11,SKU0055,78,WH_B
2025-02-11,SKU0056,115,WH_C
2025-02-11,SKU0057,51,WH_A
2025-02-11,SKU0058,80,WH_C
2025-02-11,SKU0059,90,WH_C
2025-02-11,SKU0060,43,WH_A
2025-02-11,SKU0061,64,WH_A
2025-02-11,SKU0062,103,WH_B
2025-02-11,SKU0063,79,WH_A
2025-02-11,SKU0064,111,WH_B
2025-02-11,SKU0065,91,WH_A
2025-02-11,SKU0066,92,WH_C
2025-02-11,SKU0067,41,WH_B
2025-02-11,SKU0068,125,WH_C
2025-02-11,SKU0069,44,WH_B
2025-02-11,SKU0070,7,WH_A
2025-02-11,SKU0071,28,WH_B
2025-02-11,SKU0072,56,WH_A
2025-02-11,SKU0073,100,WH_A
2025-02-11,SKU0074,33,WH_B
2025-02-11,SKU0075,113,WH_C
2025-02-11,SKU0076,55,WH_C
2025-02-11,SKU0077,60,WH_C
2025-02-11,SKU0078,108,WH_A
2025-02-11,SKU0079,69,WH_A
2025-02-11,SKU0080,44,WH_C
2025-02-12,SKU0001,49,WH_B
2025-02-12,SKU0002,0,WH_A
2025-02-12,SKU0003,66,WH_A
2025-02-12,SKU0004,89,WH_A
2025-02-12,SKU0005,31,WH_C
2025-02-12,SKU0006,112,WH_A
2025-02-12,SKU0007,67,WH_C
2025-02-12,SKU0008,42,WH_C
2025-02-12,SKU0009,37,WH_C
2025-02-12,SKU0010,10,WH_C
2025-02-12,SKU0011,120,WH_B
2025-02-12,SKU0012,30,WH_A
2025-02-12,SKU0013,30,WH_C
2025-02-12,SKU0014,104,WH_A
2025-02-12,SKU0015,75,WH_A
2025-02-12,SKU0016,101,WH_C
2025-02-12,SKU0017,50,WH_B
2025-02-12,SKU0018,2,WH_C
2025-02-12,SKU0019,55,WH_B
2025-02-12,SKU0020,22,WH_C
2025-02-12,SKU0021,51,WH_C
2025-02-12,SKU0022,36,WH_C
2025-02-12,SKU0023,19,WH_A
2025-02-12,SKU0024,74,WH_B
2025-02-12,SKU0025,53,WH_C
2025-02-12,SKU0026,59,WH_C
2025-02-12,SKU0027,83,WH_A
2025-02-12,SKU0028,106,WH_A
2025-02-12,SKU0029,108,WH_C
2025-02-12,SKU0030,104,WH_A
2025-02-12,SKU0031,68,WH_B
2025-02-12,SKU0032,76,WH_B
2025-02-12,SKU0033,59,WH_C
2025-02-12,SKU0034,14,WH_A
2025-02-12,SKU0035,72,WH_A
2025-02-12,SKU0036,98,WH_B
2025-02-12,SKU0037,0,WH_C
2025-02-12,SKU0038,83,WH_A
2025-02-12,SKU0039,85,WH_A
2025-02-12,SKU0040,99,WH_A
2025-02-12,SKU0041,0,WH_A
2025-02-12,SKU0042,42,WH_B
2025-02-12,SKU0043,18,WH_A
2025-02-12,SKU0044,45,WH_A
2025-02-12,SKU0045,51,WH_C
2025-02-12,SKU0046,0,WH_C
2025-02-12,SKU0047,19,WH_A
2025-02-12,SKU0048,111,WH_B
2025-02-12,SKU0049,95,WH_A
2025-02-12,SKU0050,106,WH_B
2025-02-12,SKU0051,103,WH_B
2025-02-12,SKU0052,43,WH_B
2025-02-12,SKU0053,90,WH_A
2025-02-12,SKU0054,35,WH_B
2025-02-12,SKU0055,13,WH_C
2025-02-12,SKU0056,34,WH_A
2025-02-12,SKU0057,67,WH_C
2025-02-12,SKU0058,66,WH_B
2025-02-12,SKU0059,66,WH_B
2025-02-12,SKU0060,107,WH_C
2025-02-12,SKU0061,70,WH_B
2025-02-12,SKU0062,61,WH_C
2025-02-12,SKU0063,97,WH_C
2025-02-12,SKU0064,41,WH_B
2025-02-12,SKU0065,116,WH_C
2025-02-12,SKU0066,88,WH_C
2025-02-12,SKU0067,77,WH_C
2025-02-12,SKU0068,91,WH_B
2025-02-12,SKU0069,44,WH_C
2025-02-12,SKU0070,81,WH_A
2025-02-12,SKU0071,22,WH_C
2025-02-12,SKU0072,71,WH_A
2025-02-12,SKU0073,83,WH_C
2025-02-12,SKU0074,62,WH_B
2025-02-12,SKU0075,89,WH_B
2025-02-12,SKU0076,23,WH_B
2025-02-12,SKU0077,61,WH_B
2025-02-12,SKU0078,53,WH_A
2025-02-12,SKU0079,34,WH_A
2025-02-12,SKU0080,40,WH_B
2025-02-13,SKU0001,95,WH_B
2025-02-13,SKU0002,84,WH_C
2025-02-13,SKU0003,106,WH_C
2025-02-13,SKU0004,11,WH_B
2025-02-13,SKU0005,34,WH_C
2025-02-13,SKU0006,0,WH_C
2025-02-13,SKU0007,101,WH_B
2025-02-13,SKU0008,107,WH_B
2025-02-13,SKU0009,78,WH_B
2025-02-13,SKU0010,108,WH_B
2025-02-13,SKU0011,91,WH_B
2025-02-13,SKU0012,73,WH_A
2025-02-13,SKU0013,87,WH_A
2025-02-13,SKU0014,104,WH_A
2025-02-13,SKU0015,95,WH_C
2025-02-13,SKU0016,4,WH_A
2025-02-13,SKU0017,71,WH_C
2025-02-13,SKU0018,63,WH_C
2025-02-13,SKU0019,61,WH_C
2025-02-13,SKU0020,33,WH_B
2025-02-13,SKU0021,97,WH_A
2025-02-13,SKU0022,25,WH_B
2025-02-13,SKU0023,85,WH_A
2025-02-13,SKU0024,23,WH_A
2025-02-13,SKU0025,29,WH_B
2025-02-13,SKU0026,108,WH_B
2025-02-13,SKU0027,96,WH_A
2025-02-13,SKU0028,35,WH_C
2025-02-13,SKU0029,41,WH_B
2025-02-13,SKU0030,89,WH_A
2025-02-13,SKU0031,100,WH_C
2025-02-13,SKU0032,39,WH_A
2025-02-13,SKU0033,21,WH_B
2025-02-13,SKU0034,13,WH_B
2025-02-13,SKU0035,43,WH_C
2025-02-13,SKU0036,9,WH_A
2025-02-13,SKU0037,98,WH_A
2025-02-13,SKU0038,61,WH_A
2025-02-13,SKU0039,47,WH_A
2025-02-13,SKU0040,65,WH_C
2025-02-13,SKU0041,0,WH_B
2025-02-13,SKU0042,23,WH_A
2025-02-13,SKU0043,22,WH_B
2025-02-13,SKU0044,43,WH_A
2025-02-13,SKU0045,21,WH_B
2025-02-13,SKU0046,61,WH_B
2025-02-13,SKU0047,116,WH_B
2025-02-13,SKU0048,76,WH_C
2025-02-13,SKU0049,25,WH_B
2025-02-13,SKU0050,53,WH_C
2025-02-13,SKU0051,114,WH_B
2025-02-13,SKU0052,123,WH_A
2025-02-13,SKU0053,0,WH_A
2025-02-13,SKU0054,95,WH_A
2025-02-13,SKU0055,89,WH_C
2025-02-13,SKU0056,29,WH_B
2025-02-13,SKU0057,73,WH_C
2025-02-13,SKU0058,12,WH_A
2025-02-13,SKU0059,10,WH_A
2025-02-13,SKU0060,0,WH_C
2025-02-13,SKU0061,68,WH_B
2025-02-13,SKU0062,47,WH_C
2025-02-13,SKU0063,83,WH_C
2025-02-13,SKU0064,66,WH_B
2025-02-13,SKU0065,25,WH_C
2025-02-13,SKU0066,55,WH_A
2025-02-13,SKU0067,81,WH_C
2025-02-13,SKU0068,50,WH_B
2025-02-13,SKU0069,23,WH_A
2025-02-13,SKU0070,64,WH_C
2025-02-13,SKU0071,101,WH_A
2025-02-13,SKU0072,38,WH_A
2025-02-13,SKU0073,99,WH_C
2025-02-13,SKU0074,116,WH_A
2025-02-13,SKU0075,97,WH_C
2025-02-13,SKU0076,30,WH_B
2025-02-13,SKU0077,119,WH_A
2025-02-13,SKU0078,102,WH_B
2025-02-13,SKU0079,99,WH_A
2025-02-13,SKU0080,6,WH_A
2025-02-14,SKU0001,32,WH_A
2025-02-14,SKU0002,31,WH_A
2025-02-14,SKU0003,90,WH_A
2025-02-14,SKU0004,41,WH_B
2025-02-14,SKU0005,50,WH_A
2025-02-14,SKU0006,46,WH_A
2025-02-14,SKU0007,75,WH_A
2025-02-14,SKU0008,99,WH_A
2025-02-14,SKU0009,22,WH_A
2025-02-14,SKU0010,99,WH_B
2025-02-14,SKU0011,19,WH_B
2025-02-14,SKU0012,20,WH_B
2025-02-14,SKU0013,52,WH_A
2025-02-14,SKU0014,45,WH_B
2025-02-14,SKU0015,57,WH_B
2025-02-14,SKU0016,25,WH_C
2025-02-14,SKU0017,97,WH_A
2025-02-14,SKU0018,90,WH_A
2025-02-14,SKU0019,102,WH_C
2025-02-14,SKU0020,131,WH_B
2025-02-14,SKU0021,39,WH_C
2025-02-14,SKU0022,23,WH_A
2025-02-14,SKU0023,38,WH_B
2025-02-14,SKU0024,0,WH_C
2025-02-14,SKU0025,7,WH_C
2025-02-14,SKU0026,96,WH_A
2025-02-14,SKU0027,55,WH_B
2025-02-14,SKU0028,99,WH_C
2025-02-14,SKU0029,105,WH_A
2025-02-14,SKU0030,43,WH_A
2025-02-14,SKU0031,125,WH_B
2025-02-14,SKU0032,91,WH_B
2025-02-14,SKU0033,126,WH_A
2025-02-14,SKU0034,87,WH_C
2025-02-14,SKU0035,25,WH_A
2025-02-14,SKU0036,6,WH_A
2025-02-14,SKU0037,20,WH_A
2025-02-14,SKU0038,0,WH_C
2025-02-14,SKU0039,79,WH_B
2025-02-14,SKU0040,94,WH_A
2025-02-14,SKU0041,105,WH_A
2025-02-14,SKU0042,76,WH_A
2025-02-14,SKU0043,28,WH_C
2025-02-14,SKU0044,119,WH_B
2025-02-14,SKU0045,12,WH_B
2025-02-14,SKU0046,98,WH_A
2025-02-14,SKU0047,45,WH_A
2025-02-14,SKU0048,120,WH_C
2025-02-14,SKU0049,39,WH_A
2025-02-14,SKU0050,102,WH_C
2025-02-14,SKU0051,45,WH_C
2025-02-14,SKU0052,17,WH_C
2025-02-14,SKU0053,96,WH_C
2025-02-14,SKU0054,80,WH_B
2025-02-14,SKU0055,101,WH_A
2025-02-14,SKU0056,0,WH_A
2025-02-14,SKU0057,117,WH_A
2025-02-14,SKU0058,68,WH_B
2025-02-14,SKU0059,96,WH_A
2025-02-14,SKU0060,92,WH_C
2025-02-14,SKU0061,26,WH_B
2025-02-14,SKU0062,88,WH_C
2025-02-14,SKU0063,75,WH_C
2025-02-14,SKU0064,17,WH_A
2025-02-14,SKU0065,35,WH_C
2025-02-14,SKU0066,52,WH_C
2025-02-14,SKU0067,97,WH_C
2025-02-14,SKU0068,42,WH_B
2025-02-14,SKU0069,64,WH_C
2025-02-14,SKU0070,79,WH_C
2025-02-14,SKU0071,53,WH_B
2025-02-14,SKU0072,115,WH_A
2025-02-14,SKU0073,0,WH_A
2025-02-14,SKU0074,119,WH_B
2025-02-14,SKU0075,84,WH_C
2025-02-14,SKU0076,17,WH_C
2025-02-14,SKU0077,10,WH_C
2025-02-14,SKU0078,33,WH_A
2025-02-14,SKU0079,61,WH_B
2025-02-14,SKU0080,36,WH_B
2025-02-15,SKU0001,96,WH_A
2025-02-15,SKU0002,26,WH_C
2025-02-15,SKU0003,42,WH_C
2025-02-15,SKU0004,86,WH_B
2025-02-15,SKU0005,1,WH_A
2025-02-15,SKU0006,68,WH_C
2025-02-15,SKU0007,100,WH_A
2025-02-15,SKU0008,98,WH_A
2025-02-15,SKU0009,22,WH_A
2025-02-15,SKU0010,119,WH_C
2025-02-15,SKU0011,66,WH_A
2025-02-15,SKU0012,15,WH_C
2025-02-15,SKU0013,0,WH_A
2025-02-15,SKU0014,109,WH_A
2025-02-15,SKU0015,13,WH_B
2025-02-15,SKU0016,40,WH_B
2025-02-15,SKU0017,27,WH_A
2025-02-15,SKU0018,9,WH_C
2025-02-15,SKU0019,131,WH_B
2025-02-15,SKU0020,68,WH_C
2025-02-15,SKU0021,47,WH_A
2025-02-15,SKU0022,20,WH_B
2025-02-15,SKU0023,83,WH_C
2025-02-15,SKU0024,3,WH_B
2025-02-15,SKU0025,110,WH_C
2025-02-15,SKU0026,21,WH_C
2025-02-15,SKU0027,102,WH_C
2025-02-15,SKU0028,121,WH_B
2025-02-15,SKU0029,24,WH_A
2025-02-15,SKU0030,28,WH_A
2025-02-15,SKU0031,44,WH_B
2025-02-15,SKU0032,35,WH_A
2025-02-15,SKU0033,80,WH_A
2025-02-15,SKU0034,30,WH_A
2025-02-15,SKU0035,107,WH_A
2025-02-15,SKU0036,95,WH_B
2025-02-15,SKU0037,18,WH_A
2025-02-15,SKU0038,53,WH_C
2025-02-15,SKU0039,109,WH_B
2025-02-15,SKU0040,54,WH_B
2025-02-15,SKU0041,42,WH_B
2025-02-15,SKU0042,88,WH_A
2025-02-15,SKU0043,95,WH_C
2025-02-15,SKU0044,56,WH_A
2025-02-15,SKU0045,49,WH_C
2025-02-15,SKU0046,33,WH_C
2025-02-15,SKU0047,50,WH_B
2025-02-15,SKU0048,65,WH_C
2025-02-15,SKU0049,0,WH_C
2025-02-15,SKU0050,75,WH_C
2025-02-15,SKU0051,53,WH_C
2025-02-15,SKU0052,0,WH_A
2025-02-15,SKU0053,60,WH_B
2025-02-15,SKU0054,29,WH_A
2025-02-15,SKU0055,6,WH_B
2025-02-15,SKU0056,47,WH_A
2025-02-15,SKU0057,130,WH_A
2025-02-15,SKU0058,102,WH_A
2025-02-15,SKU0059,68,WH_C
2025-02-15,SKU0060,42,WH_C
2025-02-15,SKU0061,49,WH_C
2025-02-15,SKU0062,84,WH_B
2025-02-15,SKU0063,30,WH_B
2025-02-15,SKU0064,1,WH_C
2025-02-15,SKU0065,32,WH_C
2025-02-15,SKU0066,82,WH_C
2025-02-15,SKU0067,37,WH_B
2025-02-15,SKU0068,104,WH_B
2025-02-15,SKU0069,38,WH_B
2025-02-15,SKU0070,9,WH_C
2025-02-15,SKU0071,89,WH_C
2025-02-15,SKU0072,56,WH_B
2025-02-15,SKU0073,68,WH_B
2025-02-15,SKU0074,63,WH_A
2025-02-15,SKU0075,106,WH_C
2025-02-15,SKU0076,74,WH_B
2025-02-15,SKU0077,83,WH_B
2025-02-15,SKU0078,0,WH_C
2025-02-15,SKU0079,93,WH_C
2025-02-15,SKU0080,128,WH_C
2025-02-16,SKU0001,37,WH_A
2025-02-16,SKU0002,88,WH_C
2025-02-16,SKU0003,62,WH_C
2025-02-16,SKU0004,83,WH_C
2025-02-16,SKU0005,20,WH_C
2025-02-16,SKU0006,1,WH_C
2025-02-16,SKU0007,2,WH_C
2025-02-16,SKU0008,65,WH_C
2025-02-16,SKU0009,22,WH_C
2025-02-16,SKU0010,104,WH_B
2025-02-16,SKU0011,106,WH_A
2025-02-16,SKU0012,115,WH_C
2025-02-16,SKU0013,41,WH_A
2025-02-16,SKU0014,44,WH_C
2025-02-16,SKU0015,15,WH_A
2025-02-16,SKU0016,0,WH_A
2025-02-16,SKU0017,110,WH_C
2025-02-16,SKU0018,102,WH_B
2025-02-16,SKU0019,80,WH_B
2025-02-16,SKU0020,52,WH_B
2025-02-16,SKU0021,73,WH_B
2025-02-16,SKU0022,92,WH_C
2025-02-16,SKU0023,54,WH_B
2025-02-16,SKU0024,100,WH_A
2025-02-16,SKU0025,78,WH_C
2025-02-16,SKU0026,16,WH_C
2025-02-16,SKU0027,58,WH_B
2025-02-16,SKU0028,66,WH_C
2025-02-16,SKU0029,80,WH_A
2025-02-16,SKU0030,19,WH_C
2025-02-16,SKU0031,75,WH_C
2025-02-16,SKU0032,94,WH_B
2025-02-16,SKU0033,0,WH_B
2025-02-16,SKU0034,96,WH_C
2025-02-16,SKU0035,0,WH_C
2025-02-16,SKU0036,63,WH_C
2025-02-16,SKU0037,61,WH_A
2025-02-16,SKU0038,88,WH_B
2025-02-16,SKU0039,20,WH_B
2025-02-16,SKU0040,86,WH_B
2025-02-16,SKU0041,106,WH_B
2025-02-16,SKU0042,73,WH_B
2025-02-16,SKU0043,17,WH_A
2025-02-16,SKU0044,31,WH_A
2025-02-16,SKU0045,28,WH_C
2025-02-16,SKU0046,29,WH_A
2025-02-16,SKU0047,83,WH_A
2025-02-16,SKU0048,44,WH_C
2025-02-16,SKU0049,108,WH_A
2025-02-16,SKU0050,18,WH_B
2025-02-16,SKU0051,107,WH_A
2025-02-16,SKU0052,93,WH_B
2025-02-16,SKU0053,20,WH_A
2025-02-16,SKU0054,26,WH_C
2025-02-16,SKU0055,60,WH_C
2025-02-16,SKU0056,10,WH_C
2025-02-16,SKU0057,30,WH_C
2025-02-16,SKU0058,59,WH_B
2025-02-16,SKU0059,24,WH_B
2025-02-16,SKU0060,30,WH_A
2025-02-16,SKU0061,94,WH_A
2025-02-16,SKU0062,96,WH_B
2025-02-16,SKU0063,116,WH_A
2025-02-16,SKU0064,37,WH_A
2025-02-16,SKU0065,22,WH_A
2025-02-16,SKU0066,102,WH_C
2025-02-16,SKU0067,62,WH_A
2025-02-16,SKU0068,90,WH_C
2025-02-16,SKU0069,7,WH_B
2025-02-16,SKU0070,100,WH_C
2025-02-16,SKU0071,80,WH_C
2025-02-16,SKU0072,25,WH_B
2025-02-16,SKU0073,67,WH_B
2025-02-16,SKU0074,22,WH_A
2025-02-16,SKU0075,93,WH_C
2025-02-16,SKU0076,30,WH_A
2025-02-16,SKU0077,81,WH_B
2025-02-16,SKU0078,87,WH_A
2025-02-16,SKU0079,12,WH_B
2025-02-16,SKU0080,85,WH_A
2025-02-17,SKU0001,68,WH_A
2025-02-17,SKU0002,97,WH_C
2025-02-17,SKU0003,17,WH_C
2025-02-17,SKU0004,37,WH_A
2025-02-17,SKU0005,75,WH_C
2025-02-17,SKU0006,99,WH_B
2025-02-17,SKU0007,0,WH_C
2025-02-17,SKU0008,55,WH_A
2025-02-17,SKU0009,86,WH_A
2025-02-17,SKU0010,79,WH_B
2025-02-17,SKU0011,92,WH_A
2025-02-17,SKU0012,102,WH_C
2025-02-17,SKU0013,75,WH_B
2025-02-17,SKU0014,35,WH_B
2025-02-17,SKU0015,107,WH_C
2025-02-17,SKU0016,64,WH_A
2025-02-17,SKU0017,15,WH_A
2025-02-17,SKU0018,99,WH_B
2025-02-17,SKU0019,80,WH_B
2025-02-17,SKU0020,99,WH_C
2025-02-17,SKU0021,16,WH_C
2025-02-17,SKU0022,41,WH_B
2025-02-17,SKU0023,75,WH_C
2025-02-17,SKU0024,73,WH_A
2025-02-17,SKU0025,62,WH_B
2025-02-17,SKU0026,35,WH_C
2025-02-17,SKU0027,86,WH_B
2025-02-17,SKU0028,78,WH_A
2025-02-17,SKU0029,73,WH_B
2025-02-17,SKU0030,105,WH_C
2025-02-17,SKU0031,28,WH_C
2025-02-17,SKU0032,8,WH_C
2025-02-17,SKU0033,56,WH_A
2025-02-17,SKU0034,106,WH_B
2025-02-17,SKU0035,55,WH_C
2025-02-17,SKU0036,15,WH_B
2025-02-17,SKU0037,1,WH_A
2025-02-17,SKU0038,125,WH_C
2025-02-17,SKU0039,37,WH_A
2025-02-17,SKU0040,126,WH_B
2025-02-17,SKU0041,64,WH_C
2025-02-17,SKU0042,29,WH_B
2025-02-17,SKU0043,44,WH_A
2025-02-17,SKU0044,96,WH_B
2025-02-17,SKU0045,108,WH_C
2025-02-17,SKU0046,89,WH_A
2025-02-17,SKU0047,25,WH_B
2025-02-17,SKU0048,49,WH_B
2025-02-17,SKU0049,41,WH_A
2025-02-17,SKU0050,80,WH_C
2025-02-17,SKU0051,82,WH_A
2025-02-17,SKU0052,46,WH_C
2025-02-17,SKU0053,100,WH_A
2025-02-17,SKU0054,108,WH_C
2025-02-17,SKU0055,41,WH_C
2025-02-17,SKU0056,43,WH_A
2025-02-17,SKU0057,0,WH_B
2025-02-17,SKU0058,0,WH_A
2025-02-17,SKU0059,88,WH_A
2025-02-17,SKU0060,24,WH_A
2025-02-17,SKU0061,0,WH_A
2025-02-17,SKU0062,31,WH_B
2025-02-17,SKU0063,0,WH_A
2025-02-17,SKU0064,59,WH_B
2025-02-17,SKU0065,60,WH_A
2025-02-17,SKU0066,77,WH_B
2025-02-17,SKU0067,98,WH_A
2025-02-17,SKU0068,102,WH_C
2025-02-17,SKU0069,62,WH_A
2025-02-17,SKU0070,116,WH_B
2025-02-17,SKU0071,29,WH_B
2025-02-17,SKU0072,0,WH_A
2025-02-17,SKU0073,123,WH_C
2025-02-17,SKU0074,26,WH_C
2025-02-17,SKU0075,17,WH_B
2025-02-17,SKU0076,90,WH_B
2025-02-17,SKU0077,10,WH_C
2025-02-17,SKU0078,128,WH_C
2025-02-17,SKU0079,86,WH_C
2025-02-17,SKU0080,63,WH_A
2025-02-18,SKU0001,32,WH_C
2025-02-18,SKU0002,109,WH_A
2025-02-18,SKU0003,61,WH_C
2025-02-18,SKU0004,93,WH_A
2025-02-18,SKU0005,70,WH_A
2025-02-18,SKU0006,18,WH_A
2025-02-18,SKU0007,22,WH_A
2025-02-18,SKU0008,87,WH_B
2025-02-18,SKU0009,107,WH_B
2025-02-18,SKU0010,108,WH_B
2025-02-18,SKU0011,99,WH_A
2025-02-18,SKU0012,31,WH_A
2025-02-18,SKU0013,103,WH_C
2025-02-18,SKU0014,63,WH_C
2025-02-18,SKU0015,81,WH_C
2025-02-18,SKU0016,115,WH_A
2025-02-18,SKU0017,46,WH_A
2025-02-18,SKU0018,34,WH_B
2025-02-18,SKU0019,0,WH_C
2025-02-18,SKU0020,75,WH_C
2025-02-18,SKU0021,115,WH_C
2025-02-18,SKU0022,27,WH_C
2025-02-18,SKU0023,90,WH_C
2025-02-18,SKU0024,84,WH_B
2025-02-18,SKU0025,11,WH_A
2025-02-18,SKU0026,65,WH_C
2025-02-18,SKU0027,70,WH_A
2025-02-18,SKU0028,124,WH_A
2025-02-18,SKU0029,60,WH_B
2025-02-18,SKU0030,127,WH_B
2025-02-18,SKU0031,17,WH_C
2025-02-18,SKU0032,78,WH_A
2025-02-18,SKU0033,12,WH_A
2025-02-18,SKU0034,97,WH_B
2025-02-18,SKU0035,124,WH_A
2025-02-18,SKU0036,85,WH_B
2025-02-18,SKU0037,77,WH_B
2025-02-18,SKU0038,45,WH_B
2025-02-18,SKU0039,51,WH_B
2025-02-18,SKU0040,17,WH_A
2025-02-18,SKU0041,17,WH_C
2025-02-18,SKU0042,81,WH_C
2025-02-18,SKU0043,39,WH_A
2025-02-18,SKU0044,97,WH_C
2025-02-18,SKU0045,71,WH_C
2025-02-18,SKU0046,80,WH_A
2025-02-18,SKU0047,24,WH_C
2025-02-18,SKU0048,71,WH_A
2025-02-18,SKU0049,50,WH_B
2025-02-18,SKU0050,60,WH_A
2025-02-18,SKU0051,83,WH_B
2025-02-18,SKU0052,79,WH_C
2025-02-18,SKU0053,106,WH_A
2025-02-18,SKU0054,18,WH_A
2025-02-18,SKU0055,7,WH_B
2025-02-18,SKU0056,71,WH_B
2025-02-18,SKU0057,58,WH_B
2025-02-18,SKU0058,28,WH_B
2025-02-18,SKU0059,65,WH_A
2025-02-18,SKU0060,0,WH_A
2025-02-18,SKU0061,54,WH_A
2025-02-18,SKU0062,81,WH_A
2025-02-18,SKU0063,72,WH_C
2025-02-18,SKU0064,64,WH_A
2025-02-18,SKU0065,11,WH_A
2025-02-18,SKU0066,52,WH_A
2025-02-18,SKU0067,89,WH_B
2025-02-18,SKU0068,32,WH_C
2025-02-18,SKU0069,20,WH_A
2025-02-18,SKU0070,123,WH_A
2025-02-18,SKU0071,59,WH_C
2025-02-18,SKU0072,7,WH_A
2025-02-18,SKU0073,68,WH_C
2025-02-18,SKU0074,81,WH_A
2025-02-18,SKU0075,48,WH_A
2025-02-18,SKU0076,63,WH_A
2025-02-18,SKU0077,57,WH_C
2025-02-18,SKU0078,39,WH_C
2025-02-18,SKU0079,124,WH_A
2025-02-18,SKU0080,104,WH_B
2025-02-19,SKU0001,20,WH_B
2025-02-19,SKU0002,104,WH_A
2025-02-19,SKU0003,66,WH_C
2025-02-19,SKU0004,66,WH_C
2025-02-19,SKU0005,69,WH_C
2025-02-19,SKU0006,72,WH_C
2025-02-19,SKU0007,44,WH_B
2025-02-19,SKU0008,75,WH_B
2025-02-19,SKU0009,100,WH_C
2025-02-19,SKU0010,0,WH_A
2025-02-19,SKU0011,70,WH_A
2025-02-19,SKU0012,0,WH_B
2025-02-19,SKU0013,36,WH_C
2025-02-19,SKU0014,109,WH_B
2025-02-19,SKU0015,23,WH_A
2025-02-19,SKU0016,34,WH_B
2025-02-19,SKU0017,88,WH_A
2025-02-19,SKU0018,61,WH_A
2025-02-19,SKU0019,0,WH_C
2025-02-19,SKU0020,21,WH_B
2025-02-19,SKU0021,128,WH_C
2025-02-19,SKU0022,0,WH_B
2025-02-19,SKU0023,129,WH_A
2025-02-19,SKU0024,66,WH_B
2025-02-19,SKU0025,113,WH_C
2025-02-19,SKU0026,47,WH_C
2025-02-19,SKU0027,16,WH_A
2025-02-19,SKU0028,18,WH_C
2025-02-19,SKU0029,44,WH_A
2025-02-19,SKU0030,85,WH_C
2025-02-19,SKU0031,91,WH_B
2025-02-19,SKU0032,0,WH_C
2025-02-19,SKU0033,3,WH_A
2025-02-19,SKU0034,103,WH_A
2025-02-19,SKU0035,95,WH_A
2025-02-19,SKU0036,65,WH_B
2025-02-19,SKU0037,51,WH_A
2025-02-19,SKU0038,42,WH_B
2025-02-19,SKU0039,38,WH_B
2025-02-19,SKU0040,52,WH_A
2025-02-19,SKU0041,109,WH_B
2025-02-19,SKU0042,34,WH_A
2025-02-19,SKU0043,81,WH_C
2025-02-19,SKU0044,31,WH_C
2025-02-19,SKU0045,41,WH_A
2025-02-19,SKU0046,30,WH_A
2025-02-19,SKU0047,70,WH_A
2025-02-19,SKU0048,64,WH_B
2025-02-19,SKU0049,117,WH_C
2025-02-19,SKU0050,72,WH_C
2025-02-19,SKU0051,29,WH_B
2025-02-19,SKU0052,74,WH_C
2025-02-19,SKU0053,28,WH_C
2025-02-19,SKU0054,40,WH_A
2025-02-19,SKU0055,15,WH_B
2025-02-19,SKU0056,35,WH_C
2025-02-19,SKU0057,116,WH_A
2025-02-19,SKU0058,32,WH_C
2025-02-19,SKU0059,102,WH_C
2025-02-19,SKU0060,16,WH_A
2025-02-19,SKU0061,73,WH_C
2025-02-19,SKU0062,36,WH_A
2025-02-19,SKU0063,99,WH_C
2025-02-19,SKU0064,108,WH_A
2025-02-19,SKU0065,61,WH_A
2025-02-19,SKU0066,92,WH_B
2025-02-19,SKU0067,116,WH_A
2025-02-19,SKU0068,86,WH_C
2025-02-19,SKU0069,120,WH_C
2025-02-19,SKU0070,86,WH_C
2025-02-19,SKU0071,20,WH_A
2025-02-19,SKU0072,39,WH_A
2025-02-19,SKU0073,122,WH_A
2025-02-19,SKU0074,16,WH_C
2025-02-19,SKU0075,117,WH_B
2025-02-19,SKU0076,13,WH_B
2025-02-19,SKU0077,8,WH_B
2025-02-19,SKU0078,77,WH_A
2025-02-19,SKU0079,112,WH_C
2025-02-19,SKU0080,93,WH_C
2025-02-20,SKU0001,94,WH_C
2025-02-20,SKU0002,29,WH_B
2025-02-20,SKU0003,110,WH_A
2025-02-20,SKU0004,49,WH_B
2025-02-20,SKU0005,109,WH_C
2025-02-20,SKU0006,24,WH_A
2025-02-20,SKU0007,0,WH_C
2025-02-20,SKU0008,89,WH_B
2025-02-20,SKU0009,102,WH_A
2025-02-20,SKU0010,0,WH_A
2025-02-20,SKU0011,5,WH_A
2025-02-20,SKU0012,23,WH_A
2025-02-20,SKU0013,82,WH_B
2025-02-20,SKU0014,22,WH_C
2025-02-20,SKU0015,10,WH_C
2025-02-20,SKU0016,0,WH_A
2025-02-20,SKU0017,38,WH_A
2025-02-20,SKU0018,83,WH_A
2025-02-20,SKU0019,55,WH_B
2025-02-20,SKU0020,92,WH_B
2025-02-20,SKU0021,60,WH_B
2025-02-20,SKU0022,64,WH_B
2025-02-20,SKU0023,69,WH_C
2025-02-20,SKU0024,112,WH_B
2025-02-20,SKU0025,48,WH_B
2025-02-20,SKU0026,107,WH_B
2025-02-20,SKU0027,7,WH_C
2025-02-20,SKU0028,62,WH_C
2025-02-20,SKU0029,29,WH_B
2025-02-20,SKU0030,0,WH_C
2025-02-20,SKU0031,49,WH_B
2025-02-20,SKU0032,41,WH_A
2025-02-20,SKU0033,107,WH_C
2025-02-20,SKU0034,4,WH_A
2025-02-20,SKU0035,43,WH_A
2025-02-20,SKU0036,82,WH_C
2025-02-20,SKU0037,78,WH_A
2025-02-20,SKU0038,42,WH_C
2025-02-20,SKU0039,5,WH_C
2025-02-20,SKU0040,0,WH_A
2025-02-20,SKU0041,66,WH_B
2025-02-20,SKU0042,43,WH_B
2025-02-20,SKU0043,79,WH_B
2025-02-20,SKU0044,99,WH_C
2025-02-20,SKU0045,38,WH_B
2025-02-20,SKU0046,86,WH_B
2025-02-20,SKU0047,35,WH_A
2025-02-20,SKU0048,91,WH_B
2025-02-20,SKU0049,3,WH_B
2025-02-20,SKU0050,26,WH_B
2025-02-20,SKU0051,17,WH_A
2025-02-20,SKU0052,59,WH_B
2025-02-20,SKU0053,90,WH_B
2025-02-20,SKU0054,35,WH_C
2025-02-20,SKU0055,101,WH_B
2025-02-20,SKU0056,95,WH_C
2025-02-20,SKU0057,20,WH_B
2025-02-20,SKU0058,70,WH_A
2025-02-20,SKU0059,0,WH_B
2025-02-20,SKU0060,95,WH_C
2025-02-20,SKU0061,34,WH_B
2025-02-20,SKU0062,17,WH_A
2025-02-20,SKU0063,28,WH_A
2025-02-20,SKU0064,64,WH_C
2025-02-20,SKU0065,86,WH_C
2025-02-20,SKU0066,49,WH_C
2025-02-20,SKU0067,45,WH_C
2025-02-20,SKU0068,115,WH_A
2025-02-20,SKU0069,18,WH_B
2025-02-20,SKU0070,37,WH_C
2025-02-20,SKU0071,0,WH_B
2025-02-20,SKU0072,53,WH_C
2025-02-20,SKU0073,96,WH_C
2025-02-20,SKU0074,19,WH_B
2025-02-20,SKU0075,63,WH_B
2025-02-20,SKU0076,50,WH_C
2025-02-20,SKU0077,80,WH_B
2025-02-20,SKU0078,61,WH_C
2025-02-20,SKU0079,101,WH_B
2025-02-20,SKU0080,51,WH_B
2025-02-21,SKU0001,83,WH_B
2025-02-21,SKU0002,0,WH_B
2025-02-21,SKU0003,45,WH_A
2025-02-21,SKU0004,124,WH_A
2025-02-21,SKU0005,100,WH_A
2025-02-21,SKU0006,18,WH_A
2025-02-21,SKU0007,77,WH_C
2025-02-21,SKU0008,47,WH_B
2025-02-21,SKU0009,49,WH_B
2025-02-21,SKU0010,76,WH_C
2025-02-21,SKU0011,93,WH_C
2025-02-21,SKU0012,77,WH_A
2025-02-21,SKU0013,70,WH_B
2025-02-21,SKU0014,37,WH_A
2025-02-21,SKU0015,10,WH_C
2025-02-21,SKU0016,115,WH_C
2025-02-21,SKU0017,49,WH_C
2025-02-21,SKU0018,110,WH_C
2025-02-21,SKU0019,117,WH_B
2025-02-21,SKU0020,76,WH_C
2025-02-21,SKU0021,89,WH_C
2025-02-21,SKU0022,60,WH_C
2025-02-21,SKU0023,94,WH_A
2025-02-21,SKU0024,58,WH_C
2025-02-21,SKU0025,83,WH_C
2025-02-21,SKU0026,108,WH_C
2025-02-21,SKU0027,37,WH_B
2025-02-21,SKU0028,89,WH_C
2025-02-21,SKU0029,79,WH_B
2025-02-21,SKU0030,58,WH_A
2025-02-21,SKU0031,17,WH_B
2025-02-21,SKU0032,58,WH_C
2025-02-21,SKU0033,74,WH_C
2025-02-21,SKU0034,0,WH_A
2025-02-21,SKU0035,94,WH_B
2025-02-21,SKU0036,63,WH_C
2025-02-21,SKU0037,98,WH_C
2025-02-21,SKU0038,67,WH_B
2025-02-21,SKU0039,52,WH_C
2025-02-21,SKU0040,28,WH_C
2025-02-21,SKU0041,22,WH_A
2025-02-21,SKU0042,20,WH_C
2025-02-21,SKU0043,9,WH_A
2025-02-21,SKU0044,64,WH_B
2025-02-21,SKU0045,70,WH_B
2025-02-21,SKU0046,44,WH_C
2025-02-21,SKU0047,87,WH_B
2025-02-21,SKU0048,35,WH_C
2025-02-21,SKU0049,76,WH_B
2025-02-21,SKU0050,47,WH_C
2025-02-21,SKU0051,26,WH_B
2025-02-21,SKU0052,44,WH_A
2025-02-21,SKU0053,11,WH_B
2025-02-21,SKU0054,7,WH_B
2025-02-21,SKU0055,12,WH_A
2025-02-21,SKU0056,22,WH_A
2025-02-21,SKU0057,104,WH_A
2025-02-21,SKU0058,0,WH_C
2025-02-21,SKU0059,124,WH_B
2025-02-21,SKU0060,106,WH_A
2025-02-21,SKU0061,29,WH_A
2025-02-21,SKU0062,116,WH_C
2025-02-21,SKU0063,2,WH_C
2025-02-21,SKU0064,68,WH_B
2025-02-21,SKU0065,98,WH_C
2025-02-21,SKU0066,18,WH_B
2025-02-21,SKU0067,46,WH_B
2025-02-21,SKU0068,20,WH_B
2025-02-21,SKU0069,0,WH_A
2025-02-21,SKU0070,52,WH_B
2025-02-21,SKU0071,93,WH_A
2025-02-21,SKU0072,0,WH_C
2025-02-21,SKU0073,34,WH_A
2025-02-21,SKU0074,77,WH_A
2025-02-21,SKU0075,19,WH_B
2025-02-21,SKU0076,82,WH_B
2025-02-21,SKU0077,65,WH_B
2025-02-21,SKU0078,113,WH_C
2025-02-21,SKU0079,123,WH_A
2025-02-21,SKU0080,38,WH_B
2025-02-22,SKU0001,38,WH_B
2025-02-22,SKU0002,60,WH_A
2025-02-22,SKU0003,52,WH_B
2025-02-22,SKU0004,123,WH_C
2025-02-22,SKU0005,105,WH_A
2025-02-22,SKU0006,51,WH_C
2025-02-22,SKU0007,106,WH_B
2025-02-22,SKU0008,37,WH_A
2025-02-22,SKU0009,34,WH_B
2025-02-22,SKU0010,92,WH_A
2025-02-22,SKU0011,44,WH_A
2025-02-22,SKU0012,102,WH_C
2025-02-22,SKU0013,33,WH_B
2025-02-22,SKU0014,64,WH_B
2025-02-22,SKU0015,107,WH_C
2025-02-22,SKU0016,23,WH_C
2025-02-22,SKU0017,100,WH_C
2025-02-22,SKU0018,2,WH_B
2025-02-22,SKU0019,55,WH_C
2025-02-22,SKU0020,105,WH_B
2025-02-22,SKU0021,121,WH_A
2025-02-22,SKU0022,9,WH_A
2025-02-22,SKU0023,0,WH_A
2025-02-22,SKU0024,114,WH_B
2025-02-22,SKU0025,92,WH_C
2025-02-22,SKU0026,15,WH_C
2025-02-22,SKU0027,31,WH_A
2025-02-22,SKU0028,47,WH_B
2025-02-22,SKU0029,20,WH_A
2025-02-22,SKU0030,38,WH_B
2025-02-22,SKU0031,44,WH_A
2025-02-22,SKU0032,101,WH_A
2025-02-22,SKU0033,84,WH_C
2025-02-22,SKU0034,50,WH_A
2025-02-22,SKU0035,37,WH_C
2025-02-22,SKU0036,6,WH_C
2025-02-22,SKU0037,80,WH_A
2025-02-22,SKU0038,0,WH_C
2025-02-22,SKU0039,58,WH_B
2025-02-22,SKU0040,93,WH_A
2025-02-22,SKU0041,41,WH_C
2025-02-22,SKU0042,92,WH_A
2025-02-22,SKU0043,93,WH_C
2025-02-22,SKU0044,68,WH_A
2025-02-22,SKU0045,38,WH_C
2025-02-22,SKU0046,63,WH_C
2025-02-22,SKU0047,86,WH_B
2025-02-22,SKU0048,101,WH_A
2025-02-22,SKU0049,46,WH_B
2025-02-22,SKU0050,108,WH_B
2025-02-22,SKU0051,52,WH_B
2025-02-22,SKU0052,29,WH_B
2025-02-22,SKU0053,98,WH_C
2025-02-22,SKU0054,77,WH_A
2025-02-22,SKU0055,67,WH_B
2025-02-22,SKU0056,115,WH_B
2025-02-22,SKU0057,50,WH_B
2025-02-22,SKU0058,103,WH_A
2025-02-22,SKU0059,33,WH_A
2025-02-22,SKU0060,43,WH_C
2025-02-22,SKU0061,63,WH_B
2025-02-22,SKU0062,49,WH_B
2025-02-22,SKU0063,74,WH_A
2025-02-22,SKU0064,76,WH_B
2025-02-22,SKU0065,112,WH_A
2025-02-22,SKU0066,19,WH_B
2025-02-22,SKU0067,0,WH_C
2025-02-22,SKU0068,68,WH_B
2025-02-22,SKU0069,0,WH_B
2025-02-22,SKU0070,114,WH_A
2025-02-22,SKU0071,3,WH_C
2025-02-22,SKU0072,91,WH_A
2025-02-22,SKU0073,76,WH_C
2025-02-22,SKU0074,11,WH_B
2025-02-22,SKU0075,103,WH_A
2025-02-22,SKU0076,109,WH_A
2025-02-22,SKU0077,74,WH_A
2025-02-22,SKU0078,0,WH_B
2025-02-22,SKU0079,71,WH_B
2025-02-22,SKU0080,89,WH_A
2025-02-23,SKU0001,10,WH_C
2025-02-23,SKU0002,72,WH_A
2025-02-23,SKU0003,90,WH_A
2025-02-23,SKU0004,40,WH_C
2025-02-23,SKU0005,41,WH_A
2025-02-23,SKU0006,44,WH_A
2025-02-23,SKU0007,57,WH_C
2025-02-23,SKU0008,117,WH_B
2025-02-23,SKU0009,53,WH_B
2025-02-23,SKU0010,104,WH_A
2025-02-23,SKU0011,104,WH_B
2025-02-23,SKU0012,102,WH_A
2025-02-23,SKU0013,21,WH_A
2025-02-23,SKU0014,94,WH_A
2025-02-23,SKU0015,72,WH_A
2025-02-23,SKU0016,63,WH_A
2025-02-23,SKU0017,9,WH_B
2025-02-23,SKU0018,95,WH_A
2025-02-23,SKU0019,51,WH_C
2025-02-23,SKU0020,47,WH_B
2025-02-23,SKU0021,35,WH_B
2025-02-23,SKU0022,110,WH_B
2025-02-23,SKU0023,33,WH_A
2025-02-23,SKU0024,56,WH_A
2025-02-23,SKU0025,35,WH_C
2025-02-23,SKU0026,64,WH_A
2025-02-23,SKU0027,86,WH_C
2025-02-23,SKU0028,62,WH_C
2025-02-23,SKU0029,25,WH_A
2025-02-23,SKU0030,110,WH_B
2025-02-23,SKU0031,35,WH_C
2025-02-23,SKU0032,112,WH_C
2025-02-23,SKU0033,73,WH_B
2025-02-23,SKU0034,97,WH_B
2025-02-23,SKU0035,55,WH_C
2025-02-23,SKU0036,59,WH_A
2025-02-23,SKU0037,51,WH_A
2025-02-23,SKU0038,4,WH_C
2025-02-23,SKU0039,67,WH_B
2025-02-23,SKU0040,14,WH_B
2025-02-23,SKU0041,103,WH_C
2025-02-23,SKU0042,89,WH_B
2025-02-23,SKU0043,96,WH_A
2025-02-23,SKU0044,64,WH_A
2025-02-23,SKU0045,16,WH_C
2025-02-23,SKU0046,45,WH_A
2025-02-23,SKU0047,86,WH_A
2025-02-23,SKU0048,99,WH_C
2025-02-23,SKU0049,58,WH_B
2025-02-23,SKU0050,46,WH_A
2025-02-23,SKU0051,23,WH_A
2025-02-23,SKU0052,60,WH_A
2025-02-23,SKU0053,84,WH_B
2025-02-23,SKU0054,126,WH_B
2025-02-23,SKU0055,22,WH_C
2025-02-23,SKU0056,11,WH_A
2025-02-23,SKU0057,0,WH_C
2025-02-23,SKU0058,90,WH_C
2025-02-23,SKU0059,30,WH_A
2025-02-23,SKU0060,7,WH_B
2025-02-23,SKU0061,49,WH_C
2025-02-23,SKU0062,26,WH_C
2025-02-23,SKU0063,91,WH_B
2025-02-23,SKU0064,89,WH_C
2025-02-23,SKU0065,2,WH_C
2025-02-23,SKU0066,101,WH_B
2025-02-23,SKU0067,32,WH_B
2025-02-23,SKU0068,102,WH_A
2025-02-23,SKU0069,101,WH_B
2025-02-23,SKU0070,82,WH_C
2025-02-23,SKU0071,20,WH_B
2025-02-23,SKU0072,63,WH_C
2025-02-23,SKU0073,16,WH_A
2025-02-23,SKU0074,59,WH_B
2025-02-23,SKU0075,94,WH_A
2025-02-23,SKU0076,119,WH_C
2025-02-23,SKU0077,74,WH_C
2025-02-23,SKU0078,54,WH_B
2025-02-23,SKU0079,45,WH_C
2025-02-23,SKU0080,62,WH_C
2025-02-24,SKU0001,45,WH_B
2025-02-24,SKU0002,109,WH_B
2025-02-24,SKU0003,64,WH_C
2025-02-24,SKU0004,79,WH_B
2025-02-24,SKU0005,29,WH_C
2025-02-24,SKU0006,103,WH_C
2025-02-24,SKU0007,28,WH_C
2025-02-24,SKU0008,69,WH_C
2025-02-24,SKU0009,92,WH_A
2025-02-24,SKU0010,60,WH_A
2025-02-24,SKU0011,15,WH_C
2025-02-24,SKU0012,109,WH_C
2025-02-24,SKU0013,46,WH_A
2025-02-24,SKU0014,27,WH_C
2025-02-24,SKU0015,45,WH_C
2025-02-24,SKU0016,82,WH_B
2025-02-24,SKU0017,112,WH_C
2025-02-24,SKU0018,0,WH_A
2025-02-24,SKU0019,57,WH_C
2025-02-24,SKU0020,63,WH_B
2025-02-24,SKU0021,15,WH_C
2025-02-24,SKU0022,104,WH_B
2025-02-24,SKU0023,43,WH_A
2025-02-24,SKU0024,32,WH_B
2025-02-24,SKU0025,0,WH_C
2025-02-24,SKU0026,79,WH_B
2025-02-24,SKU0027,110,WH_C
2025-02-24,SKU0028,2,WH_C
2025-02-24,SKU0029,90,WH_C
2025-02-24,SKU0030,75,WH_A
2025-02-24,SKU0031,104,WH_C
2025-02-24,SKU0032,116,WH_B
2025-02-24,SKU0033,44,WH_C
2025-02-24,SKU0034,98,WH_B
2025-02-24,SKU0035,26,WH_C
2025-02-24,SKU0036,54,WH_A
2025-02-24,SKU0037,41,WH_C
2025-02-24,SKU0038,49,WH_B
2025-02-24,SKU0039,8,WH_B
2025-02-24,SKU0040,36,WH_A
2025-02-24,SKU0041,22,WH_B
2025-02-24,SKU0042,24,WH_B
2025-02-24,SKU0043,91,WH_B
2025-02-24,SKU0044,34,WH_C
2025-02-24,SKU0045,35,WH_B
2025-02-24,SKU0046,80,WH_A
2025-02-24,SKU0047,63,WH_A
2025-02-24,SKU0048,83,WH_C
2025-02-24,SKU0049,0,WH_A
2025-02-24,SKU0050,88,WH_A
2025-02-24,SKU0051,92,WH_C
2025-02-24,SKU0052,97,WH_C
2025-02-24,SKU0053,110,WH_A
2025-02-24,SKU0054,53,WH_B
2025-02-24,SKU0055,64,WH_C
2025-02-24,SKU0056,85,WH_B
2025-02-24,SKU0057,88,WH_B
2025-02-24,SKU0058,69,WH_C
2025-02-24,SKU0059,39,WH_B
2025-02-24,SKU0060,37,WH_A
2025-02-24,SKU0061,109,WH_B
2025-02-24,SKU0062,79,WH_C
2025-02-24,SKU0063,22,WH_A
2025-02-24,SKU0064,108,WH_C
2025-02-24,SKU0065,109,WH_B
2025-02-24,SKU0066,100,WH_A
2025-02-24,SKU0067,103,WH_A
2025-02-24,SKU0068,72,WH_A
2025-02-24,SKU0069,112,WH_B
2025-02-24,SKU0070,26,WH_B
2025-02-24,SKU0071,100,WH_C
2025-02-24,SKU0072,38,WH_A
2025-02-24,SKU0073,73,WH_C
2025-02-24,SKU0074,102,WH_A
2025-02-24,SKU0075,0,WH_A
2025-02-24,SKU0076,42,WH_C
2025-02-24,SKU0077,64,WH_C
2025-02-24,SKU0078,100,WH_C
2025-02-24,SKU0079,96,WH_C
2025-02-24,SKU0080,59,WH_A
2025-02-25,SKU0001,23,WH_C
2025-02-25,SKU0002,0,WH_A
2025-02-25,SKU0003,0,WH_A
2025-02-25,SKU0004,62,WH_C
2025-02-25,SKU0005,60,WH_A
2025-02-25,SKU0006,82,WH_A
2025-02-25,SKU0007,28,WH_A
2025-02-25,SKU0008,129,WH_C
2025-02-25,SKU0009,110,WH_B
2025-02-25,SKU0010,89,WH_C
2025-02-25,SKU0011,106,WH_B
2025-02-25,SKU0012,51,WH_A
2025-02-25,SKU0013,129,WH_C
2025-02-25,SKU0014,37,WH_B
2025-02-25,SKU0015,55,WH_C
2025-02-25,SKU0016,30,WH_B
2025-02-25,SKU0017,23,WH_A
2025-02-25,SKU0018,73,WH_A
2025-02-25,SKU0019,123,WH_C
2025-02-25,SKU0020,0,WH_B
2025-02-25,SKU0021,63,WH_A
2025-02-25,SKU0022,56,WH_A
2025-02-25,SKU0023,116,WH_B
2025-02-25,SKU0024,97,WH_C
2025-02-25,SKU0025,51,WH_C
2025-02-25,SKU0026,25,WH_C
2025-02-25,SKU0027,51,WH_A
2025-02-25,SKU0028,63,WH_A
2025-02-25,SKU0029,70,WH_B
2025-02-25,SKU0030,79,WH_A
2025-02-25,SKU0031,78,WH_C
2025-02-25,SKU0032,95,WH_B
2025-02-25,SKU0033,76,WH_A
2025-02-25,SKU0034,100,WH_C
2025-02-25,SKU0035,0,WH_C
2025-02-25,SKU0036,26,WH_A
2025-02-25,SKU0037,94,WH_B
2025-02-25,SKU0038,14,WH_A
2025-02-25,SKU0039,18,WH_A
2025-02-25,SKU0040,58,WH_A
2025-02-25,SKU0041,0,WH_B
2025-02-25,SKU0042,115,WH_B
2025-02-25,SKU0043,97,WH_C
2025-02-25,SKU0044,16,WH_C
2025-02-25,SKU0045,25,WH_A
2025-02-25,SKU0046,28,WH_C
2025-02-25,SKU0047,34,WH_A
2025-02-25,SKU0048,43,WH_B
2025-02-25,SKU0049,54,WH_A
2025-02-25,SKU0050,31,WH_B
2025-02-25,SKU0051,25,WH_A
2025-02-25,SKU0052,52,WH_A
2025-02-25,SKU0053,34,WH_A
2025-02-25,SKU0054,22,WH_C
2025-02-25,SKU0055,53,WH_C
2025-02-25,SKU0056,34,WH_A
2025-02-25,SKU0057,31,WH_C
2025-02-25,SKU0058,28,WH_B
2025-02-25,SKU0059,96,WH_C
2025-02-25,SKU0060,93,WH_B
2025-02-25,SKU0061,73,WH_B
2025-02-25,SKU0062,89,WH_B
2025-02-25,SKU0063,20,WH_C
2025-02-25,SKU0064,92,WH_C
2025-02-25,SKU0065,16,WH_B
2025-02-25,SKU0066,34,WH_A
2025-02-25,SKU0067,112,WH_C
2025-02-25,SKU0068,39,WH_C
2025-02-25,SKU0069,32,WH_B
2025-02-25,SKU0070,87,WH_C
2025-02-25,SKU0071,82,WH_C
2025-02-25,SKU0072,109,WH_A
2025-02-25,SKU0073,50,WH_B
2025-02-25,SKU0074,102,WH_B
2025-02-25,SKU0075,17,WH_A
2025-02-25,SKU0076,93,WH_C
2025-02-25,SKU0077,15,WH_A
2025-02-25,SKU0078,61,WH_A
2025-02-25,SKU0079,15,WH_B
2025-02-25,SKU0080,26,WH_A
2025-02-26,SKU0001,0,WH_A
2025-02-26,SKU0002,123,WH_B
2025-02-26,SKU0003,102,WH_C
2025-02-26,SKU0004,71,WH_C
2025-02-26,SKU0005,109,WH_C
2025-02-26,SKU0006,73,WH_B
2025-02-26,SKU0007,89,WH_A
2025-02-26,SKU0008,107,WH_A
2025-02-26,SKU0009,47,WH_B
2025-02-26,SKU0010,81,WH_A
2025-02-26,SKU0011,92,WH_B
2025-02-26,SKU0012,37,WH_C
2025-02-26,SKU0013,129,WH_B
2025-02-26,SKU0014,91,WH_B
2025-02-26,SKU0015,52,WH_A
2025-02-26,SKU0016,75,WH_B
2025-02-26,SKU0017,25,WH_C
2025-02-26,SKU0018,54,WH_A
2025-02-26,SKU0019,87,WH_A
2025-02-26,SKU0020,22,WH_B
2025-02-26,SKU0021,115,WH_B
2025-02-26,SKU0022,17,WH_A
2025-02-26,SKU0023,14,WH_C
2025-02-26,SKU0024,53,WH_B
2025-02-26,SKU0025,33,WH_B
2025-02-26,SKU0026,75,WH_A
2025-02-26,SKU0027,125,WH_A
2025-02-26,SKU0028,77,WH_A
2025-02-26,SKU0029,103,WH_A
2025-02-26,SKU0030,72,WH_B
2025-02-26,SKU0031,45,WH_B
2025-02-26,SKU0032,23,WH_A
2025-02-26,SKU0033,64,WH_B
2025-02-26,SKU0034,62,WH_A
2025-02-26,SKU0035,16,WH_A
2025-02-26,SKU0036,76,WH_A
2025-02-26,SKU0037,99,WH_A
2025-02-26,SKU0038,20,WH_B
2025-02-26,SKU0039,20,WH_A
2025-02-26,SKU0040,40,WH_C
2025-02-26,SKU0041,21,WH_B
2025-02-26,SKU0042,0,WH_B
2025-02-26,SKU0043,104,WH_B
2025-02-26,SKU0044,0,WH_A
2025-02-26,SKU0045,117,WH_C
2025-02-26,SKU0046,66,WH_B
2025-02-26,SKU0047,0,WH_B
2025-02-26,SKU0048,28,WH_C
2025-02-26,SKU0049,79,WH_A
2025-02-26,SKU0050,52,WH_C
2025-02-26,SKU0051,81,WH_C
2025-02-26,SKU0052,116,WH_C
2025-02-26,SKU0053,0,WH_C
2025-02-26,SKU0054,53,WH_B
2025-02-26,SKU0055,65,WH_B
2025-02-26,SKU0056,0,WH_A
2025-02-26,SKU0057,14,WH_C
2025-02-26,SKU0058,113,WH_C
2025-02-26,SKU0059,50,WH_A
2025-02-26,SKU0060,75,WH_B
2025-02-26,SKU0061,29,WH_C
2025-02-26,SKU0062,69,WH_C
2025-02-26,SKU0063,78,WH_A
2025-02-26,SKU0064,80,WH_C
2025-02-26,SKU0065,0,WH_A
2025-02-26,SKU0066,43,WH_B
2025-02-26,SKU0067,72,WH_B
2025-02-26,SKU0068,35,WH_C
2025-02-26,SKU0069,30,WH_A
2025-02-26,SKU0070,21,WH_A
2025-02-26,SKU0071,57,WH_C
2025-02-26,SKU0072,20,WH_A
2025-02-26,SKU0073,0,WH_B
2025-02-26,SKU0074,98,WH_C
2025-02-26,SKU0075,26,WH_A
2025-02-26,SKU0076,23,WH_A
2025-02-26,SKU0077,64,WH_B
2025-02-26,SKU0078,86,WH_A
2025-02-26,SKU0079,91,WH_A
2025-02-26,SKU0080,15,WH_C
2025-02-27,SKU0001,108,WH_B
2025-02-27,SKU0002,21,WH_B
2025-02-27,SKU0003,13,WH_A
2025-02-27,SKU0004,127,WH_C
2025-02-27,SKU0005,34,WH_B
2025-02-27,SKU0006,119,WH_A
2025-02-27,SKU0007,21,WH_C
2025-02-27,SKU0008,91,WH_C
2025-02-27,SKU0009,80,WH_C
2025-02-27,SKU0010,3,WH_C
2025-02-27,SKU0011,22,WH_A
2025-02-27,SKU0012,112,WH_B
2025-02-27,SKU0013,106,WH_B
2025-02-27,SKU0014,38,WH_C
2025-02-27,SKU0015,91,WH_C
2025-02-27,SKU0016,36,WH_C
2025-02-27,SKU0017,92,WH_C
2025-02-27,SKU0018,98,WH_B
2025-02-27,SKU0019,0,WH_B
2025-02-27,SKU0020,12,WH_A
2025-02-27,SKU0021,72,WH_C
2025-02-27,SKU0022,84,WH_C
2025-02-27,SKU0023,46,WH_A
2025-02-27,SKU0024,50,WH_B
2025-02-27,SKU0025,56,WH_A
2025-02-27,SKU0026,95,WH_A
2025-02-27,SKU0027,65,WH_B
2025-02-27,SKU0028,39,WH_C
2025-02-27,SKU0029,82,WH_A
2025-02-27,SKU0030,42,WH_A
2025-02-27,SKU0031,125,WH_B
2025-02-27,SKU0032,12,WH_A
2025-02-27,SKU0033,96,WH_A
2025-02-27,SKU0034,74,WH_B
2025-02-27,SKU0035,58,WH_C
2025-02-27,SKU0036,27,WH_C
2025-02-27,SKU0037,90,WH_B
2025-02-27,SKU0038,19,WH_B
2025-02-27,SKU0039,75,WH_B
2025-02-27,SKU0040,117,WH_B
2025-02-27,SKU0041,107,WH_A
2025-02-27,SKU0042,81,WH_B
2025-02-27,SKU0043,90,WH_A
2025-02-27,SKU0044,94,WH_B
2025-02-27,SKU0045,40,WH_B
2025-02-27,SKU0046,42,WH_B
2025-02-27,SKU0047,0,WH_A
2025-02-27,SKU0048,103,WH_C
2025-02-27,SKU0049,0,WH_C
2025-02-27,SKU0050,65,WH_A
2025-02-27,SKU0051,26,WH_A
2025-02-27,SKU0052,90,WH_C
2025-02-27,SKU0053,52,WH_A
2025-02-27,SKU0054,0,WH_A
2025-02-27,SKU0055,10,WH_B
2025-02-27,SKU0056,81,WH_C
2025-02-27,SKU0057,42,WH_B
2025-02-27,SKU0058,83,WH_A
2025-02-27,SKU0059,80,WH_B
2025-02-27,SKU0060,42,WH_B
2025-02-27,SKU0061,74,WH_B
2025-02-27,SKU0062,45,WH_C
2025-02-27,SKU0063,96,WH_B
2025-02-27,SKU0064,97,WH_B
2025-02-27,SKU0065,47,WH_C
2025-02-27,SKU0066,105,WH_B
2025-02-27,SKU0067,68,WH_A
2025-02-27,SKU0068,50,WH_A
2025-02-27,SKU0069,64,WH_B
2025-02-27,SKU0070,105,WH_C
2025-02-27,SKU0071,71,WH_A
2025-02-27,SKU0072,93,WH_C
2025-02-27,SKU0073,39,WH_A
2025-02-27,SKU0074,87,WH_C
2025-02-27,SKU0075,103,WH_C
2025-02-27,SKU0076,92,WH_C
2025-02-27,SKU0077,85,WH_A
2025-02-27,SKU0078,74,WH_B
2025-02-27,SKU0079,43,WH_A
2025-02-27,SKU0080,25,WH_A
2025-02-28,SKU0001,35,WH_C
2025-02-28,SKU0002,13,WH_B
2025-02-28,SKU0003,101,WH_C
2025-02-28,SKU0004,51,WH_B
2025-02-28,SKU0005,105,WH_C
2025-02-28,SKU0006,102,WH_B
2025-02-28,SKU0007,47,WH_B
2025-02-28,SKU0008,67,WH_B
2025-02-28,SKU0009,0,WH_A
2025-02-28,SKU0010,95,WH_B
2025-02-28,SKU0011,71,WH_C
2025-02-28,SKU0012,60,WH_B
2025-02-28,SKU0013,110,WH_C
2025-02-28,SKU0014,82,WH_C
2025-02-28,SKU0015,60,WH_B
2025-02-28,SKU0016,55,WH_C
2025-02-28,SKU0017,6,WH_B
2025-02-28,SKU0018,48,WH_B
2025-02-28,SKU0019,36,WH_A
2025-02-28,SKU0020,67,WH_C
2025-02-28,SKU0021,68,WH_B
2025-02-28,SKU0022,62,WH_B
2025-02-28,SKU0023,25,WH_B
2025-02-28,SKU0024,31,WH_A
2025-02-28,SKU0025,37,WH_B
2025-02-28,SKU0026,75,WH_B
2025-02-28,SKU0027,105,WH_A
2025-02-28,SKU0028,0,WH_C
2025-02-28,SKU0029,29,WH_B
2025-02-28,SKU0030,75,WH_B
2025-02-28,SKU0031,65,WH_B
2025-02-28,SKU0032,38,WH_B
2025-02-28,SKU0033,35,WH_C
2025-02-28,SKU0034,33,WH_C
2025-02-28,SKU0035,75,WH_C
2025-02-28,SKU0036,30,WH_B
2025-02-28,SKU0037,128,WH_A
2025-02-28,SKU0038,28,WH_A
2025-02-28,SKU0039,40,WH_C
2025-02-28,SKU0040,36,WH_C
2025-02-28,SKU0041,80,WH_C
2025-02-28,SKU0042,80,WH_B
2025-02-28,SKU0043,15,WH_C
2025-02-28,SKU0044,71,WH_C
2025-02-28,SKU0045,57,WH_B
2025-02-28,SKU0046,103,WH_B
2025-02-28,SKU0047,6,WH_B
2025-02-28,SKU0048,21,WH_A
2025-02-28,SKU0049,13,WH_C
2025-02-28,SKU0050,95,WH_C
2025-02-28,SKU0051,91,WH_A
2025-02-28,SKU0052,21,WH_C
2025-02-28,SKU0053,0,WH_C
2025-02-28,SKU0054,88,WH_A
2025-02-28,SKU0055,106,WH_B
2025-02-28,SKU0056,47,WH_B
2025-02-28,SKU0057,4,WH_C
2025-02-28,SKU0058,7,WH_A
2025-02-28,SKU0059,53,WH_C
2025-02-28,SKU0060,78,WH_B
2025-02-28,SKU0061,90,WH_C
2025-02-28,SKU0062,32,WH_A
2025-02-28,SKU0063,7,WH_C
2025-02-28,SKU0064,107,WH_B
2025-02-28,SKU0065,8,WH_A
2025-02-28,SKU0066,0,WH_C
2025-02-28,SKU0067,55,WH_B
2025-02-28,SKU0068,28,WH_C
2025-02-28,SKU0069,73,WH_B
2025-02-28,SKU0070,23,WH_C
2025-02-28,SKU0071,11,WH_B
2025-02-28,SKU0072,67,WH_C
2025-02-28,SKU0073,20,WH_B
2025-02-28,SKU0074,63,WH_A
2025-02-28,SKU0075,49,WH_A
2025-02-28,SKU0076,95,WH_C
2025-02-28,SKU0077,50,WH_B
2025-02-28,SKU0078,16,WH_A
2025-02-28,SKU0079,62,WH_C
2025-02-28,SKU0080,33,WH_A
2025-03-01,SKU0001,91,WH_C
2025-03-01,SKU0002,76,WH_B
2025-03-01,SKU0003,38,WH_B
2025-03-01,SKU0004,111,WH_A
2025-03-01,SKU0005,5,WH_B
2025-03-01,SKU0006,20,WH_C
2025-03-01,SKU0007,97,WH_B
2025-03-01,SKU0008,67,WH_A
2025-03-01,SKU0009,52,WH_A
2025-03-01,SKU0010,120,WH_B
2025-03-01,SKU0011,112,WH_A
2025-03-01,SKU0012,106,WH_B
2025-03-01,SKU0013,63,WH_A
2025-03-01,SKU0014,83,WH_A
2025-03-01,SKU0015,81,WH_B
2025-03-01,SKU0016,59,WH_B
2025-03-01,SKU0017,103,WH_A
2025-03-01,SKU0018,90,WH_A
2025-03-01,SKU0019,120,WH_C
2025-03-01,SKU0020,78,WH_A
2025-03-01,SKU0021,75,WH_A
2025-03-01,SKU0022,0,WH_A
2025-03-01,SKU0023,103,WH_C
2025-03-01,SKU0024,105,WH_C
2025-03-01,SKU0025,82,WH_B
2025-03-01,SKU0026,65,WH_A
2025-03-01,SKU0027,75,WH_A
2025-03-01,SKU0028,72,WH_B
2025-03-01,SKU0029,63,WH_C
2025-03-01,SKU0030,0,WH_B
2025-03-01,SKU0031,93,WH_A
2025-03-01,SKU0032,44,WH_C
2025-03-01,SKU0033,83,WH_C
2025-03-01,SKU0034,89,WH_A
2025-03-01,SKU0035,104,WH_C
2025-03-01,SKU0036,18,WH_C
2025-03-01,SKU0037,75,WH_B
2025-03-01,SKU0038,14,WH_B
2025-03-01,SKU0039,72,WH_A
2025-03-01,SKU0040,22,WH_A
2025-03-01,SKU0041,40,WH_A
2025-03-01,SKU0042,50,WH_B
2025-03-01,SKU0043,106,WH_C
2025-03-01,SKU0044,107,WH_A
2025-03-01,SKU0045,19,WH_B
2025-03-01,SKU0046,57,WH_C
2025-03-01,SKU0047,17,WH_A
2025-03-01,SKU0048,47,WH_B
2025-03-01,SKU0049,0,WH_C
2025-03-01,SKU0050,36,WH_A
2025-03-01,SKU0051,76,WH_C
2025-03-01,SKU0052,84,WH_C
2025-03-01,SKU0053,18,WH_B
2025-03-01,SKU0054,126,WH_A
2025-03-01,SKU0055,62,WH_B
2025-03-01,SKU0056,41,WH_C
2025-03-01,SKU0057,62,WH_C
2025-03-01,SKU0058,25,WH_A
2025-03-01,SKU0059,106,WH_C
2025-03-01,SKU0060,64,WH_B
2025-03-01,SKU0061,22,WH_A
2025-03-01,SKU0062,39,WH_C
2025-03-01,SKU0063,77,WH_C
2025-03-01,SKU0064,45,WH_B
2025-03-01,SKU0065,21,WH_B
2025-03-01,SKU0066,102,WH_B
2025-03-01,SKU0067,6,WH_C
2025-03-01,SKU0068,95,WH_B
2025-03-01,SKU0069,121,WH_A
2025-03-01,SKU0070,63,WH_B
2025-03-01,SKU0071,97,WH_A
2025-03-01,SKU0072,31,WH_A
2025-03-01,SKU0073,78,WH_A
2025-03-01,SKU0074,42,WH_A
2025-03-01,SKU0075,84,WH_B
2025-03-01,SKU0076,32,WH_C
2025-03-01,SKU0077,70,WH_B
2025-03-01,SKU0078,18,WH_A
2025-03-01,SKU0079,25,WH_C
2025-03-01,SKU0080,19,WH_C
2025-03-02,SKU0001,33,WH_C
2025-03-02,SKU0002,85,WH_C
2025-03-02,SKU0003,120,WH_A
2025-03-02,SKU0004,31,WH_A
2025-03-02,SKU0005,72,WH_A
2025-03-02,SKU0006,91,WH_B
2025-03-02,SKU0007,0,WH_B
2025-03-02,SKU0008,81,WH_C
2025-03-02,SKU0009,82,WH_B
2025-03-02,SKU0010,10,WH_C
2025-03-02,SKU0011,24,WH_C
2025-03-02,SKU0012,77,WH_A
2025-03-02,SKU0013,31,WH_B
2025-03-02,SKU0014,110,WH_C
2025-03-02,SKU0015,21,WH_B
2025-03-02,SKU0016,34,WH_B
2025-03-02,SKU0017,68,WH_C
2025-03-02,SKU0018,112,WH_B
2025-03-02,SKU0019,59,WH_A
2025-03-02,SKU0020,37,WH_B
2025-03-02,SKU0021,70,WH_A
2025-03-02,SKU0022,99,WH_C
2025-03-02,SKU0023,64,WH_B
2025-03-02,SKU0024,27,WH_A
2025-03-02,SKU0025,48,WH_C
2025-03-02,SKU0026,68,WH_A
2025-03-02,SKU0027,97,WH_C
2025-03-02,SKU0028,10,WH_C
2025-03-02,SKU0029,99,WH_C
2025-03-02,SKU0030,47,WH_B
2025-03-02,SKU0031,88,WH_A
2025-03-02,SKU0032,72,WH_C
2025-03-02,SKU0033,110,WH_A
2025-03-02,SKU0034,14,WH_A
2025-03-02,SKU0035,59,WH_C
2025-03-02,SKU0036,118,WH_C
2025-03-02,SKU0037,75,WH_C
2025-03-02,SKU0038,26,WH_B
2025-03-02,SKU0039,36,WH_A
2025-03-02,SKU0040,0,WH_B
2025-03-02,SKU0041,111,WH_B
2025-03-02,SKU0042,103,WH_B
2025-03-02,SKU0043,14,WH_C
2025-03-02,SKU0044,38,WH_B
2025-03-02,SKU0045,103,WH_A
2025-03-02,SKU0046,94,WH_A
2025-03-02,SKU0047,80,WH_A
2025-03-02,SKU0048,85,WH_C
2025-03-02,SKU0049,62,WH_B
2025-03-02,SKU0050,73,WH_A
2025-03-02,SKU0051,39,WH_C
2025-03-02,SKU0052,41,WH_A
2025-03-02,SKU0053,105,WH_B
2025-03-02,SKU0054,60,WH_C
2025-03-02,SKU0055,77,WH_B
2025-03-02,SKU0056,55,WH_B
2025-03-02,SKU0057,14,WH_B
2025-03-02,SKU0058,10,WH_A
2025-03-02,SKU0059,73,WH_A
2025-03-02,SKU0060,113,WH_A
2025-03-02,SKU0061,100,WH_A
2025-03-02,SKU0062,86,WH_C
2025-03-02,SKU0063,46,WH_C
2025-03-02,SKU0064,55,WH_B
2025-03-02,SKU0065,15,WH_A
2025-03-02,SKU0066,125,WH_C
2025-03-02,SKU0067,64,WH_A
2025-03-02,SKU0068,48,WH_C
2025-03-02,SKU0069,23,WH_B
2025-03-02,SKU0070,7,WH_B
2025-03-02,SKU0071,28,WH_B
2025-03-02,SKU0072,54,WH_B
2025-03-02,SKU0073,16,WH_A
2025-03-02,SKU0074,52,WH_C
2025-03-02,SKU0075,48,WH_C
2025-03-02,SKU0076,1,WH_B
2025-03-02,SKU0077,111,WH_C
2025-03-02,SKU0078,60,WH_B
2025-03-02,SKU0079,25,WH_B
2025-03-02,SKU0080,75,WH_C
2025-03-03,SKU0001,19,WH_A
2025-03-03,SKU0002,124,WH_B
2025-03-03,SKU0003,23,WH_C
2025-03-03,SKU0004,22,WH_A
2025-03-03,SKU0005,0,WH_C
2025-03-03,SKU0006,100,WH_A
2025-03-03,SKU0007,76,WH_A
2025-03-03,SKU0008,47,WH_A
2025-03-03,SKU0009,2,WH_A
2025-03-03,SKU0010,20,WH_C
2025-03-03,SKU0011,17,WH_B
2025-03-03,SKU0012,96,WH_B
2025-03-03,SKU0013,39,WH_A
2025-03-03,SKU0014,42,WH_C
2025-03-03,SKU0015,48,WH_C
2025-03-03,SKU0016,103,WH_A
2025-03-03,SKU0017,103,WH_B
2025-03-03,SKU0018,76,WH_B
2025-03-03,SKU0019,104,WH_A
2025-03-03,SKU0020,28,WH_B
2025-03-03,SKU0021,54,WH_C
2025-03-03,SKU0022,0,WH_C
2025-03-03,SKU0023,70,WH_A
2025-03-03,SKU0024,11,WH_A
2025-03-03,SKU0025,41,WH_B
2025-03-03,SKU0026,62,WH_A
2025-03-03,SKU0027,34,WH_B
2025-03-03,SKU0028,93,WH_B
2025-03-03,SKU0029,10,WH_B
2025-03-03,SKU0030,0,WH_C
2025-03-03,SKU0031,109,WH_C
2025-03-03,SKU0032,48,WH_B
2025-03-03,SKU0033,63,WH_C
2025-03-03,SKU0034,0,WH_B
2025-03-03,SKU0035,54,WH_B
2025-03-03,SKU0036,127,WH_A
2025-03-03,SKU0037,98,WH_B
2025-03-03,SKU0038,130,WH_C
2025-03-03,SKU0039,73,WH_A
2025-03-03,SKU0040,60,WH_A
2025-03-03,SKU0041,73,WH_B
2025-03-03,SKU0042,66,WH_C
2025-03-03,SKU0043,80,WH_A
2025-03-03,SKU0044,94,WH_C
2025-03-03,SKU0045,0,WH_B
2025-03-03,SKU0046,86,WH_C
2025-03-03,SKU0047,99,WH_B
2025-03-03,SKU0048,8,WH_C
2025-03-03,SKU0049,17,WH_B
2025-03-03,SKU0050,117,WH_C
2025-03-03,SKU0051,53,WH_C
2025-03-03,SKU0052,61,WH_B
2025-03-03,SKU0053,125,WH_B
2025-03-03,SKU0054,66,WH_C
2025-03-03,SKU0055,0,WH_A
2025-03-03,SKU0056,66,WH_A
2025-03-03,SKU0057,49,WH_C
2025-03-03,SKU0058,68,WH_B
2025-03-03,SKU0059,60,WH_A
2025-03-03,SKU0060,28,WH_B
2025-03-03,SKU0061,56,WH_A
2025-03-03,SKU0062,35,WH_A
2025-03-03,SKU0063,126,WH_C
2025-03-03,SKU0064,62,WH_B
2025-03-03,SKU0065,76,WH_C
2025-03-03,SKU0066,15,WH_C
2025-03-03,SKU0067,113,WH_C
2025-03-03,SKU0068,57,WH_B
2025-03-03,SKU0069,129,WH_A
2025-03-03,SKU0070,68,WH_C
2025-03-03,SKU0071,69,WH_A
2025-03-03,SKU0072,93,WH_B
2025-03-03,SKU0073,81,WH_B
2025-03-03,SKU0074,127,WH_C
2025-03-03,SKU0075,105,WH_A
2025-03-03,SKU0076,76,WH_B
2025-03-03,SKU0077,91,WH_A
2025-03-03,SKU0078,75,WH_B
2025-03-03,SKU0079,5,WH_A
2025-03-03,SKU0080,1,WH_B
2025-03-04,SKU0001,18,WH_A
2025-03-04,SKU0002,90,WH_B
2025-03-04,SKU0003,17,WH_B
2025-03-04,SKU0004,69,WH_A
2025-03-04,SKU0005,88,WH_C
2025-03-04,SKU0006,65,WH_A
2025-03-04,SKU0007,62,WH_B
2025-03-04,SKU0008,0,WH_A
2025-03-04,SKU0009,19,WH_A
2025-03-04,SKU0010,123,WH_C
2025-03-04,SKU0011,112,WH_C
2025-03-04,SKU0012,64,WH_A
2025-03-04,SKU0013,62,WH_C
2025-03-04,SKU0014,11,WH_C
2025-03-04,SKU0015,99,WH_C
2025-03-04,SKU0016,76,WH_C
2025-03-04,SKU0017,110,WH_A
2025-03-04,SKU0018,56,WH_A
2025-03-04,SKU0019,107,WH_B
2025-03-04,SKU0020,77,WH_B
2025-03-04,SKU0021,4,WH_C
2025-03-04,SKU0022,21,WH_C
2025-03-04,SKU0023,0,WH_B
2025-03-04,SKU0024,63,WH_B
2025-03-04,SKU0025,81,WH_B
2025-03-04,SKU0026,21,WH_C
2025-03-04,SKU0027,25,WH_B
2025-03-04,SKU0028,109,WH_C
2025-03-04,SKU0029,23,WH_A
2025-03-04,SKU0030,56,WH_B
2025-03-04,SKU0031,0,WH_B
2025-03-04,SKU0032,0,WH_C
2025-03-04,SKU0033,122,WH_C
2025-03-04,SKU0034,104,WH_B
2025-03-04,SKU0035,46,WH_B
2025-03-04,SKU0036,57,WH_C
2025-03-04,SKU0037,31,WH_B
2025-03-04,SKU0038,91,WH_C
2025-03-04,SKU0039,53,WH_A
2025-03-04,SKU0040,90,WH_A
2025-03-04,SKU0041,0,WH_B
2025-03-04,SKU0042,0,WH_A
2025-03-04,SKU0043,39,WH_A
2025-03-04,SKU0044,86,WH_B
2025-03-04,SKU0045,0,WH_A
2025-03-04,SKU0046,117,WH_A
2025-03-04,SKU0047,30,WH_B
2025-03-04,SKU0048,101,WH_A
2025-03-04,SKU0049,46,WH_B
2025-03-04,SKU0050,73,WH_C
2025-03-04,SKU0051,16,WH_C
2025-03-04,SKU0052,79,WH_A
2025-03-04,SKU0053,62,WH_A
2025-03-04,SKU0054,97,WH_C
2025-03-04,SKU0055,100,WH_C
2025-03-04,SKU0056,20,WH_B
2025-03-04,SKU0057,26,WH_A
2025-03-04,SKU0058,0,WH_C
2025-03-04,SKU0059,79,WH_B
2025-03-04,SKU0060,36,WH_C
2025-03-04,SKU0061,22,WH_B
2025-03-04,SKU0062,67,WH_A
2025-03-04,SKU0063,12,WH_C
2025-03-04,SKU0064,60,WH_B
2025-03-04,SKU0065,65,WH_C
2025-03-04,SKU0066,30,WH_C
2025-03-04,SKU0067,69,WH_A
2025-03-04,SKU0068,74,WH_B
2025-03-04,SKU0069,71,WH_A
2025-03-04,SKU0070,48,WH_C
2025-03-04,SKU0071,44,WH_C
2025-03-04,SKU0072,42,WH_C
2025-03-04,SKU0073,98,WH_A
2025-03-04,SKU0074,102,WH_A
2025-03-04,SKU0075,8,WH_B
2025-03-04,SKU0076,88,WH_C
2025-03-04,SKU0077,44,WH_B
2025-03-04,SKU0078,31,WH_B
2025-03-04,SKU0079,52,WH_C
2025-03-04,SKU0080,51,WH_C
2025-03-05,SKU0001,79,WH_B
2025-03-05,SKU0002,0,WH_B
2025-03-05,SKU0003,106,WH_A
2025-03-05,SKU0004,46,WH_B
2025-03-05,SKU0005,53,WH_A
2025-03-05,SKU0006,12,WH_A
2025-03-05,SKU0007,69,WH_B
2025-03-05,SKU0008,118,WH_C
2025-03-05,SKU0009,17,WH_C
2025-03-05,SKU0010,87,WH_B
2025-03-05,SKU0011,4,WH_A
2025-03-05,SKU0012,72,WH_C
2025-03-05,SKU0013,53,WH_B
2025-03-05,SKU0014,27,WH_C
2025-03-05,SKU0015,55,WH_C
2025-03-05,SKU0016,59,WH_B
2025-03-05,SKU0017,43,WH_A
2025-03-05,SKU0018,24,WH_C
2025-03-05,SKU0019,20,WH_A
2025-03-05,SKU0020,108,WH_B
2025-03-05,SKU0021,43,WH_B
2025-03-05,SKU0022,115,WH_A
2025-03-05,SKU0023,27,WH_B
2025-03-05,SKU0024,30,WH_C
2025-03-05,SKU0025,87,WH_A
2025-03-05,SKU0026,51,WH_B
2025-03-05,SKU0027,24,WH_C
2025-03-05,SKU0028,101,WH_C
2025-03-05,SKU0029,79,WH_A
2025-03-05,SKU0030,105,WH_C
2025-03-05,SKU0031,3,WH_A
2025-03-05,SKU0032,115,WH_A
2025-03-05,SKU0033,48,WH_C
2025-03-05,SKU0034,69,WH_C
2025-03-05,SKU0035,100,WH_A
2025-03-05,SKU0036,110,WH_A
2025-03-05,SKU0037,13,WH_C
2025-03-05,SKU0038,0,WH_B
2025-03-05,SKU0039,113,WH_C
2025-03-05,SKU0040,86,WH_A
2025-03-05,SKU0041,97,WH_B
2025-03-05,SKU0042,45,WH_B
2025-03-05,SKU0043,70,WH_C
2025-03-05,SKU0044,63,WH_C
2025-03-05,SKU0045,37,WH_C
2025-03-05,SKU0046,2,WH_A
2025-03-05,SKU0047,40,WH_C
2025-03-05,SKU0048,16,WH_B
2025-03-05,SKU0049,0,WH_C
2025-03-05,SKU0050,67,WH_C
2025-03-05,SKU0051,98,WH_A
2025-03-05,SKU0052,86,WH_B
2025-03-05,SKU0053,102,WH_C
2025-03-05,SKU0054,56,WH_A
2025-03-05,SKU0055,95,WH_A
2025-03-05,SKU0056,24,WH_A
2025-03-05,SKU0057,107,WH_B
2025-03-05,SKU0058,101,WH_A
2025-03-05,SKU0059,2,WH_A
2025-03-05,SKU0060,22,WH_C
2025-03-05,SKU0061,35,WH_B
2025-03-05,SKU0062,30,WH_A
2025-03-05,SKU0063,36,WH_A
2025-03-05,SKU0064,88,WH_B
2025-03-05,SKU0065,54,WH_B
2025-03-05,SKU0066,24,WH_A
2025-03-05,SKU0067,0,WH_C
2025-03-05,SKU0068,100,WH_B
2025-03-05,SKU0069,48,WH_A
2025-03-05,SKU0070,33,WH_C
2025-03-05,SKU0071,6,WH_A
2025-03-05,SKU0072,17,WH_A
2025-03-05,SKU0073,52,WH_B
2025-03-05,SKU0074,99,WH_C
2025-03-05,SKU0075,32,WH_A
2025-03-05,SKU0076,102,WH_B
2025-03-05,SKU0077,18,WH_B
2025-03-05,SKU0078,110,WH_B
2025-03-05,SKU0079,72,WH_A
2025-03-05,SKU0080,56,WH_B
2025-03-06,SKU0001,12,WH_A
2025-03-06,SKU0002,54,WH_B
2025-03-06,SKU0003,25,WH_B
2025-03-06,SKU0004,125,WH_C
2025-03-06,SKU0005,48,WH_A
2025-03-06,SKU0006,34,WH_B
2025-03-06,SKU0007,89,WH_A
2025-03-06,SKU0008,8,WH_B
2025-03-06,SKU0009,94,WH_C
2025-03-06,SKU0010,7,WH_B
2025-03-06,SKU0011,53,WH_C
2025-03-06,SKU0012,112,WH_C
2025-03-06,SKU0013,12,WH_A
2025-03-06,SKU0014,37,WH_B
2025-03-06,SKU0015,37,WH_B
2025-03-06,SKU0016,82,WH_C
2025-03-06,SKU0017,109,WH_B
2025-03-06,SKU0018,11,WH_B
2025-03-06,SKU0019,47,WH_A
2025-03-06,SKU0020,34,WH_A
2025-03-06,SKU0021,47,WH_B
2025-03-06,SKU0022,0,WH_A
2025-03-06,SKU0023,100,WH_A
2025-03-06,SKU0024,45,WH_C
2025-03-06,SKU0025,31,WH_B
2025-03-06,SKU0026,77,WH_A
2025-03-06,SKU0027,68,WH_B
2025-03-06,SKU0028,44,WH_B
2025-03-06,SKU0029,46,WH_A
2025-03-06,SKU0030,46,WH_A
2025-03-06,SKU0031,120,WH_B
2025-03-06,SKU0032,73,WH_C
2025-03-06,SKU0033,114,WH_A
2025-03-06,SKU0034,100,WH_A
2025-03-06,SKU0035,18,WH_A
2025-03-06,SKU0036,89,WH_C
2025-03-06,SKU0037,72,WH_B
2025-03-06,SKU0038,115,WH_B
2025-03-06,SKU0039,72,WH_B
2025-03-06,SKU0040,99,WH_A
2025-03-06,SKU0041,108,WH_C
2025-03-06,SKU0042,52,WH_C
2025-03-06,SKU0043,73,WH_C
2025-03-06,SKU0044,52,WH_C
2025-03-06,SKU0045,79,WH_A
2025-03-06,SKU0046,51,WH_C
2025-03-06,SKU0047,23,WH_C
2025-03-06,SKU0048,32,WH_C
2025-03-06,SKU0049,42,WH_B
2025-03-06,SKU0050,51,WH_C
2025-03-06,SKU0051,78,WH_B
2025-03-06,SKU0052,70,WH_A
2025-03-06,SKU0053,0,WH_A
2025-03-06,SKU0054,114,WH_A
2025-03-06,SKU0055,61,WH_B
2025-03-06,SKU0056,26,WH_C
2025-03-06,SKU0057,2,WH_A
2025-03-06,SKU0058,68,WH_B
2025-03-06,SKU0059,73,WH_B
2025-03-06,SKU0060,35,WH_B
2025-03-06,SKU0061,18,WH_B
2025-03-06,SKU0062,112,WH_B
2025-03-06,SKU0063,12,WH_A
2025-03-06,SKU0064,26,WH_A
2025-03-06,SKU0065,29,WH_B
2025-03-06,SKU0066,116,WH_B
2025-03-06,SKU0067,0,WH_A
2025-03-06,SKU0068,109,WH_C
2025-03-06,SKU0069,50,WH_B
2025-03-06,SKU0070,54,WH_A
2025-03-06,SKU0071,64,WH_A
2025-03-06,SKU0072,28,WH_A
2025-03-06,SKU0073,46,WH_C
2025-03-06,SKU0074,47,WH_B
2025-03-06,SKU0075,29,WH_C
2025-03-06,SKU0076,121,WH_C
2025-03-06,SKU0077,113,WH_A
2025-03-06,SKU0078,56,WH_A
2025-03-06,SKU0079,40,WH_A
2025-03-06,SKU0080,48,WH_B
2025-03-07,SKU0001,21,WH_C
2025-03-07,SKU0002,112,WH_C
2025-03-07,SKU0003,23,WH_C
2025-03-07,SKU0004,114,WH_A
2025-03-07,SKU0005,93,WH_C
2025-03-07,SKU0006,110,WH_A
2025-03-07,SKU0007,94,WH_B
2025-03-07,SKU0008,27,WH_C
2025-03-07,SKU0009,67,WH_A
2025-03-07,SKU0010,95,WH_B
2025-03-07,SKU0011,19,WH_B
2025-03-07,SKU0012,61,WH_A
2025-03-07,SKU0013,53,WH_A
2025-03-07,SKU0014,47,WH_C
2025-03-07,SKU0015,43,WH_A
2025-03-07,SKU0016,89,WH_C
2025-03-07,SKU0017,72,WH_A
2025-03-07,SKU0018,28,WH_C
2025-03-07,SKU0019,43,WH_C
2025-03-07,SKU0020,83,WH_A
2025-03-07,SKU0021,95,WH_B
2025-03-07,SKU0022,72,WH_B
2025-03-07,SKU0023,9,WH_A
2025-03-07,SKU0024,58,WH_A
2025-03-07,SKU0025,32,WH_B
2025-03-07,SKU0026,76,WH_B
2025-03-07,SKU0027,42,WH_A
2025-03-07,SKU0028,94,WH_C
2025-03-07,SKU0029,68,WH_C
2025-03-07,SKU0030,44,WH_C
2025-03-07,SKU0031,31,WH_B
2025-03-07,SKU0032,15,WH_A
2025-03-07,SKU0033,15,WH_C
2025-03-07,SKU0034,86,WH_C
2025-03-07,SKU0035,56,WH_C
2025-03-07,SKU0036,43,WH_B
2025-03-07,SKU0037,83,WH_C
2025-03-07,SKU0038,20,WH_B
2025-03-07,SKU0039,103,WH_B
2025-03-07,SKU0040,17,WH_A
2025-03-07,SKU0041,59,WH_C
2025-03-07,SKU0042,52,WH_B
2025-03-07,SKU0043,103,WH_A
2025-03-07,SKU0044,90,WH_B
2025-03-07,SKU0045,100,WH_B
2025-03-07,SKU0046,56,WH_B
2025-03-07,SKU0047,30,WH_B
2025-03-07,SKU0048,102,WH_B
2025-03-07,SKU0049,31,WH_A
2025-03-07,SKU0050,85,WH_A
2025-03-07,SKU0051,127,WH_C
2025-03-07,SKU0052,126,WH_C
2025-03-07,SKU0053,99,WH_A
2025-03-07,SKU0054,8,WH_C
2025-03-07,SKU0055,29,WH_A
2025-03-07,SKU0056,101,WH_B
2025-03-07,SKU0057,11,WH_B
2025-03-07,SKU0058,7,WH_C
2025-03-07,SKU0059,100,WH_B
2025-03-07,SKU0060,40,WH_C
2025-03-07,SKU0061,11,WH_A
2025-03-07,SKU0062,54,WH_B
2025-03-07,SKU0063,12,WH_A
2025-03-07,SKU0064,85,WH_A
2025-03-07,SKU0065,93,WH_C
2025-03-07,SKU0066,121,WH_A
2025-03-07,SKU0067,44,WH_B
2025-03-07,SKU0068,27,WH_C
2025-03-07,SKU0069,58,WH_C
2025-03-07,SKU0070,18,WH_A
2025-03-07,SKU0071,83,WH_A
2025-03-07,SKU0072,83,WH_A
2025-03-07,SKU0073,75,WH_B
2025-03-07,SKU0074,54,WH_A
2025-03-07,SKU0075,42,WH_C
2025-03-07,SKU0076,29,WH_B
2025-03-07,SKU0077,0,WH_A
2025-03-07,SKU0078,88,WH_C
2025-03-07,SKU0079,95,WH_A
2025-03-07,SKU0080,20,WH_A
2025-03-08,SKU0001,98,WH_C
2025-03-08,SKU0002,80,WH_A
2025-03-08,SKU0003,96,WH_A
2025-03-08,SKU0004,18,WH_A
2025-03-08,SKU0005,43,WH_B
2025-03-08,SKU0006,119,WH_C
2025-03-08,SKU0007,89,WH_A
2025-03-08,SKU0008,104,WH_B
2025-03-08,SKU0009,0,WH_C
2025-03-08,SKU0010,51,WH_C
2025-03-08,SKU0011,86,WH_A
2025-03-08,SKU0012,31,WH_A
2025-03-08,SKU0013,75,WH_C
2025-03-08,SKU0014,59,WH_A
2025-03-08,SKU0015,21,WH_C
2025-03-08,SKU0016,45,WH_B
2025-03-08,SKU0017,7,WH_B
2025-03-08,SKU0018,46,WH_C
2025-03-08,SKU0019,39,WH_C
2025-03-08,SKU0020,0,WH_A
2025-03-08,SKU0021,79,WH_C
2025-03-08,SKU0022,8,WH_A
2025-03-08,SKU0023,90,WH_B
2025-03-08,SKU0024,39,WH_B
2025-03-08,SKU0025,86,WH_B
2025-03-08,SKU0026,37,WH_A
2025-03-08,SKU0027,126,WH_B
2025-03-08,SKU0028,63,WH_C
2025-03-08,SKU0029,67,WH_B
2025-03-08,SKU0030,56,WH_B
2025-03-08,SKU0031,48,WH_C
2025-03-08,SKU0032,120,WH_B
2025-03-08,SKU0033,99,WH_C
2025-03-08,SKU0034,86,WH_A
2025-03-08,SKU0035,38,WH_B
2025-03-08,SKU0036,12,WH_A
2025-03-08,SKU0037,60,WH_C
2025-03-08,SKU0038,64,WH_B
2025-03-08,SKU0039,89,WH_A
2025-03-08,SKU0040,6,WH_C
2025-03-08,SKU0041,122,WH_A
2025-03-08,SKU0042,64,WH_C
2025-03-08,SKU0043,20,WH_B
2025-03-08,SKU0044,94,WH_B
2025-03-08,SKU0045,92,WH_C
2025-03-08,SKU0046,33,WH_C
2025-03-08,SKU0047,95,WH_A
2025-03-08,SKU0048,3,WH_C
2025-03-08,SKU0049,14,WH_A
2025-03-08,SKU0050,5,WH_B
2025-03-08,SKU0051,65,WH_B
2025-03-08,SKU0052,74,WH_B
2025-03-08,SKU0053,88,WH_A
2025-03-08,SKU0054,92,WH_C
2025-03-08,SKU0055,27,WH_B
2025-03-08,SKU0056,90,WH_B
2025-03-08,SKU0057,17,WH_A
2025-03-08,SKU0058,0,WH_A
2025-03-08,SKU0059,89,WH_A
2025-03-08,SKU0060,86,WH_A
2025-03-08,SKU0061,8,WH_C
2025-03-08,SKU0062,116,WH_A
2025-03-08,SKU0063,103,WH_A
2025-03-08,SKU0064,80,WH_C
2025-03-08,SKU0065,3,WH_A
2025-03-08,SKU0066,124,WH_B
2025-03-08,SKU0067,81,WH_A
2025-03-08,SKU0068,61,WH_A
2025-03-08,SKU0069,120,WH_C
2025-03-08,SKU0070,103,WH_A
2025-03-08,SKU0071,33,WH_A
2025-03-08,SKU0072,0,WH_B
2025-03-08,SKU0073,25,WH_B
2025-03-08,SKU0074,84,WH_A
2025-03-08,SKU0075,9,WH_B
2025-03-08,SKU0076,121,WH_C
2025-03-08,SKU0077,12,WH_A
2025-03-08,SKU0078,104,WH_B
2025-03-08,SKU0079,61,WH_A
2025-03-08,SKU0080,42,WH_C
2025-03-09,SKU0001,34,WH_A
2025-03-09,SKU0002,59,WH_B
2025-03-09,SKU0003,47,WH_C
2025-03-09,SKU0004,85,WH_B
2025-03-09,SKU0005,71,WH_C
2025-03-09,SKU0006,105,WH_B
2025-03-09,SKU0007,2,WH_A
2025-03-09,SKU0008,41,WH_A
2025-03-09,SKU0009,87,WH_C
2025-03-09,SKU0010,12,WH_C
2025-03-09,SKU0011,98,WH_A
2025-03-09,SKU0012,51,WH_B
2025-03-09,SKU0013,0,WH_A
2025-03-09,SKU0014,50,WH_C
2025-03-09,SKU0015,103,WH_B
2025-03-09,SKU0016,101,WH_B
2025-03-09,SKU0017,43,WH_B
2025-03-09,SKU0018,82,WH_B
2025-03-09,SKU0019,37,WH_C
2025-03-09,SKU0020,43,WH_C
2025-03-09,SKU0021,49,WH_B
2025-03-09,SKU0022,104,WH_C
2025-03-09,SKU0023,122,WH_C
2025-03-09,SKU0024,28,WH_A
2025-03-09,SKU0025,9,WH_A
2025-03-09,SKU0026,42,WH_A
2025-03-09,SKU0027,98,WH_B
2025-03-09,SKU0028,20,WH_A
2025-03-09,SKU0029,12,WH_B
2025-03-09,SKU0030,59,WH_C
2025-03-09,SKU0031,23,WH_A
2025-03-09,SKU0032,84,WH_A
2025-03-09,SKU0033,43,WH_B
2025-03-09,SKU0034,120,WH_B
2025-03-09,SKU0035,104,WH_A
2025-03-09,SKU0036,96,WH_B
2025-03-09,SKU0037,0,WH_C
2025-03-09,SKU0038,82,WH_A
2025-03-09,SKU0039,64,WH_C
2025-03-09,SKU0040,37,WH_A
2025-03-09,SKU0041,31,WH_C
2025-03-09,SKU0042,97,WH_C
2025-03-09,SKU0043,106,WH_C
2025-03-09,SKU0044,117,WH_B
2025-03-09,SKU0045,66,WH_C
2025-03-09,SKU0046,111,WH_A
2025-03-09,SKU0047,89,WH_B
2025-03-09,SKU0048,118,WH_B
2025-03-09,SKU0049,86,WH_A
2025-03-09,SKU0050,110,WH_C
2025-03-09,SKU0051,72,WH_B
2025-03-09,SKU0052,43,WH_A
2025-03-09,SKU0053,105,WH_C
2025-03-09,SKU0054,56,WH_B
2025-03-09,SKU0055,25,WH_A
2025-03-09,SKU0056,56,WH_B
2025-03-09,SKU0057,16,WH_C
2025-03-09,SKU0058,121,WH_C
2025-03-09,SKU0059,116,WH_C
2025-03-09,SKU0060,105,WH_A
2025-03-09,SKU0061,83,WH_A
2025-03-09,SKU0062,40,WH_B
2025-03-09,SKU0063,111,WH_B
2025-03-09,SKU0064,111,WH_B
2025-03-09,SKU0065,49,WH_B
2025-03-09,SKU0066,17,WH_C
2025-03-09,SKU0067,95,WH_B
2025-03-09,SKU0068,86,WH_B
2025-03-09,SKU0069,77,WH_C
2025-03-09,SKU0070,97,WH_C
2025-03-09,SKU0071,60,WH_B
2025-03-09,SKU0072,91,WH_A
2025-03-09,SKU0073,30,WH_C
2025-03-09,SKU0074,82,WH_A
2025-03-09,SKU0075,74,WH_B
2025-03-09,SKU0076,36,WH_A
2025-03-09,SKU0077,77,WH_A
2025-03-09,SKU0078,40,WH_A
2025-03-09,SKU0079,104,WH_C
2025-03-09,SKU0080,113,WH_B
2025-03-10,SKU0001,62,WH_C
2025-03-10,SKU0002,106,WH_B
2025-03-10,SKU0003,44,WH_B
2025-03-10,SKU0004,100,WH_A
2025-03-10,SKU0005,87,WH_A
2025-03-10,SKU0006,0,WH_B
2025-03-10,SKU0007,5,WH_A
2025-03-10,SKU0008,60,WH_B
2025-03-10,SKU0009,0,WH_C
2025-03-10,SKU0010,90,WH_A
2025-03-10,SKU0011,57,WH_B
2025-03-10,SKU0012,84,WH_A
2025-03-10,SKU0013,87,WH_B
2025-03-10,SKU0014,19,WH_A
2025-03-10,SKU0015,29,WH_A
2025-03-10,SKU0016,100,WH_B
2025-03-10,SKU0017,56,WH_C
2025-03-10,SKU0018,58,WH_C
2025-03-10,SKU0019,0,WH_A
2025-03-10,SKU0020,71,WH_C
2025-03-10,SKU0021,24,WH_C
2025-03-10,SKU0022,97,WH_B
2025-03-10,SKU0023,79,WH_B
2025-03-10,SKU0024,25,WH_A
2025-03-10,SKU0025,31,WH_C
2025-03-10,SKU0026,10,WH_B
2025-03-10,SKU0027,116,WH_B
2025-03-10,SKU0028,96,WH_B
2025-03-10,SKU0029,71,WH_C
2025-03-10,SKU0030,32,WH_B
2025-03-10,SKU0031,21,WH_A
2025-03-10,SKU0032,59,WH_A
2025-03-10,SKU0033,50,WH_C
2025-03-10,SKU0034,127,WH_A
2025-03-10,SKU0035,69,WH_A
2025-03-10,SKU0036,73,WH_C
2025-03-10,SKU0037,97,WH_B
2025-03-10,SKU0038,97,WH_A
2025-03-10,SKU0039,64,WH_C
2025-03-10,SKU0040,61,WH_C
2025-03-10,SKU0041,123,WH_A
2025-03-10,SKU0042,48,WH_B
2025-03-10,SKU0043,2,WH_A
2025-03-10,SKU0044,109,WH_B
2025-03-10,SKU0045,50,WH_A
2025-03-10,SKU0046,94,WH_A
2025-03-10,SKU0047,103,WH_A
2025-03-10,SKU0048,81,WH_B
2025-03-10,SKU0049,17,WH_B
2025-03-10,SKU0050,99,WH_C
2025-03-10,SKU0051,50,WH_B
2025-03-10,SKU0052,110,WH_A
2025-03-10,SKU0053,67,WH_B
2025-03-10,SKU0054,22,WH_C
2025-03-10,SKU0055,44,WH_A
2025-03-10,SKU0056,0,WH_B
2025-03-10,SKU0057,53,WH_C
2025-03-10,SKU0058,59,WH_A
2025-03-10,SKU0059,83,WH_B
2025-03-10,SKU0060,114,WH_A
2025-03-10,SKU0061,75,WH_B
2025-03-10,SKU0062,70,WH_A
2025-03-10,SKU0063,108,WH_C
2025-03-10,SKU0064,43,WH_C
2025-03-10,SKU0065,117,WH_C
2025-03-10,SKU0066,77,WH_C
2025-03-10,SKU0067,67,WH_A
2025-03-10,SKU0068,46,WH_B
2025-03-10,SKU0069,42,WH_A
2025-03-10,SKU0070,80,WH_A
2025-03-10,SKU0071,0,WH_C
2025-03-10,SKU0072,75,WH_A
2025-03-10,SKU0073,12,WH_C
2025-03-10,SKU0074,0,WH_B
2025-03-10,SKU0075,98,WH_B
2025-03-10,SKU0076,10,WH_C
2025-03-10,SKU0077,52,WH_C
2025-03-10,SKU0078,113,WH_C
2025-03-10,SKU0079,68,WH_C
2025-03-10,SKU0080,107,WH_C
2025-03-11,SKU0001,99,WH_C
2025-03-11,SKU0002,19,WH_C
2025-03-11,SKU0003,14,WH_A
2025-03-11,SKU0004,55,WH_B
2025-03-11,SKU0005,118,WH_C
2025-03-11,SKU0006,115,WH_A
2025-03-11,SKU0007,39,WH_A
2025-03-11,SKU0008,39,WH_C
2025-03-11,SKU0009,36,WH_C
2025-03-11,SKU0010,110,WH_A
2025-03-11,SKU0011,47,WH_B
2025-03-11,SKU0012,20,WH_B
2025-03-11,SKU0013,22,WH_C
2025-03-11,SKU0014,11,WH_B
2025-03-11,SKU0015,69,WH_B
2025-03-11,SKU0016,70,WH_B
2025-03-11,SKU0017,56,WH_C
2025-03-11,SKU0018,40,WH_C
2025-03-11,SKU0019,109,WH_C
2025-03-11,SKU0020,94,WH_B
2025-03-11,SKU0021,33,WH_B
2025-03-11,SKU0022,44,WH_C
2025-03-11,SKU0023,46,WH_A
2025-03-11,SKU0024,111,WH_A
2025-03-11,SKU0025,63,WH_A
2025-03-11,SKU0026,61,WH_C
2025-03-11,SKU0027,0,WH_A
2025-03-11,SKU0028,19,WH_C
2025-03-11,SKU0029,23,WH_C
2025-03-11,SKU0030,50,WH_C
2025-03-11,SKU0031,84,WH_C
2025-03-11,SKU0032,106,WH_B
2025-03-11,SKU0033,125,WH_A
2025-03-11,SKU0034,31,WH_B
2025-03-11,SKU0035,27,WH_B
2025-03-11,SKU0036,95,WH_A
2025-03-11,SKU0037,62,WH_B
2025-03-11,SKU0038,89,WH_A
2025-03-11,SKU0039,35,WH_C
2025-03-11,SKU0040,58,WH_C
2025-03-11,SKU0041,85,WH_A
2025-03-11,SKU0042,32,WH_B
2025-03-11,SKU0043,78,WH_A
2025-03-11,SKU0044,89,WH_B
2025-03-11,SKU0045,42,WH_B
2025-03-11,SKU0046,0,WH_B
2025-03-11,SKU0047,103,WH_C
2025-03-11,SKU0048,100,WH_A
2025-03-11,SKU0049,54,WH_A
2025-03-11,SKU0050,74,WH_C
2025-03-11,SKU0051,8,WH_C
2025-03-11,SKU0052,76,WH_A
2025-03-11,SKU0053,86,WH_C
2025-03-11,SKU0054,118,WH_B
2025-03-11,SKU0055,123,WH_A
2025-03-11,SKU0056,113,WH_A
2025-03-11,SKU0057,11,WH_C
2025-03-11,SKU0058,79,WH_B
2025-03-11,SKU0059,15,WH_A
2025-03-11,SKU0060,100,WH_C
2025-03-11,SKU0061,61,WH_B
2025-03-11,SKU0062,33,WH_C
2025-03-11,SKU0063,93,WH_C
2025-03-11,SKU0064,18,WH_B
2025-03-11,SKU0065,63,WH_C
2025-03-11,SKU0066,118,WH_C
2025-03-11,SKU0067,126,WH_C
2025-03-11,SKU0068,98,WH_C
2025-03-11,SKU0069,61,WH_A
2025-03-11,SKU0070,107,WH_B
2025-03-11,SKU0071,36,WH_B
2025-03-11,SKU0072,77,WH_A
2025-03-11,SKU0073,87,WH_A
2025-03-11,SKU0074,79,WH_C
2025-03-11,SKU0075,112,WH_B
2025-03-11,SKU0076,51,WH_C
2025-03-11,SKU0077,20,WH_B
2025-03-11,SKU0078,10,WH_B
2025-03-11,SKU0079,40,WH_C
2025-03-11,SKU0080,106,WH_B
2025-03-12,SKU0001,72,WH_C
2025-03-12,SKU0002,0,WH_C
2025-03-12,SKU0003,67,WH_B
2025-03-12,SKU0004,111,WH_C
2025-03-12,SKU0005,55,WH_C
2025-03-12,SKU0006,36,WH_A
2025-03-12,SKU0007,0,WH_B
2025-03-12,SKU0008,42,WH_C
2025-03-12,SKU0009,53,WH_B
2025-03-12,SKU0010,54,WH_C
2025-03-12,SKU0011,64,WH_B
2025-03-12,SKU0012,27,WH_C
2025-03-12,SKU0013,84,WH_C
2025-03-12,SKU0014,73,WH_A
2025-03-12,SKU0015,80,WH_A
2025-03-12,SKU0016,77,WH_C
2025-03-12,SKU0017,108,WH_C
2025-03-12,SKU0018,0,WH_A
2025-03-12,SKU0019,33,WH_C
2025-03-12,SKU0020,80,WH_A
2025-03-12,SKU0021,46,WH_B
2025-03-12,SKU0022,92,WH_C
2025-03-12,SKU0023,41,WH_B
2025-03-12,SKU0024,62,WH_A
2025-03-12,SKU0025,67,WH_C
2025-03-12,SKU0026,84,WH_A
2025-03-12,SKU0027,0,WH_A
2025-03-12,SKU0028,34,WH_C
2025-03-12,SKU0029,65,WH_C
2025-03-12,SKU0030,34,WH_B
2025-03-12,SKU0031,0,WH_C
2025-03-12,SKU0032,109,WH_B
2025-03-12,SKU0033,83,WH_A
2025-03-12,SKU0034,67,WH_C
2025-03-12,SKU0035,0,WH_C
2025-03-12,SKU0036,80,WH_B
2025-03-12,SKU0037,90,WH_A
2025-03-12,SKU0038,83,WH_C
2025-03-12,SKU0039,96,WH_B
2025-03-12,SKU0040,120,WH_B
2025-03-12,SKU0041,59,WH_C
2025-03-12,SKU0042,78,WH_B
2025-03-12,SKU0043,68,WH_C
2025-03-12,SKU0044,80,WH_C
2025-03-12,SKU0045,59,WH_B
2025-03-12,SKU0046,72,WH_C
2025-03-12,SKU0047,74,WH_B
2025-03-12,SKU0048,52,WH_C
2025-03-12,SKU0049,0,WH_A
2025-03-12,SKU0050,108,WH_A
2025-03-12,SKU0051,10,WH_C
2025-03-12,SKU0052,60,WH_C
2025-03-12,SKU0053,54,WH_C
2025-03-12,SKU0054,57,WH_C
2025-03-12,SKU0055,77,WH_B
2025-03-12,SKU0056,78,WH_A
2025-03-12,SKU0057,7,WH_C
2025-03-12,SKU0058,49,WH_A
2025-03-12,SKU0059,13,WH_C
2025-03-12,SKU0060,58,WH_C
2025-03-12,SKU0061,88,WH_B
2025-03-12,SKU0062,0,WH_C
2025-03-12,SKU0063,30,WH_B
2025-03-12,SKU0064,3,WH_C
2025-03-12,SKU0065,34,WH_A
2025-03-12,SKU0066,72,WH_A
2025-03-12,SKU0067,79,WH_A
2025-03-12,SKU0068,36,WH_A
2025-03-12,SKU0069,86,WH_B
2025-03-12,SKU0070,0,WH_A
2025-03-12,SKU0071,83,WH_A
2025-03-12,SKU0072,82,WH_A
2025-03-12,SKU0073,42,WH_B
2025-03-12,SKU0074,101,WH_B
2025-03-12,SKU0075,125,WH_C
2025-03-12,SKU0076,67,WH_B
2025-03-12,SKU0077,64,WH_B
2025-03-12,SKU0078,8,WH_A
2025-03-12,SKU0079,85,WH_A
2025-03-12,SKU0080,60,WH_C
2025-03-13,SKU0001,39,WH_A
2025-03-13,SKU0002,99,WH_B
2025-03-13,SKU0003,0,WH_A
2025-03-13,SKU0004,115,WH_C
2025-03-13,SKU0005,103,WH_A
2025-03-13,SKU0006,41,WH_C
2025-03-13,SKU0007,35,WH_C
2025-03-13,SKU0008,82,WH_C
2025-03-13,SKU0009,34,WH_A
2025-03-13,SKU0010,106,WH_A
2025-03-13,SKU0011,82,WH_B
2025-03-13,SKU0012,4,WH_B
2025-03-13,SKU0013,70,WH_C
2025-03-13,SKU0014,86,WH_B
2025-03-13,SKU0015,15,WH_A
2025-03-13,SKU0016,103,WH_A
2025-03-13,SKU0017,22,WH_B
2025-03-13,SKU0018,18,WH_B
2025-03-13,SKU0019,73,WH_C
2025-03-13,SKU0020,114,WH_C
2025-03-13,SKU0021,89,WH_C
2025-03-13,SKU0022,0,WH_A
2025-03-13,SKU0023,77,WH_B
2025-03-13,SKU0024,69,WH_B
2025-03-13,SKU0025,72,WH_C
2025-03-13,SKU0026,19,WH_C
2025-03-13,SKU0027,21,WH_B
2025-03-13,SKU0028,27,WH_C
2025-03-13,SKU0029,99,WH_B
2025-03-13,SKU0030,112,WH_A
2025-03-13,SKU0031,37,WH_C
2025-03-13,SKU0032,12,WH_A
2025-03-13,SKU0033,40,WH_A
2025-03-13,SKU0034,4,WH_B
2025-03-13,SKU0035,83,WH_A
2025-03-13,SKU0036,25,WH_B
2025-03-13,SKU0037,31,WH_B
2025-03-13,SKU0038,88,WH_A
2025-03-13,SKU0039,55,WH_C
2025-03-13,SKU0040,90,WH_A
2025-03-13,SKU0041,23,WH_C
2025-03-13,SKU0042,95,WH_C
2025-03-13,SKU0043,100,WH_A
2025-03-13,SKU0044,44,WH_B
2025-03-13,SKU0045,77,WH_A
2025-03-13,SKU0046,106,WH_B
2025-03-13,SKU0047,104,WH_B
2025-03-13,SKU0048,86,WH_C
2025-03-13,SKU0049,44,WH_A
2025-03-13,SKU0050,43,WH_C
2025-03-13,SKU0051,36,WH_C
2025-03-13,SKU0052,60,WH_B
2025-03-13,SKU0053,98,WH_B
2025-03-13,SKU0054,43,WH_A
2025-03-13,SKU0055,59,WH_B
2025-03-13,SKU0056,89,WH_C
2025-03-13,SKU0057,106,WH_A
2025-03-13,SKU0058,100,WH_C
2025-03-13,SKU0059,39,WH_C
2025-03-13,SKU0060,44,WH_C
2025-03-13,SKU0061,97,WH_C
2025-03-13,SKU0062,15,WH_B
2025-03-13,SKU0063,84,WH_B
2025-03-13,SKU0064,6,WH_B
2025-03-13,SKU0065,67,WH_C
2025-03-13,SKU0066,27,WH_C
2025-03-13,SKU0067,115,WH_B
2025-03-13,SKU0068,39,WH_B
2025-03-13,SKU0069,23,WH_C
2025-03-13,SKU0070,83,WH_A
2025-03-13,SKU0071,51,WH_A
2025-03-13,SKU0072,69,WH_C
2025-03-13,SKU0073,51,WH_C
2025-03-13,SKU0074,53,WH_B
2025-03-13,SKU0075,25,WH_C
2025-03-13,SKU0076,50,WH_A
2025-03-13,SKU0077,59,WH_B
2025-03-13,SKU0078,64,WH_C
2025-03-13,SKU0079,27,WH_A
2025-03-13,SKU0080,122,WH_C
2025-03-14,SKU0001,74,WH_A
2025-03-14,SKU0002,77,WH_A
2025-03-14,SKU0003,0,WH_A
2025-03-14,SKU0004,10,WH_B
2025-03-14,SKU0005,16,WH_A
2025-03-14,SKU0006,14,WH_C
2025-03-14,SKU0007,116,WH_B
2025-03-14,SKU0008,60,WH_B
2025-03-14,SKU0009,38,WH_B
2025-03-14,SKU0010,115,WH_A
2025-03-14,SKU0011,40,WH_B
2025-03-14,SKU0012,99,WH_B
2025-03-14,SKU0013,42,WH_B
2025-03-14,SKU0014,79,WH_A
2025-03-14,SKU0015,94,WH_B
2025-03-14,SKU0016,75,WH_A
2025-03-14,SKU0017,121,WH_A
2025-03-14,SKU0018,35,WH_B
2025-03-14,SKU0019,56,WH_B
2025-03-14,SKU0020,17,WH_A
2025-03-14,SKU0021,50,WH_C
2025-03-14,SKU0022,7,WH_B
2025-03-14,SKU0023,11,WH_B
2025-03-14,SKU0024,19,WH_C
2025-03-14,SKU0025,43,WH_A
2025-03-14,SKU0026,30,WH_C
2025-03-14,SKU0027,86,WH_C
2025-03-14,SKU0028,8,WH_C
2025-03-14,SKU0029,50,WH_B
2025-03-14,SKU0030,19,WH_B
2025-03-14,SKU0031,94,WH_A
2025-03-14,SKU0032,95,WH_B
2025-03-14,SKU0033,9,WH_B
2025-03-14,SKU0034,86,WH_A
2025-03-14,SKU0035,41,WH_A
2025-03-14,SKU0036,25,WH_A
2025-03-14,SKU0037,0,WH_A
2025-03-14,SKU0038,86,WH_A
2025-03-14,SKU0039,36,WH_C
2025-03-14,SKU0040,0,WH_C
2025-03-14,SKU0041,20,WH_B
2025-03-14,SKU0042,0,WH_C
2025-03-14,SKU0043,0,WH_B
2025-03-14,SKU0044,107,WH_A
2025-03-14,SKU0045,14,WH_A
2025-03-14,SKU0046,0,WH_A
2025-03-14,SKU0047,10,WH_B
2025-03-14,SKU0048,52,WH_C
2025-03-14,SKU0049,30,WH_A
2025-03-14,SKU0050,82,WH_C
2025-03-14,SKU0051,69,WH_C
2025-03-14,SKU0052,92,WH_B
2025-03-14,SKU0053,70,WH_A
2025-03-14,SKU0054,75,WH_C
2025-03-14,SKU0055,75,WH_C
2025-03-14,SKU0056,50,WH_B
2025-03-14,SKU0057,51,WH_C
2025-03-14,SKU0058,96,WH_C
2025-03-14,SKU0059,124,WH_B
2025-03-14,SKU0060,0,WH_B
2025-03-14,SKU0061,0,WH_C
2025-03-14,SKU0062,97,WH_C
2025-03-14,SKU0063,89,WH_C
2025-03-14,SKU0064,89,WH_A
2025-03-14,SKU0065,82,WH_C
2025-03-14,SKU0066,57,WH_B
2025-03-14,SKU0067,26,WH_A
2025-03-14,SKU0068,48,WH_B
2025-03-14,SKU0069,39,WH_B
2025-03-14,SKU0070,37,WH_B
2025-03-14,SKU0071,71,WH_B
2025-03-14,SKU0072,114,WH_B
2025-03-14,SKU0073,116,WH_B
2025-03-14,SKU0074,0,WH_C
2025-03-14,SKU0075,52,WH_B
2025-03-14,SKU0076,16,WH_B
2025-03-14,SKU0077,61,WH_A
2025-03-14,SKU0078,71,WH_B
2025-03-14,SKU0079,96,WH_C
2025-03-14,SKU0080,57,WH_A
2025-03-15,SKU0001,12,WH_A
2025-03-15,SKU0002,57,WH_A
2025-03-15,SKU0003,0,WH_A
2025-03-15,SKU0004,32,WH_B
2025-03-15,SKU0005,0,WH_C
2025-03-15,SKU0006,92,WH_A
2025-03-15,SKU0007,20,WH_A
2025-03-15,SKU0008,2,WH_B
2025-03-15,SKU0009,0,WH_A
2025-03-15,SKU0010,47,WH_A
2025-03-15,SKU0011,82,WH_C
2025-03-15,SKU0012,10,WH_B
2025-03-15,SKU0013,87,WH_B
2025-03-15,SKU0014,14,WH_A
2025-03-15,SKU0015,34,WH_A
2025-03-15,SKU0016,45,WH_C
2025-03-15,SKU0017,60,WH_B
2025-03-15,SKU0018,117,WH_B
2025-03-15,SKU0019,74,WH_C
2025-03-15,SKU0020,83,WH_C
2025-03-15,SKU0021,95,WH_C
2025-03-15,SKU0022,93,WH_C
2025-03-15,SKU0023,93,WH_A
2025-03-15,SKU0024,67,WH_C
2025-03-15,SKU0025,89,WH_C
2025-03-15,SKU0026,27,WH_A
2025-03-15,SKU0027,107,WH_C
2025-03-15,SKU0028,15,WH_A
2025-03-15,SKU0029,42,WH_C
2025-03-15,SKU0030,0,WH_C
2025-03-15,SKU0031,65,WH_A
2025-03-15,SKU0032,84,WH_C
2025-03-15,SKU0033,105,WH_C
2025-03-15,SKU0034,32,WH_B
2025-03-15,SKU0035,0,WH_A
2025-03-15,SKU0036,125,WH_B
2025-03-15,SKU0037,67,WH_B
2025-03-15,SKU0038,20,WH_B
2025-03-15,SKU0039,97,WH_A
2025-03-15,SKU0040,86,WH_A
2025-03-15,SKU0041,84,WH_B
2025-03-15,SKU0042,0,WH_B
2025-03-15,SKU0043,55,WH_A
2025-03-15,SKU0044,102,WH_B
2025-03-15,SKU0045,34,WH_C
2025-03-15,SKU0046,44,WH_B
2025-03-15,SKU0047,94,WH_C
2025-03-15,SKU0048,43,WH_A
2025-03-15,SKU0049,0,WH_B
2025-03-15,SKU0050,59,WH_A
2025-03-15,SKU0051,28,WH_A
2025-03-15,SKU0052,21,WH_A
2025-03-15,SKU0053,108,WH_A
2025-03-15,SKU0054,52,WH_C
2025-03-15,SKU0055,94,WH_C
2025-03-15,SKU0056,79,WH_C
2025-03-15,SKU0057,18,WH_C
2025-03-15,SKU0058,75,WH_C
2025-03-15,SKU0059,49,WH_A
2025-03-15,SKU0060,32,WH_B
2025-03-15,SKU0061,21,WH_A
2025-03-15,SKU0062,91,WH_C
2025-03-15,SKU0063,89,WH_C
2025-03-15,SKU0064,81,WH_B
2025-03-15,SKU0065,86,WH_B
2025-03-15,SKU0066,50,WH_B
2025-03-15,SKU0067,64,WH_B
2025-03-15,SKU0068,110,WH_C
2025-03-15,SKU0069,115,WH_C
2025-03-15,SKU0070,107,WH_A
2025-03-15,SKU0071,88,WH_B
2025-03-15,SKU0072,86,WH_C
2025-03-15,SKU0073,102,WH_A
2025-03-15,SKU0074,68,WH_C
2025-03-15,SKU0075,57,WH_C
2025-03-15,SKU0076,24,WH_A
2025-03-15,SKU0077,53,WH_A
2025-03-15,SKU0078,0,WH_C
2025-03-15,SKU0079,8,WH_A
2025-03-15,SKU0080,31,WH_A
2025-03-16,SKU0001,51,WH_A
2025-03-16,SKU0002,47,WH_C
2025-03-16,SKU0003,26,WH_A
2025-03-16,SKU0004,21,WH_A
2025-03-16,SKU0005,84,WH_C
2025-03-16,SKU0006,54,WH_B
2025-03-16,SKU0007,23,WH_C
2025-03-16,SKU0008,125,WH_A
2025-03-16,SKU0009,44,WH_B
2025-03-16,SKU0010,56,WH_C
2025-03-16,SKU0011,49,WH_A
2025-03-16,SKU0012,38,WH_A
2025-03-16,SKU0013,36,WH_C
2025-03-16,SKU0014,11,WH_B
2025-03-16,SKU0015,13,WH_B
2025-03-16,SKU0016,26,WH_A
2025-03-16,SKU0017,95,WH_C
2025-03-16,SKU0018,82,WH_B
2025-03-16,SKU0019,29,WH_C
2025-03-16,SKU0020,104,WH_C
2025-03-16,SKU0021,26,WH_B
2025-03-16,SKU0022,63,WH_A
2025-03-16,SKU0023,47,WH_C
2025-03-16,SKU0024,0,WH_B
2025-03-16,SKU0025,84,WH_B
2025-03-16,SKU0026,75,WH_C
2025-03-16,SKU0027,58,WH_C
2025-03-16,SKU0028,52,WH_C
2025-03-16,SKU0029,54,WH_C
2025-03-16,SKU0030,93,WH_A
2025-03-16,SKU0031,23,WH_B
2025-03-16,SKU0032,35,WH_C
2025-03-16,SKU0033,14,WH_B
2025-03-16,SKU0034,10,WH_A
2025-03-16,SKU0035,107,WH_B
2025-03-16,SKU0036,0,WH_B
2025-03-16,SKU0037,63,WH_B
2025-03-16,SKU0038,60,WH_C
2025-03-16,SKU0039,56,WH_C
2025-03-16,SKU0040,42,WH_A
2025-03-16,SKU0041,82,WH_B
2025-03-16,SKU0042,56,WH_B
2025-03-16,SKU0043,70,WH_A
2025-03-16,SKU0044,14,WH_C
2025-03-16,SKU0045,23,WH_C
2025-03-16,SKU0046,37,WH_C
2025-03-16,SKU0047,92,WH_C
2025-03-16,SKU0048,71,WH_B
2025-03-16,SKU0049,78,WH_B
2025-03-16,SKU0050,73,WH_B
2025-03-16,SKU0051,63,WH_A
2025-03-16,SKU0052,39,WH_B
2025-03-16,SKU0053,71,WH_A
2025-03-16,SKU0054,80,WH_A
2025-03-16,SKU0055,112,WH_B
2025-03-16,SKU0056,47,WH_B
2025-03-16,SKU0057,79,WH_B
2025-03-16,SKU0058,21,WH_B
2025-03-16,SKU0059,85,WH_A
2025-03-16,SKU0060,113,WH_C
2025-03-16,SKU0061,104,WH_C
2025-03-16,SKU0062,79,WH_C
2025-03-16,SKU0063,46,WH_A
2025-03-16,SKU0064,56,WH_A
2025-03-16,SKU0065,112,WH_B
2025-03-16,SKU0066,16,WH_B
2025-03-16,SKU0067,51,WH_C
2025-03-16,SKU0068,76,WH_A
2025-03-16,SKU0069,29,WH_B
2025-03-16,SKU0070,80,WH_B
2025-03-16,SKU0071,0,WH_A
2025-03-16,SKU0072,66,WH_B
2025-03-16,SKU0073,112,WH_A
2025-03-16,SKU0074,20,WH_B
2025-03-16,SKU0075,104,WH_B
2025-03-16,SKU0076,72,WH_B
2025-03-16,SKU0077,84,WH_B
2025-03-16,SKU0078,68,WH_B
2025-03-16,SKU0079,86,WH_A
2025-03-16,SKU0080,19,WH_C
2025-03-17,SKU0001,19,WH_C
2025-03-17,SKU0002,100,WH_A
2025-03-17,SKU0003,84,WH_C
2025-03-17,SKU0004,73,WH_C
2025-03-17,SKU0005,98,WH_B
2025-03-17,SKU0006,123,WH_A
2025-03-17,SKU0007,63,WH_B
2025-03-17,SKU0008,25,WH_A
2025-03-17,SKU0009,37,WH_B
2025-03-17,SKU0010,107,WH_A
2025-03-17,SKU0011,119,WH_A
2025-03-17,SKU0012,113,WH_C
2025-03-17,SKU0013,67,WH_A
2025-03-17,SKU0014,77,WH_B
2025-03-17,SKU0015,18,WH_B
2025-03-17,SKU0016,71,WH_C
2025-03-17,SKU0017,67,WH_C
2025-03-17,SKU0018,19,WH_C
2025-03-17,SKU0019,0,WH_B
2025-03-17,SKU0020,13,WH_A
2025-03-17,SKU0021,0,WH_C
2025-03-17,SKU0022,17,WH_B
2025-03-17,SKU0023,71,WH_C
2025-03-17,SKU0024,21,WH_C
2025-03-17,SKU0025,113,WH_A
2025-03-17,SKU0026,40,WH_A
2025-03-17,SKU0027,0,WH_B
2025-03-17,SKU0028,110,WH_C
2025-03-17,SKU0029,56,WH_A
2025-03-17,SKU0030,42,WH_B
2025-03-17,SKU0031,98,WH_A
2025-03-17,SKU0032,37,WH_A
2025-03-17,SKU0033,56,WH_B
2025-03-17,SKU0034,6,WH_A
2025-03-17,SKU0035,48,WH_A
2025-03-17,SKU0036,131,WH_A
2025-03-17,SKU0037,21,WH_C
2025-03-17,SKU0038,105,WH_A
2025-03-17,SKU0039,12,WH_B
2025-03-17,SKU0040,51,WH_C
2025-03-17,SKU0041,0,WH_B
2025-03-17,SKU0042,13,WH_C
2025-03-17,SKU0043,23,WH_B
2025-03-17,SKU0044,60,WH_B
2025-03-17,SKU0045,26,WH_A
2025-03-17,SKU0046,100,WH_C
2025-03-17,SKU0047,46,WH_A
2025-03-17,SKU0048,66,WH_C
2025-03-17,SKU0049,4,WH_A
2025-03-17,SKU0050,99,WH_A
2025-03-17,SKU0051,4,WH_B
2025-03-17,SKU0052,122,WH_C
2025-03-17,SKU0053,56,WH_C
2025-03-17,SKU0054,70,WH_B
2025-03-17,SKU0055,60,WH_B
2025-03-17,SKU0056,109,WH_A
2025-03-17,SKU0057,31,WH_A
2025-03-17,SKU0058,76,WH_A
2025-03-17,SKU0059,19,WH_B
2025-03-17,SKU0060,25,WH_B
2025-03-17,SKU0061,7,WH_B
2025-03-17,SKU0062,20,WH_A
2025-03-17,SKU0063,25,WH_C
2025-03-17,SKU0064,118,WH_A
2025-03-17,SKU0065,105,WH_B
2025-03-17,SKU0066,0,WH_B
2025-03-17,SKU0067,0,WH_B
2025-03-17,SKU0068,113,WH_B
2025-03-17,SKU0069,90,WH_B
2025-03-17,SKU0070,116,WH_B
2025-03-17,SKU0071,109,WH_B
2025-03-17,SKU0072,65,WH_A
2025-03-17,SKU0073,44,WH_B
2025-03-17,SKU0074,59,WH_A
2025-03-17,SKU0075,98,WH_C
2025-03-17,SKU0076,65,WH_B
2025-03-17,SKU0077,20,WH_A
2025-03-17,SKU0078,18,WH_A
2025-03-17,SKU0079,88,WH_A
2025-03-17,SKU0080,30,WH_B
2025-03-18,SKU0001,3,WH_A
2025-03-18,SKU0002,45,WH_B
2025-03-18,SKU0003,112,WH_A
2025-03-18,SKU0004,86,WH_C
2025-03-18,SKU0005,37,WH_C
2025-03-18,SKU0006,39,WH_C
2025-03-18,SKU0007,79,WH_A
2025-03-18,SKU0008,98,WH_A
2025-03-18,SKU0009,108,WH_C
2025-03-18,SKU0010,49,WH_A
2025-03-18,SKU0011,87,WH_A
2025-03-18,SKU0012,110,WH_C
2025-03-18,SKU0013,117,WH_C
2025-03-18,SKU0014,14,WH_A
2025-03-18,SKU0015,34,WH_A
2025-03-18,SKU0016,33,WH_A
2025-03-18,SKU0017,60,WH_B
2025-03-18,SKU0018,117,WH_B
2025-03-18,SKU0019,0,WH_C
2025-03-18,SKU0020,99,WH_C
2025-03-18,SKU0021,22,WH_C
2025-03-18,SKU0022,120,WH_C
2025-03-18,SKU0023,24,WH_C
2025-03-18,SKU0024,86,WH_A
2025-03-18,SKU0025,50,WH_B
2025-03-18,SKU0026,105,WH_A
2025-03-18,SKU0027,123,WH_B
2025-03-18,SKU0028,62,WH_C
2025-03-18,SKU0029,89,WH_C
2025-03-18,SKU0030,90,WH_A
2025-03-18,SKU0031,64,WH_B
2025-03-18,SKU0032,0,WH_A
2025-03-18,SKU0033,102,WH_B
2025-03-18,SKU0034,67,WH_A
2025-03-18,SKU0035,121,WH_C
2025-03-18,SKU0036,113,WH_B
2025-03-18,SKU0037,24,WH_B
2025-03-18,SKU0038,98,WH_C
2025-03-18,SKU0039,27,WH_C
2025-03-18,SKU0040,63,WH_C
2025-03-18,SKU0041,18,WH_B
2025-03-18,SKU0042,28,WH_C
2025-03-18,SKU0043,114,WH_B
2025-03-18,SKU0044,50,WH_C
2025-03-18,SKU0045,8,WH_C
2025-03-18,SKU0046,74,WH_A
2025-03-18,SKU0047,32,WH_C
2025-03-18,SKU0048,104,WH_C
2025-03-18,SKU0049,10,WH_B
2025-03-18,SKU0050,73,WH_A
2025-03-18,SKU0051,45,WH_A
2025-03-18,SKU0052,50,WH_A
2025-03-18,SKU0053,89,WH_A
2025-03-18,SKU0054,131,WH_A
2025-03-18,SKU0055,53,WH_C
2025-03-18,SKU0056,44,WH_A
2025-03-18,SKU0057,40,WH_B
2025-03-18,SKU0058,36,WH_C
2025-03-18,SKU0059,45,WH_A
2025-03-18,SKU0060,90,WH_B
2025-03-18,SKU0061,13,WH_B
2025-03-18,SKU0062,123,WH_A
2025-03-18,SKU0063,100,WH_C
2025-03-18,SKU0064,84,WH_B
2025-03-18,SKU0065,46,WH_B
2025-03-18,SKU0066,52,WH_B
2025-03-18,SKU0067,101,WH_A
2025-03-18,SKU0068,79,WH_A
2025-03-18,SKU0069,118,WH_C
2025-03-18,SKU0070,27,WH_B
2025-03-18,SKU0071,90,WH_C
2025-03-18,SKU0072,109,WH_C
2025-03-18,SKU0073,98,WH_B
2025-03-18,SKU0074,119,WH_C
2025-03-18,SKU0075,0,WH_C
2025-03-18,SKU0076,63,WH_C
2025-03-18,SKU0077,102,WH_B
2025-03-18,SKU0078,72,WH_A
2025-03-18,SKU0079,40,WH_C
2025-03-18,SKU0080,25,WH_B
2025-03-19,SKU0001,5,WH_B
2025-03-19,SKU0002,75,WH_B
2025-03-19,SKU0003,72,WH_C
2025-03-19,SKU0004,25,WH_C
2025-03-19,SKU0005,129,WH_C
2025-03-19,SKU0006,72,WH_A
2025-03-19,SKU0007,0,WH_C
2025-03-19,SKU0008,129,WH_A
2025-03-19,SKU0009,21,WH_A
2025-03-19,SKU0010,83,WH_B
2025-03-19,SKU0011,4,WH_A
2025-03-19,SKU0012,0,WH_C
2025-03-19,SKU0013,103,WH_B
2025-03-19,SKU0014,36,WH_B
2025-03-19,SKU0015,121,WH_A
2025-03-19,SKU0016,55,WH_B
2025-03-19,SKU0017,72,WH_B
2025-03-19,SKU0018,94,WH_A
2025-03-19,SKU0019,85,WH_C
2025-03-19,SKU0020,38,WH_C
2025-03-19,SKU0021,71,WH_B
2025-03-19,SKU0022,43,WH_A
2025-03-19,SKU0023,78,WH_A
2025-03-19,SKU0024,118,WH_B
2025-03-19,SKU0025,0,WH_A
2025-03-19,SKU0026,22,WH_C
2025-03-19,SKU0027,17,WH_A
2025-03-19,SKU0028,1,WH_B
2025-03-19,SKU0029,48,WH_A
2025-03-19,SKU0030,75,WH_A
2025-03-19,SKU0031,0,WH_A
2025-03-19,SKU0032,7,WH_A
2025-03-19,SKU0033,69,WH_A
2025-03-19,SKU0034,109,WH_C
2025-03-19,SKU0035,90,WH_A
2025-03-19,SKU0036,117,WH_A
2025-03-19,SKU0037,44,WH_A
2025-03-19,SKU0038,1,WH_A
2025-03-19,SKU0039,47,WH_B
2025-03-19,SKU0040,19,WH_A
2025-03-19,SKU0041,107,WH_C
2025-03-19,SKU0042,86,WH_C
2025-03-19,SKU0043,24,WH_B
2025-03-19,SKU0044,46,WH_B
2025-03-19,SKU0045,116,WH_A
2025-03-19,SKU0046,79,WH_A
2025-03-19,SKU0047,127,WH_A
2025-03-19,SKU0048,60,WH_C
2025-03-19,SKU0049,108,WH_B
2025-03-19,SKU0050,64,WH_A
2025-03-19,SKU0051,28,WH_A
2025-03-19,SKU0052,107,WH_C
2025-03-19,SKU0053,57,WH_C
2025-03-19,SKU0054,19,WH_A
2025-03-19,SKU0055,0,WH_C
2025-03-19,SKU0056,92,WH_B
2025-03-19,SKU0057,105,WH_A
2025-03-19,SKU0058,77,WH_B
2025-03-19,SKU0059,48,WH_C
2025-03-19,SKU0060,27,WH_C
2025-03-19,SKU0061,79,WH_C
2025-03-19,SKU0062,56,WH_B
2025-03-19,SKU0063,44,WH_B
2025-03-19,SKU0064,0,WH_A
2025-03-19,SKU0065,43,WH_B
2025-03-19,SKU0066,90,WH_A
2025-03-19,SKU0067,24,WH_C
2025-03-19,SKU0068,59,WH_A
2025-03-19,SKU0069,34,WH_B
2025-03-19,SKU0070,93,WH_B
2025-03-19,SKU0071,71,WH_A
2025-03-19,SKU0072,91,WH_C
2025-03-19,SKU0073,11,WH_A
2025-03-19,SKU0074,65,WH_B
2025-03-19,SKU0075,40,WH_B
2025-03-19,SKU0076,119,WH_A
2025-03-19,SKU0077,89,WH_A
2025-03-19,SKU0078,48,WH_C
2025-03-19,SKU0079,5,WH_C
2025-03-19,SKU0080,103,WH_C
2025-03-20,SKU0001,25,WH_A
2025-03-20,SKU0002,37,WH_A
2025-03-20,SKU0003,41,WH_B
2025-03-20,SKU0004,68,WH_A
2025-03-20,SKU0005,36,WH_B
2025-03-20,SKU0006,33,WH_C
2025-03-20,SKU0007,81,WH_B
2025-03-20,SKU0008,19,WH_A
2025-03-20,SKU0009,0,WH_B
2025-03-20,SKU0010,80,WH_C
2025-03-20,SKU0011,1,WH_A
2025-03-20,SKU0012,14,WH_C
2025-03-20,SKU0013,84,WH_C
2025-03-20,SKU0014,50,WH_C
2025-03-20,SKU0015,113,WH_C
2025-03-20,SKU0016,59,WH_C
2025-03-20,SKU0017,60,WH_C
2025-03-20,SKU0018,42,WH_A
2025-03-20,SKU0019,104,WH_B
2025-03-20,SKU0020,73,WH_A
2025-03-20,SKU0021,97,WH_B
2025-03-20,SKU0022,112,WH_A
2025-03-20,SKU0023,82,WH_C
2025-03-20,SKU0024,114,WH_C
2025-03-20,SKU0025,0,WH_B
2025-03-20,SKU0026,116,WH_A
2025-03-20,SKU0027,1,WH_A
2025-03-20,SKU0028,108,WH_B
2025-03-20,SKU0029,113,WH_A
2025-03-20,SKU0030,22,WH_C
2025-03-20,SKU0031,43,WH_A
2025-03-20,SKU0032,79,WH_C
2025-03-20,SKU0033,30,WH_C
2025-03-20,SKU0034,89,WH_B
2025-03-20,SKU0035,52,WH_C
2025-03-20,SKU0036,70,WH_B
2025-03-20,SKU0037,0,WH_B
2025-03-20,SKU0038,0,WH_B
2025-03-20,SKU0039,72,WH_C
2025-03-20,SKU0040,90,WH_B
2025-03-20,SKU0041,104,WH_A
2025-03-20,SKU0042,70,WH_B
2025-03-20,SKU0043,89,WH_A
2025-03-20,SKU0044,112,WH_B
2025-03-20,SKU0045,70,WH_A
2025-03-20,SKU0046,31,WH_B
2025-03-20,SKU0047,0,WH_A
2025-03-20,SKU0048,101,WH_B
2025-03-20,SKU0049,67,WH_B
2025-03-20,SKU0050,5,WH_C
2025-03-20,SKU0051,0,WH_A
2025-03-20,SKU0052,49,WH_C
2025-03-20,SKU0053,97,WH_C
2025-03-20,SKU0054,88,WH_A
2025-03-20,SKU0055,102,WH_B
2025-03-20,SKU0056,43,WH_C
2025-03-20,SKU0057,79,WH_A
2025-03-20,SKU0058,5,WH_C
2025-03-20,SKU0059,34,WH_C
2025-03-20,SKU0060,57,WH_B
2025-03-20,SKU0061,33,WH_B
2025-03-20,SKU0062,36,WH_C
2025-03-20,SKU0063,83,WH_A
2025-03-20,SKU0064,61,WH_B
2025-03-20,SKU0065,111,WH_A
2025-03-20,SKU0066,54,WH_A
2025-03-20,SKU0067,46,WH_C
2025-03-20,SKU0068,26,WH_A
2025-03-20,SKU0069,26,WH_B
2025-03-20,SKU0070,0,WH_B
2025-03-20,SKU0071,44,WH_B
2025-03-20,SKU0072,101,WH_A
2025-03-20,SKU0073,63,WH_B
2025-03-20,SKU0074,40,WH_B
2025-03-20,SKU0075,50,WH_C
2025-03-20,SKU0076,35,WH_C
2025-03-20,SKU0077,70,WH_C
2025-03-20,SKU0078,47,WH_B
2025-03-20,SKU0079,49,WH_C
2025-03-20,SKU0080,69,WH_A
2025-03-21,SKU0001,75,WH_C
2025-03-21,SKU0002,100,WH_A
2025-03-21,SKU0003,16,WH_C
2025-03-21,SKU0004,0,WH_C
2025-03-21,SKU0005,8,WH_A
2025-03-21,SKU0006,41,WH_A
2025-03-21,SKU0007,90,WH_C
2025-03-21,SKU0008,105,WH_A
2025-03-21,SKU0009,47,WH_A
2025-03-21,SKU0010,120,WH_C
2025-03-21,SKU0011,21,WH_B
2025-03-21,SKU0012,96,WH_A
2025-03-21,SKU0013,79,WH_B
2025-03-21,SKU0014,14,WH_A
2025-03-21,SKU0015,84,WH_B
2025-03-21,SKU0016,89,WH_A
2025-03-21,SKU0017,36,WH_B
2025-03-21,SKU0018,93,WH_B
2025-03-21,SKU0019,43,WH_C
2025-03-21,SKU0020,0,WH_A
2025-03-21,SKU0021,56,WH_A
2025-03-21,SKU0022,84,WH_B
2025-03-21,SKU0023,89,WH_C
2025-03-21,SKU0024,90,WH_A
2025-03-21,SKU0025,88,WH_C
2025-03-21,SKU0026,31,WH_A
2025-03-21,SKU0027,0,WH_C
2025-03-21,SKU0028,0,WH_C
2025-03-21,SKU0029,121,WH_B
2025-03-21,SKU0030,35,WH_A
2025-03-21,SKU0031,68,WH_A
2025-03-21,SKU0032,71,WH_B
2025-03-21,SKU0033,101,WH_A
2025-03-21,SKU0034,31,WH_B
2025-03-21,SKU0035,52,WH_C
2025-03-21,SKU0036,130,WH_C
2025-03-21,SKU0037,72,WH_B
2025-03-21,SKU0038,88,WH_A
2025-03-21,SKU0039,94,WH_A
2025-03-21,SKU0040,57,WH_A
2025-03-21,SKU0041,22,WH_A
2025-03-21,SKU0042,12,WH_A
2025-03-21,SKU0043,0,WH_A
2025-03-21,SKU0044,84,WH_A
2025-03-21,SKU0045,0,WH_A
2025-03-21,SKU0046,18,WH_A
2025-03-21,SKU0047,115,WH_B
2025-03-21,SKU0048,95,WH_B
2025-03-21,SKU0049,82,WH_A
2025-03-21,SKU0050,65,WH_C
2025-03-21,SKU0051,47,WH_C
2025-03-21,SKU0052,35,WH_B
2025-03-21,SKU0053,50,WH_C
2025-03-21,SKU0054,0,WH_A
2025-03-21,SKU0055,119,WH_A
2025-03-21,SKU0056,32,WH_C
2025-03-21,SKU0057,81,WH_C
2025-03-21,SKU0058,117,WH_B
2025-03-21,SKU0059,102,WH_B
2025-03-21,SKU0060,127,WH_A
2025-03-21,SKU0061,86,WH_B
2025-03-21,SKU0062,42,WH_A
2025-03-21,SKU0063,0,WH_C
2025-03-21,SKU0064,59,WH_C
2025-03-21,SKU0065,0,WH_A
2025-03-21,SKU0066,85,WH_C
2025-03-21,SKU0067,45,WH_A
2025-03-21,SKU0068,25,WH_A
2025-03-21,SKU0069,93,WH_B
2025-03-21,SKU0070,49,WH_C
2025-03-21,SKU0071,96,WH_C
2025-03-21,SKU0072,69,WH_A
2025-03-21,SKU0073,28,WH_B
2025-03-21,SKU0074,25,WH_B
2025-03-21,SKU0075,23,WH_C
2025-03-21,SKU0076,107,WH_C
2025-03-21,SKU0077,68,WH_C
2025-03-21,SKU0078,49,WH_B
2025-03-21,SKU0079,64,WH_C
2025-03-21,SKU0080,99,WH_B
2025-03-22,SKU0001,59,WH_C
2025-03-22,SKU0002,14,WH_C
2025-03-22,SKU0003,108,WH_A
2025-03-22,SKU0004,60,WH_C
2025-03-22,SKU0005,52,WH_A
2025-03-22,SKU0006,42,WH_A
2025-03-22,SKU0007,72,WH_C
2025-03-22,SKU0008,27,WH_C
2025-03-22,SKU0009,25,WH_A
2025-03-22,SKU0010,115,WH_A
2025-03-22,SKU0011,26,WH_C
2025-03-22,SKU0012,84,WH_A
2025-03-22,SKU0013,89,WH_B
2025-03-22,SKU0014,17,WH_A
2025-03-22,SKU0015,66,WH_B
2025-03-22,SKU0016,60,WH_B
2025-03-22,SKU0017,112,WH_C
2025-03-22,SKU0018,98,WH_A
2025-03-22,SKU0019,63,WH_A
2025-03-22,SKU0020,99,WH_C
2025-03-22,SKU0021,99,WH_C
2025-03-22,SKU0022,98,WH_C
2025-03-22,SKU0023,0,WH_B
2025-03-22,SKU0024,115,WH_A
2025-03-22,SKU0025,94,WH_C
2025-03-22,SKU0026,15,WH_A
2025-03-22,SKU0027,35,WH_C
2025-03-22,SKU0028,65,WH_B
2025-03-22,SKU0029,44,WH_C
2025-03-22,SKU0030,92,WH_B
2025-03-22,SKU0031,0,WH_A
2025-03-22,SKU0032,58,WH_C
2025-03-22,SKU0033,80,WH_C
2025-03-22,SKU0034,30,WH_C
2025-03-22,SKU0035,46,WH_B
2025-03-22,SKU0036,76,WH_C
2025-03-22,SKU0037,99,WH_B
2025-03-22,SKU0038,104,WH_C
2025-03-22,SKU0039,30,WH_C
2025-03-22,SKU0040,0,WH_C
2025-03-22,SKU0041,20,WH_B
2025-03-22,SKU0042,34,WH_B
2025-03-22,SKU0043,76,WH_A
2025-03-22,SKU0044,74,WH_C
2025-03-22,SKU0045,98,WH_C
2025-03-22,SKU0046,62,WH_B
2025-03-22,SKU0047,19,WH_A
2025-03-22,SKU0048,33,WH_C
2025-03-22,SKU0049,70,WH_C
2025-03-22,SKU0050,59,WH_A
2025-03-22,SKU0051,107,WH_C
2025-03-22,SKU0052,82,WH_A
2025-03-22,SKU0053,40,WH_C
2025-03-22,SKU0054,78,WH_B
2025-03-22,SKU0055,6,WH_A
2025-03-22,SKU0056,24,WH_A
2025-03-22,SKU0057,20,WH_A
2025-03-22,SKU0058,42,WH_B
2025-03-22,SKU0059,99,WH_A
2025-03-22,SKU0060,63,WH_B
2025-03-22,SKU0061,61,WH_C
2025-03-22,SKU0062,78,WH_C
2025-03-22,SKU0063,30,WH_B
2025-03-22,SKU0064,30,WH_B
2025-03-22,SKU0065,21,WH_B
2025-03-22,SKU0066,111,WH_B
2025-03-22,SKU0067,69,WH_B
2025-03-22,SKU0068,61,WH_B
2025-03-22,SKU0069,12,WH_C
2025-03-22,SKU0070,112,WH_A
2025-03-22,SKU0071,96,WH_B
2025-03-22,SKU0072,129,WH_C
2025-03-22,SKU0073,115,WH_C
2025-03-22,SKU0074,24,WH_B
2025-03-22,SKU0075,106,WH_A
2025-03-22,SKU0076,111,WH_A
2025-03-22,SKU0077,103,WH_B
2025-03-22,SKU0078,23,WH_C
2025-03-22,SKU0079,34,WH_A
2025-03-22,SKU0080,105,WH_C
2025-03-23,SKU0001,53,WH_A
2025-03-23,SKU0002,51,WH_B
2025-03-23,SKU0003,0,WH_C
2025-03-23,SKU0004,109,WH_C
2025-03-23,SKU0005,44,WH_B
2025-03-23,SKU0006,75,WH_B
2025-03-23,SKU0007,9,WH_B
2025-03-23,SKU0008,0,WH_B
2025-03-23,SKU0009,13,WH_A
2025-03-23,SKU0010,96,WH_B
2025-03-23,SKU0011,52,WH_A
2025-03-23,SKU0012,97,WH_A
2025-03-23,SKU0013,51,WH_A
2025-03-23,SKU0014,42,WH_C
2025-03-23,SKU0015,93,WH_A
2025-03-23,SKU0016,87,WH_B
2025-03-23,SKU0017,94,WH_A
2025-03-23,SKU0018,85,WH_C
2025-03-23,SKU0019,31,WH_A
2025-03-23,SKU0020,44,WH_B
2025-03-23,SKU0021,70,WH_B
2025-03-23,SKU0022,41,WH_A
2025-03-23,SKU0023,40,WH_A
2025-03-23,SKU0024,86,WH_C
2025-03-23,SKU0025,60,WH_B
2025-03-23,SKU0026,61,WH_C
2025-03-23,SKU0027,112,WH_C
2025-03-23,SKU0028,103,WH_A
2025-03-23,SKU0029,85,WH_A
2025-03-23,SKU0030,69,WH_C
2025-03-23,SKU0031,76,WH_C
2025-03-23,SKU0032,39,WH_B
2025-03-23,SKU0033,91,WH_A
2025-03-23,SKU0034,23,WH_B
2025-03-23,SKU0035,34,WH_A
2025-03-23,SKU0036,57,WH_A
2025-03-23,SKU0037,98,WH_C
2025-03-23,SKU0038,91,WH_A
2025-03-23,SKU0039,63,WH_B
2025-03-23,SKU0040,101,WH_B
2025-03-23,SKU0041,74,WH_B
2025-03-23,SKU0042,41,WH_C
2025-03-23,SKU0043,115,WH_A
2025-03-23,SKU0044,44,WH_A
2025-03-23,SKU0045,118,WH_C
2025-03-23,SKU0046,0,WH_C
2025-03-23,SKU0047,31,WH_B
2025-03-23,SKU0048,106,WH_B
2025-03-23,SKU0049,54,WH_A
2025-03-23,SKU0050,55,WH_B
2025-03-23,SKU0051,27,WH_A
2025-03-23,SKU0052,58,WH_A
2025-03-23,SKU0053,74,WH_B
2025-03-23,SKU0054,21,WH_C
2025-03-23,SKU0055,37,WH_C
2025-03-23,SKU0056,92,WH_A
2025-03-23,SKU0057,41,WH_A
2025-03-23,SKU0058,22,WH_B
2025-03-23,SKU0059,11,WH_A
2025-03-23,SKU0060,75,WH_A
2025-03-23,SKU0061,56,WH_C
2025-03-23,SKU0062,47,WH_A
2025-03-23,SKU0063,126,WH_A
2025-03-23,SKU0064,15,WH_B
2025-03-23,SKU0065,46,WH_A
2025-03-23,SKU0066,26,WH_A
2025-03-23,SKU0067,39,WH_B
2025-03-23,SKU0068,20,WH_C
2025-03-23,SKU0069,4,WH_A
2025-03-23,SKU0070,99,WH_A
2025-03-23,SKU0071,5,WH_C
2025-03-23,SKU0072,92,WH_A
2025-03-23,SKU0073,13,WH_B
2025-03-23,SKU0074,35,WH_B
2025-03-23,SKU0075,35,WH_B
2025-03-23,SKU0076,50,WH_C
2025-03-23,SKU0077,80,WH_C
2025-03-23,SKU0078,104,WH_A
2025-03-23,SKU0079,46,WH_B
2025-03-23,SKU0080,49,WH_B
2025-03-24,SKU0001,0,WH_C
2025-03-24,SKU0002,17,WH_A
2025-03-24,SKU0003,58,WH_A
2025-03-24,SKU0004,10,WH_C
2025-03-24,SKU0005,52,WH_B
2025-03-24,SKU0006,50,WH_C
2025-03-24,SKU0007,9,WH_A
2025-03-24,SKU0008,20,WH_C
2025-03-24,SKU0009,2,WH_B
2025-03-24,SKU0010,9,WH_A
2025-03-24,SKU0011,3,WH_B
2025-03-24,SKU0012,34,WH_A
2025-03-24,SKU0013,30,WH_B
2025-03-24,SKU0014,45,WH_B
2025-03-24,SKU0015,105,WH_A
2025-03-24,SKU0016,93,WH_B
2025-03-24,SKU0017,113,WH_B
2025-03-24,SKU0018,34,WH_A
2025-03-24,SKU0019,31,WH_A
2025-03-24,SKU0020,41,WH_B
2025-03-24,SKU0021,8,WH_A
2025-03-24,SKU0022,33,WH_B
2025-03-24,SKU0023,83,WH_C
2025-03-24,SKU0024,101,WH_B
2025-03-24,SKU0025,52,WH_C
2025-03-24,SKU0026,93,WH_C
2025-03-24,SKU0027,91,WH_B
2025-03-24,SKU0028,106,WH_A
2025-03-24,SKU0029,19,WH_B
2025-03-24,SKU0030,94,WH_C
2025-03-24,SKU0031,0,WH_C
2025-03-24,SKU0032,4,WH_B
2025-03-24,SKU0033,94,WH_A
2025-03-24,SKU0034,0,WH_C
2025-03-24,SKU0035,96,WH_B
2025-03-24,SKU0036,96,WH_B
2025-03-24,SKU0037,66,WH_C
2025-03-24,SKU0038,111,WH_B
2025-03-24,SKU0039,52,WH_A
2025-03-24,SKU0040,89,WH_B
2025-03-24,SKU0041,0,WH_C
2025-03-24,SKU0042,18,WH_C
2025-03-24,SKU0043,3,WH_A
2025-03-24,SKU0044,96,WH_A
2025-03-24,SKU0045,61,WH_A
2025-03-24,SKU0046,0,WH_A
2025-03-24,SKU0047,85,WH_C
2025-03-24,SKU0048,72,WH_C
2025-03-24,SKU0049,115,WH_C
2025-03-24,SKU0050,64,WH_B
2025-03-24,SKU0051,83,WH_C
2025-03-24,SKU0052,64,WH_A
2025-03-24,SKU0053,109,WH_C
2025-03-24,SKU0054,21,WH_A
2025-03-24,SKU0055,117,WH_C
2025-03-24,SKU0056,108,WH_C
2025-03-24,SKU0057,0,WH_B
2025-03-24,SKU0058,44,WH_C
2025-03-24,SKU0059,79,WH_C
2025-03-24,SKU0060,77,WH_B
2025-03-24,SKU0061,37,WH_A
2025-03-24,SKU0062,62,WH_C
2025-03-24,SKU0063,30,WH_A
2025-03-24,SKU0064,93,WH_A
2025-03-24,SKU0065,56,WH_B
2025-03-24,SKU0066,64,WH_C
2025-03-24,SKU0067,65,WH_B
2025-03-24,SKU0068,119,WH_C
2025-03-24,SKU0069,80,WH_B
2025-03-24,SKU0070,118,WH_A
2025-03-24,SKU0071,82,WH_C
2025-03-24,SKU0072,51,WH_B
2025-03-24,SKU0073,15,WH_A
2025-03-24,SKU0074,21,WH_B
2025-03-24,SKU0075,0,WH_C
2025-03-24,SKU0076,36,WH_A
2025-03-24,SKU0077,74,WH_B
2025-03-24,SKU0078,93,WH_A
2025-03-24,SKU0079,86,WH_B
2025-03-24,SKU0080,111,WH_A
2025-03-25,SKU0001,50,WH_B
2025-03-25,SKU0002,92,WH_A
2025-03-25,SKU0003,98,WH_A
2025-03-25,SKU0004,76,WH_B
2025-03-25,SKU0005,54,WH_C
2025-03-25,SKU0006,84,WH_A
2025-03-25,SKU0007,50,WH_B
2025-03-25,SKU0008,18,WH_B
2025-03-25,SKU0009,51,WH_B
2025-03-25,SKU0010,40,WH_C
2025-03-25,SKU0011,76,WH_B
2025-03-25,SKU0012,48,WH_C
2025-03-25,SKU0013,66,WH_C
2025-03-25,SKU0014,66,WH_B
2025-03-25,SKU0015,5,WH_C
2025-03-25,SKU0016,38,WH_A
2025-03-25,SKU0017,96,WH_A
2025-03-25,SKU0018,20,WH_C
2025-03-25,SKU0019,87,WH_B
2025-03-25,SKU0020,115,WH_B
2025-03-25,SKU0021,0,WH_A
2025-03-25,SKU0022,80,WH_B
2025-03-25,SKU0023,57,WH_B
2025-03-25,SKU0024,51,WH_A
2025-03-25,SKU0025,116,WH_C
2025-03-25,SKU0026,43,WH_A
2025-03-25,SKU0027,80,WH_B
2025-03-25,SKU0028,0,WH_A
2025-03-25,SKU0029,44,WH_A
2025-03-25,SKU0030,89,WH_C
2025-03-25,SKU0031,31,WH_C
2025-03-25,SKU0032,0,WH_B
2025-03-25,SKU0033,101,WH_C
2025-03-25,SKU0034,28,WH_A
2025-03-25,SKU0035,19,WH_A
2025-03-25,SKU0036,105,WH_C
2025-03-25,SKU0037,48,WH_B
2025-03-25,SKU0038,9,WH_B
2025-03-25,SKU0039,19,WH_A
2025-03-25,SKU0040,74,WH_B
2025-03-25,SKU0041,49,WH_C
2025-03-25,SKU0042,109,WH_C
2025-03-25,SKU0043,22,WH_A
2025-03-25,SKU0044,28,WH_A
2025-03-25,SKU0045,96,WH_A
2025-03-25,SKU0046,69,WH_B
2025-03-25,SKU0047,115,WH_A
2025-03-25,SKU0048,80,WH_B
2025-03-25,SKU0049,70,WH_A
2025-03-25,SKU0050,108,WH_A
2025-03-25,SKU0051,60,WH_C
2025-03-25,SKU0052,94,WH_A
2025-03-25,SKU0053,110,WH_B
2025-03-25,SKU0054,0,WH_C
2025-03-25,SKU0055,66,WH_A
2025-03-25,SKU0056,20,WH_A
2025-03-25,SKU0057,4,WH_B
2025-03-25,SKU0058,70,WH_B
2025-03-25,SKU0059,63,WH_A
2025-03-25,SKU0060,72,WH_B
2025-03-25,SKU0061,93,WH_A
2025-03-25,SKU0062,7,WH_A
2025-03-25,SKU0063,97,WH_A
2025-03-25,SKU0064,8,WH_A
2025-03-25,SKU0065,45,WH_A
2025-03-25,SKU0066,118,WH_C
2025-03-25,SKU0067,128,WH_A
2025-03-25,SKU0068,59,WH_C
2025-03-25,SKU0069,9,WH_B
2025-03-25,SKU0070,26,WH_B
2025-03-25,SKU0071,55,WH_B
2025-03-25,SKU0072,35,WH_B
2025-03-25,SKU0073,60,WH_A
2025-03-25,SKU0074,19,WH_C
2025-03-25,SKU0075,82,WH_B
2025-03-25,SKU0076,39,WH_A
2025-03-25,SKU0077,58,WH_C
2025-03-25,SKU0078,65,WH_B
2025-03-25,SKU0079,47,WH_B
2025-03-25,SKU0080,121,WH_C
2025-03-26,SKU0001,60,WH_B
2025-03-26,SKU0002,95,WH_B
2025-03-26,SKU0003,91,WH_B
2025-03-26,SKU0004,95,WH_B
2025-03-26,SKU0005,58,WH_C
2025-03-26,SKU0006,108,WH_A
2025-03-26,SKU0007,0,WH_A
2025-03-26,SKU0008,18,WH_C
2025-03-26,SKU0009,70,WH_A
2025-03-26,SKU0010,121,WH_A
2025-03-26,SKU0011,86,WH_A
2025-03-26,SKU0012,100,WH_A
2025-03-26,SKU0013,122,WH_C
2025-03-26,SKU0014,97,WH_B
2025-03-26,SKU0015,65,WH_C
2025-03-26,SKU0016,3,WH_C
2025-03-26,SKU0017,43,WH_A
2025-03-26,SKU0018,78,WH_A
2025-03-26,SKU0019,52,WH_A
2025-03-26,SKU0020,31,WH_B
2025-03-26,SKU0021,105,WH_C
2025-03-26,SKU0022,25,WH_A
2025-03-26,SKU0023,116,WH_C
2025-03-26,SKU0024,0,WH_A
2025-03-26,SKU0025,34,WH_B
2025-03-26,SKU0026,85,WH_C
2025-03-26,SKU0027,19,WH_A
2025-03-26,SKU0028,102,WH_B
2025-03-26,SKU0029,49,WH_B
2025-03-26,SKU0030,90,WH_A
2025-03-26,SKU0031,39,WH_A
2025-03-26,SKU0032,0,WH_C
2025-03-26,SKU0033,71,WH_C
2025-03-26,SKU0034,42,WH_B
2025-03-26,SKU0035,95,WH_B
2025-03-26,SKU0036,0,WH_B
2025-03-26,SKU0037,58,WH_B
2025-03-26,SKU0038,95,WH_A
2025-03-26,SKU0039,52,WH_A
2025-03-26,SKU0040,0,WH_A
2025-03-26,SKU0041,27,WH_C
2025-03-26,SKU0042,87,WH_C
2025-03-26,SKU0043,105,WH_B
2025-03-26,SKU0044,83,WH_C
2025-03-26,SKU0045,34,WH_C
2025-03-26,SKU0046,29,WH_A
2025-03-26,SKU0047,40,WH_A
2025-03-26,SKU0048,102,WH_A
2025-03-26,SKU0049,44,WH_B
2025-03-26,SKU0050,44,WH_A
2025-03-26,SKU0051,104,WH_B
2025-03-26,SKU0052,29,WH_C
2025-03-26,SKU0053,28,WH_B
2025-03-26,SKU0054,23,WH_A
2025-03-26,SKU0055,85,WH_B
2025-03-26,SKU0056,51,WH_A
2025-03-26,SKU0057,54,WH_B
2025-03-26,SKU0058,22,WH_C
2025-03-26,SKU0059,66,WH_B
2025-03-26,SKU0060,0,WH_C
2025-03-26,SKU0061,38,WH_B
2025-03-26,SKU0062,9,WH_C
2025-03-26,SKU0063,10,WH_A
2025-03-26,SKU0064,25,WH_C
2025-03-26,SKU0065,48,WH_B
2025-03-26,SKU0066,0,WH_C
2025-03-26,SKU0067,131,WH_A
2025-03-26,SKU0068,67,WH_C
2025-03-26,SKU0069,106,WH_C
2025-03-26,SKU0070,74,WH_C
2025-03-26,SKU0071,26,WH_A
2025-03-26,SKU0072,16,WH_C
2025-03-26,SKU0073,104,WH_A
2025-03-26,SKU0074,77,WH_C
2025-03-26,SKU0075,30,WH_A
2025-03-26,SKU0076,38,WH_A
2025-03-26,SKU0077,10,WH_C
2025-03-26,SKU0078,114,WH_C
2025-03-26,SKU0079,80,WH_C
2025-03-26,SKU0080,82,WH_C
2025-03-27,SKU0001,76,WH_A
2025-03-27,SKU0002,110,WH_A
2025-03-27,SKU0003,66,WH_C
2025-03-27,SKU0004,115,WH_C
2025-03-27,SKU0005,107,WH_A
2025-03-27,SKU0006,59,WH_C
2025-03-27,SKU0007,8,WH_C
2025-03-27,SKU0008,27,WH_A
2025-03-27,SKU0009,73,WH_C
2025-03-27,SKU0010,45,WH_C
2025-03-27,SKU0011,57,WH_A
2025-03-27,SKU0012,33,WH_C
2025-03-27,SKU0013,7,WH_A
2025-03-27,SKU0014,80,WH_C
2025-03-27,SKU0015,116,WH_C
2025-03-27,SKU0016,3,WH_A
2025-03-27,SKU0017,97,WH_B
2025-03-27,SKU0018,105,WH_B
2025-03-27,SKU0019,62,WH_C
2025-03-27,SKU0020,108,WH_A
2025-03-27,SKU0021,82,WH_C
2025-03-27,SKU0022,65,WH_A
2025-03-27,SKU0023,57,WH_B
2025-03-27,SKU0024,85,WH_A
2025-03-27,SKU0025,94,WH_A
2025-03-27,SKU0026,65,WH_B
2025-03-27,SKU0027,51,WH_A
2025-03-27,SKU0028,101,WH_C
2025-03-27,SKU0029,97,WH_A
2025-03-27,SKU0030,45,WH_A
2025-03-27,SKU0031,57,WH_C
2025-03-27,SKU0032,109,WH_B
2025-03-27,SKU0033,83,WH_C
2025-03-27,SKU0034,0,WH_B
2025-03-27,SKU0035,0,WH_B
2025-03-27,SKU0036,91,WH_B
2025-03-27,SKU0037,88,WH_A
2025-03-27,SKU0038,1,WH_C
2025-03-27,SKU0039,113,WH_C
2025-03-27,SKU0040,47,WH_C
2025-03-27,SKU0041,127,WH_B
2025-03-27,SKU0042,91,WH_B
2025-03-27,SKU0043,24,WH_C
2025-03-27,SKU0044,71,WH_B
2025-03-27,SKU0045,92,WH_B
2025-03-27,SKU0046,75,WH_B
2025-03-27,SKU0047,44,WH_B
2025-03-27,SKU0048,78,WH_C
2025-03-27,SKU0049,120,WH_C
2025-03-27,SKU0050,102,WH_C
2025-03-27,SKU0051,111,WH_A
2025-03-27,SKU0052,97,WH_A
2025-03-27,SKU0053,97,WH_A
2025-03-27,SKU0054,74,WH_A
2025-03-27,SKU0055,103,WH_B
2025-03-27,SKU0056,22,WH_A
2025-03-27,SKU0057,93,WH_B
2025-03-27,SKU0058,85,WH_C
2025-03-27,SKU0059,97,WH_B
2025-03-27,SKU0060,89,WH_C
2025-03-27,SKU0061,51,WH_B
2025-03-27,SKU0062,55,WH_C
2025-03-27,SKU0063,105,WH_A
2025-03-27,SKU0064,120,WH_A
2025-03-27,SKU0065,28,WH_A
2025-03-27,SKU0066,3,WH_C
2025-03-27,SKU0067,22,WH_A
2025-03-27,SKU0068,68,WH_A
2025-03-27,SKU0069,50,WH_A
2025-03-27,SKU0070,68,WH_C
2025-03-27,SKU0071,70,WH_C
2025-03-27,SKU0072,94,WH_B
2025-03-27,SKU0073,66,WH_A
2025-03-27,SKU0074,122,WH_B
2025-03-27,SKU0075,37,WH_B
2025-03-27,SKU0076,25,WH_B
2025-03-27,SKU0077,48,WH_C
2025-03-27,SKU0078,65,WH_A
2025-03-27,SKU0079,45,WH_C
2025-03-27,SKU0080,31,WH_A
2025-03-28,SKU0001,60,WH_A
2025-03-28,SKU0002,59,WH_A
2025-03-28,SKU0003,23,WH_B
2025-03-28,SKU0004,0,WH_A
2025-03-28,SKU0005,8,WH_A
2025-03-28,SKU0006,110,WH_A
2025-03-28,SKU0007,13,WH_C
2025-03-28,SKU0008,66,WH_B
2025-03-28,SKU0009,92,WH_A
2025-03-28,SKU0010,18,WH_A
2025-03-28,SKU0011,60,WH_B
2025-03-28,SKU0012,89,WH_A
2025-03-28,SKU0013,36,WH_A
2025-03-28,SKU0014,44,WH_C
2025-03-28,SKU0015,44,WH_A
2025-03-28,SKU0016,0,WH_B
2025-03-28,SKU0017,94,WH_C
2025-03-28,SKU0018,95,WH_C
2025-03-28,SKU0019,18,WH_B
2025-03-28,SKU0020,121,WH_C
2025-03-28,SKU0021,75,WH_A
2025-03-28,SKU0022,81,WH_B
2025-03-28,SKU0023,83,WH_B
2025-03-28,SKU0024,3,WH_B
2025-03-28,SKU0025,15,WH_A
2025-03-28,SKU0026,61,WH_B
2025-03-28,SKU0027,40,WH_A
2025-03-28,SKU0028,73,WH_B
2025-03-28,SKU0029,9,WH_B
2025-03-28,SKU0030,87,WH_B
2025-03-28,SKU0031,14,WH_C
2025-03-28,SKU0032,41,WH_C
2025-03-28,SKU0033,106,WH_B
2025-03-28,SKU0034,88,WH_A
2025-03-28,SKU0035,63,WH_B
2025-03-28,SKU0036,55,WH_C
2025-03-28,SKU0037,56,WH_B
2025-03-28,SKU0038,90,WH_A
2025-03-28,SKU0039,68,WH_A
2025-03-28,SKU0040,21,WH_A
2025-03-28,SKU0041,39,WH_C
2025-03-28,SKU0042,2,WH_A
2025-03-28,SKU0043,42,WH_C
2025-03-28,SKU0044,0,WH_B
2025-03-28,SKU0045,78,WH_B
2025-03-28,SKU0046,75,WH_C
2025-03-28,SKU0047,0,WH_C
2025-03-28,SKU0048,41,WH_A
2025-03-28,SKU0049,78,WH_B
2025-03-28,SKU0050,95,WH_B
2025-03-28,SKU0051,107,WH_B
2025-03-28,SKU0052,91,WH_C
2025-03-28,SKU0053,61,WH_B
2025-03-28,SKU0054,66,WH_A
2025-03-28,SKU0055,19,WH_A
2025-03-28,SKU0056,36,WH_A
2025-03-28,SKU0057,26,WH_C
2025-03-28,SKU0058,12,WH_A
2025-03-28,SKU0059,105,WH_B
2025-03-28,SKU0060,17,WH_A
2025-03-28,SKU0061,36,WH_A
2025-03-28,SKU0062,38,WH_B
2025-03-28,SKU0063,108,WH_B
2025-03-28,SKU0064,25,WH_A
2025-03-28,SKU0065,47,WH_A
2025-03-28,SKU0066,101,WH_C
2025-03-28,SKU0067,57,WH_B
2025-03-28,SKU0068,113,WH_B
2025-03-28,SKU0069,24,WH_A
2025-03-28,SKU0070,40,WH_A
2025-03-28,SKU0071,88,WH_C
2025-03-28,SKU0072,110,WH_B
2025-03-28,SKU0073,113,WH_A
2025-03-28,SKU0074,84,WH_B
2025-03-28,SKU0075,0,WH_C
2025-03-28,SKU0076,85,WH_B
2025-03-28,SKU0077,45,WH_C
2025-03-28,SKU0078,16,WH_B
2025-03-28,SKU0079,33,WH_C
2025-03-28,SKU0080,124,WH_C
2025-03-29,SKU0001,35,WH_B
2025-03-29,SKU0002,35,WH_A
2025-03-29,SKU0003,105,WH_C
2025-03-29,SKU0004,34,WH_C
2025-03-29,SKU0005,29,WH_C
2025-03-29,SKU0006,130,WH_C
2025-03-29,SKU0007,24,WH_A
2025-03-29,SKU0008,33,WH_C
2025-03-29,SKU0009,58,WH_B
2025-03-29,SKU0010,85,WH_B
2025-03-29,SKU0011,113,WH_C
2025-03-29,SKU0012,59,WH_C
2025-03-29,SKU0013,97,WH_B
2025-03-29,SKU0014,18,WH_B
2025-03-29,SKU0015,47,WH_C
2025-03-29,SKU0016,0,WH_B
2025-03-29,SKU0017,112,WH_B
2025-03-29,SKU0018,1,WH_C
2025-03-29,SKU0019,98,WH_B
2025-03-29,SKU0020,6,WH_A
2025-03-29,SKU0021,86,WH_C
2025-03-29,SKU0022,25,WH_C
2025-03-29,SKU0023,30,WH_C
2025-03-29,SKU0024,11,WH_A
2025-03-29,SKU0025,30,WH_C
2025-03-29,SKU0026,67,WH_A
2025-03-29,SKU0027,42,WH_A
2025-03-29,SKU0028,12,WH_A
2025-03-29,SKU0029,0,WH_C
2025-03-29,SKU0030,41,WH_A
2025-03-29,SKU0031,44,WH_A
2025-03-29,SKU0032,86,WH_B
2025-03-29,SKU0033,39,WH_B
2025-03-29,SKU0034,85,WH_B
2025-03-29,SKU0035,88,WH_B
2025-03-29,SKU0036,97,WH_C
2025-03-29,SKU0037,34,WH_C
2025-03-29,SKU0038,90,WH_A
2025-03-29,SKU0039,30,WH_B
2025-03-29,SKU0040,98,WH_B
2025-03-29,SKU0041,0,WH_A
2025-03-29,SKU0042,13,WH_C
2025-03-29,SKU0043,54,WH_C
2025-03-29,SKU0044,27,WH_A
2025-03-29,SKU0045,98,WH_A
2025-03-29,SKU0046,49,WH_C
2025-03-29,SKU0047,108,WH_A
2025-03-29,SKU0048,60,WH_A
2025-03-29,SKU0049,44,WH_A
2025-03-29,SKU0050,60,WH_C
2025-03-29,SKU0051,35,WH_B
2025-03-29,SKU0052,57,WH_A
2025-03-29,SKU0053,21,WH_B
2025-03-29,SKU0054,42,WH_A
2025-03-29,SKU0055,105,WH_B
2025-03-29,SKU0056,127,WH_A
2025-03-29,SKU0057,96,WH_A
2025-03-29,SKU0058,68,WH_B
2025-03-29,SKU0059,33,WH_A
2025-03-29,SKU0060,41,WH_C
2025-03-29,SKU0061,120,WH_A
2025-03-29,SKU0062,27,WH_C
2025-03-29,SKU0063,47,WH_A
2025-03-29,SKU0064,40,WH_C
2025-03-29,SKU0065,88,WH_B
2025-03-29,SKU0066,63,WH_A
2025-03-29,SKU0067,32,WH_B
2025-03-29,SKU0068,0,WH_A
2025-03-29,SKU0069,17,WH_B
2025-03-29,SKU0070,0,WH_C
2025-03-29,SKU0071,66,WH_C
2025-03-29,SKU0072,69,WH_C
2025-03-29,SKU0073,77,WH_A
2025-03-29,SKU0074,56,WH_C
2025-03-29,SKU0075,43,WH_B
2025-03-29,SKU0076,48,WH_B
2025-03-29,SKU0077,34,WH_C
2025-03-29,SKU0078,116,WH_C
2025-03-29,SKU0079,122,WH_A
2025-03-29,SKU0080,57,WH_A
2025-03-30,SKU0001,78,WH_A
2025-03-30,SKU0002,96,WH_C
2025-03-30,SKU0003,78,WH_B
2025-03-30,SKU0004,39,WH_C
2025-03-30,SKU0005,55,WH_B
2025-03-30,SKU0006,95,WH_C
2025-03-30,SKU0007,77,WH_A
2025-03-30,SKU0008,47,WH_B
2025-03-30,SKU0009,120,WH_A
2025-03-30,SKU0010,77,WH_C
2025-03-30,SKU0011,23,WH_C
2025-03-30,SKU0012,49,WH_A
2025-03-30,SKU0013,0,WH_A
2025-03-30,SKU0014,23,WH_C
2025-03-30,SKU0015,106,WH_A
2025-03-30,SKU0016,105,WH_B
2025-03-30,SKU0017,15,WH_A
2025-03-30,SKU0018,28,WH_C
2025-03-30,SKU0019,69,WH_C
2025-03-30,SKU0020,46,WH_A
2025-03-30,SKU0021,109,WH_B
2025-03-30,SKU0022,86,WH_B
2025-03-30,SKU0023,111,WH_A
2025-03-30,SKU0024,108,WH_B
2025-03-30,SKU0025,59,WH_A
2025-03-30,SKU0026,122,WH_A
2025-03-30,SKU0027,99,WH_B
2025-03-30,SKU0028,110,WH_B
2025-03-30,SKU0029,50,WH_A
2025-03-30,SKU0030,91,WH_A
2025-03-30,SKU0031,88,WH_B
2025-03-30,SKU0032,125,WH_A
2025-03-30,SKU0033,64,WH_A
2025-03-30,SKU0034,31,WH_A
2025-03-30,SKU0035,72,WH_A
2025-03-30,SKU0036,107,WH_B
2025-03-30,SKU0037,43,WH_B
2025-03-30,SKU0038,18,WH_A
2025-03-30,SKU0039,48,WH_B
2025-03-30,SKU0040,33,WH_A
2025-03-30,SKU0041,37,WH_C
2025-03-30,SKU0042,42,WH_A
2025-03-30,SKU0043,77,WH_B
2025-03-30,SKU0044,40,WH_B
2025-03-30,SKU0045,113,WH_A
2025-03-30,SKU0046,23,WH_C
2025-03-30,SKU0047,103,WH_B
2025-03-30,SKU0048,28,WH_B
2025-03-30,SKU0049,21,WH_A
2025-03-30,SKU0050,90,WH_C
2025-03-30,SKU0051,0,WH_B
2025-03-30,SKU0052,30,WH_A
2025-03-30,SKU0053,0,WH_A
2025-03-30,SKU0054,117,WH_B
2025-03-30,SKU0055,69,WH_C
2025-03-30,SKU0056,68,WH_B
2025-03-30,SKU0057,78,WH_A
2025-03-30,SKU0058,20,WH_A
2025-03-30,SKU0059,52,WH_A
2025-03-30,SKU0060,108,WH_B
2025-03-30,SKU0061,87,WH_C
2025-03-30,SKU0062,76,WH_B
2025-03-30,SKU0063,18,WH_B
2025-03-30,SKU0064,0,WH_C
2025-03-30,SKU0065,31,WH_C
2025-03-30,SKU0066,20,WH_B
2025-03-30,SKU0067,32,WH_C
2025-03-30,SKU0068,51,WH_A
2025-03-30,SKU0069,114,WH_B
2025-03-30,SKU0070,0,WH_C
2025-03-30,SKU0071,43,WH_C
2025-03-30,SKU0072,19,WH_C
2025-03-30,SKU0073,116,WH_A
2025-03-30,SKU0074,85,WH_B
2025-03-30,SKU0075,112,WH_C
2025-03-30,SKU0076,34,WH_C
2025-03-30,SKU0077,107,WH_A
2025-03-30,SKU0078,94,WH_C
2025-03-30,SKU0079,38,WH_C
2025-03-30,SKU0080,109,WH_A
2025-03-31,SKU0001,17,WH_B
2025-03-31,SKU0002,109,WH_B
2025-03-31,SKU0003,34,WH_B
2025-03-31,SKU0004,45,WH_C
2025-03-31,SKU0005,6,WH_A
2025-03-31,SKU0006,31,WH_C
2025-03-31,SKU0007,75,WH_B
2025-03-31,SKU0008,31,WH_C
2025-03-31,SKU0009,104,WH_A
2025-03-31,SKU0010,89,WH_C
2025-03-31,SKU0011,77,WH_B
2025-03-31,SKU0012,29,WH_A
2025-03-31,SKU0013,120,WH_A
2025-03-31,SKU0014,91,WH_B
2025-03-31,SKU0015,126,WH_A
2025-03-31,SKU0016,26,WH_C
2025-03-31,SKU0017,0,WH_C
2025-03-31,SKU0018,116,WH_A
2025-03-31,SKU0019,36,WH_B
2025-03-31,SKU0020,58,WH_C
2025-03-31,SKU0021,105,WH_A
2025-03-31,SKU0022,110,WH_A
2025-03-31,SKU0023,85,WH_B
2025-03-31,SKU0024,1,WH_C
2025-03-31,SKU0025,116,WH_C
2025-03-31,SKU0026,84,WH_B
2025-03-31,SKU0027,77,WH_A
2025-03-31,SKU0028,118,WH_C
2025-03-31,SKU0029,84,WH_A
2025-03-31,SKU0030,54,WH_A
2025-03-31,SKU0031,47,WH_B
2025-03-31,SKU0032,107,WH_B
2025-03-31,SKU0033,61,WH_B
2025-03-31,SKU0034,84,WH_A
2025-03-31,SKU0035,53,WH_A
2025-03-31,SKU0036,105,WH_C
2025-03-31,SKU0037,111,WH_C
2025-03-31,SKU0038,29,WH_B
2025-03-31,SKU0039,96,WH_C
2025-03-31,SKU0040,25,WH_A
2025-03-31,SKU0041,110,WH_A
2025-03-31,SKU0042,44,WH_A
2025-03-31,SKU0043,78,WH_B
2025-03-31,SKU0044,78,WH_C
2025-03-31,SKU0045,115,WH_B
2025-03-31,SKU0046,73,WH_B
2025-03-31,SKU0047,51,WH_C
2025-03-31,SKU0048,105,WH_B
2025-03-31,SKU0049,36,WH_B
2025-03-31,SKU0050,11,WH_A
2025-03-31,SKU0051,112,WH_B
2025-03-31,SKU0052,86,WH_B
2025-03-31,SKU0053,90,WH_A
2025-03-31,SKU0054,97,WH_C
2025-03-31,SKU0055,107,WH_A
2025-03-31,SKU0056,0,WH_C
2025-03-31,SKU0057,43,WH_B
2025-03-31,SKU0058,109,WH_A
2025-03-31,SKU0059,0,WH_C
2025-03-31,SKU0060,120,WH_C
2025-03-31,SKU0061,117,WH_C
2025-03-31,SKU0062,44,WH_B
2025-03-31,SKU0063,109,WH_A
2025-03-31,SKU0064,94,WH_C
2025-03-31,SKU0065,60,WH_B
2025-03-31,SKU0066,101,WH_A
2025-03-31,SKU0067,20,WH_B
2025-03-31,SKU0068,36,WH_B
2025-03-31,SKU0069,111,WH_A
2025-03-31,SKU0070,0,WH_A
2025-03-31,SKU0071,85,WH_B
2025-03-31,SKU0072,28,WH_A
2025-03-31,SKU0073,22,WH_B
2025-03-31,SKU0074,35,WH_B
2025-03-31,SKU0075,98,WH_B
2025-03-31,SKU0076,51,WH_B
2025-03-31,SKU0077,46,WH_C
2025-03-31,SKU0078,100,WH_A
2025-03-31,SKU0079,63,WH_B
2025-03-31,SKU0080,66,WH_C
