order_id,order_date,sku_id,qty,unit_price
ORD000001,2025-01-01,SKU0001,1,244.75
ORD000002,2025-01-01,SKU0004,2,206.26
ORD000003,2025-01-01,SKU0005,3,464.16
ORD000004,2025-01-01,SKU0006,4,346.92
ORD000005,2025-01-01,SKU0007,9,89.32
ORD000006,2025-01-01,SKU0008,6,232.98
ORD000007,2025-01-01,SKU0010,4,569.19
ORD000008,2025-01-01,SKU0011,2,581.33
ORD000009,2025-01-01,SKU0012,5,152.55
ORD000010,2025-01-01,SKU0013,2,798.28
ORD000011,2025-01-01,SKU0014,5,242.75
ORD000012,2025-01-01,SKU0015,3,782.23
ORD000013,2025-01-01,SKU0017,7,65.12
ORD000014,2025-01-01,SKU0018,4,302.25
ORD000015,2025-01-01,SKU0019,11,522.11
ORD000016,2025-01-01,SKU0020,2,557.34
ORD000017,2025-01-01,SKU0021,4,443.51
ORD000018,2025-01-01,SKU0022,7,380.32
ORD000019,2025-01-01,SKU0023,3,460.2
ORD000020,2025-01-01,SKU0024,6,490.45
ORD000021,2025-01-01,SKU0025,5,101.45
ORD000022,2025-01-01,SKU0026,4,320.94
ORD000023,2025-01-01,SKU0027,3,224.04
ORD000024,2025-01-01,SKU0028,4,650.39
ORD000025,2025-01-01,SKU0029,2,397.43
ORD000026,2025-01-01,SKU0030,1,787.4
ORD000027,2025-01-01,SKU0031,1,343.11
ORD000028,2025-01-01,SKU0032,2,660.49
ORD000029,2025-01-01,SKU0034,6,154.55
ORD000030,2025-01-01,SKU0035,5,426.23
ORD000031,2025-01-01,SKU0036,2,568.82
ORD000032,2025-01-01,SKU0038,1,287.73
ORD000033,2025-01-01,SKU0039,6,207.38
ORD000034,2025-01-01,SKU0040,1,580.47
ORD000035,2025-01-01,SKU0041,3,655.22
ORD000036,2025-01-01,SKU0042,5,304.99
ORD000037,2025-01-01,SKU0043,11,113.09
ORD000038,2025-01-01,SKU0044,2,754.8
ORD000039,2025-01-01,SKU0045,7,342.15
ORD000040,2025-01-01,SKU0046,1,433.49
ORD000041,2025-01-01,SKU0047,2,676.66
ORD000042,2025-01-01,SKU0048,3,553.52
ORD000043,2025-01-01,SKU0049,7,598.76
ORD000044,2025-01-01,SKU0051,3,451.5
ORD000045,2025-01-01,SKU0052,1,568.8
ORD000046,2025-01-01,SKU0053,3,213.7
ORD000047,2025-01-01,SKU0054,1,172.97
ORD000048,2025-01-01,SKU0055,7,786.45
ORD000049,2025-01-01,SKU0057,4,238.23
ORD000050,2025-01-01,SKU0058,2,797.15
ORD000051,2025-01-01,SKU0059,3,773.72
ORD000052,2025-01-01,SKU0060,3,464.3
ORD000053,2025-01-01,SKU0061,5,710.8
ORD000054,2025-01-01,SKU0062,5,183.42
ORD000055,2025-01-01,SKU0063,2,251.94
ORD000056,2025-01-01,SKU0064,1,572.27
ORD000057,2025-01-01,SKU0065,1,683.46
ORD000058,2025-01-01,SKU0066,4,690.81
ORD000059,2025-01-01,SKU0067,10,347.43
ORD000060,2025-01-01,SKU0068,6,714.71
ORD000061,2025-01-01,SKU0069,4,686.71
ORD000062,2025-01-01,SKU0070,1,751.08
ORD000063,2025-01-01,SKU0072,3,548.43
ORD000064,2025-01-01,SKU0073,7,481.32
ORD000065,2025-01-01,SKU0074,8,322.93
ORD000066,2025-01-01,SKU0075,7,754.5
ORD000067,2025-01-01,SKU0076,2,779.98
ORD000068,2025-01-01,SKU0077,2,255.78
ORD000069,2025-01-01,SKU0078,9,272.08
ORD000070,2025-01-01,SKU0080,4,380.8
ORD000071,2025-01-02,SKU0001,4,244.75
ORD000072,2025-01-02,SKU0002,1,225.54
ORD000073,2025-01-02,SKU0003,5,167.9
ORD000074,2025-01-02,SKU0004,3,206.26
ORD000075,2025-01-02,SKU0006,4,346.92
ORD000076,2025-01-02,SKU0007,3,89.32
ORD000077,2025-01-02,SKU0008,2,232.98
ORD000078,2025-01-02,SKU0010,2,569.19
ORD000079,2025-01-02,SKU0011,2,581.33
ORD000080,2025-01-02,SKU0012,2,152.55
ORD000081,2025-01-02,SKU0013,6,798.28
ORD000082,2025-01-02,SKU0014,3,242.75
ORD000083,2025-01-02,SKU0015,2,782.23
ORD000084,2025-01-02,SKU0016,3,352.39
ORD000085,2025-01-02,SKU0017,4,65.12
ORD000086,2025-01-02,SKU0018,4,302.25
ORD000087,2025-01-02,SKU0019,8,522.11
ORD000088,2025-01-02,SKU0021,9,443.51
ORD000089,2025-01-02,SKU0022,2,380.32
ORD000090,2025-01-02,SKU0023,9,460.2
ORD000091,2025-01-02,SKU0024,1,490.45
ORD000092,2025-01-02,SKU0025,7,101.45
ORD000093,2025-01-02,SKU0026,2,320.94
ORD000094,2025-01-02,SKU0027,7,224.04
ORD000095,2025-01-02,SKU0028,4,650.39
ORD000096,2025-01-02,SKU0029,5,397.43
ORD000097,2025-01-02,SKU0030,7,787.4
ORD000098,2025-01-02,SKU0031,2,343.11
ORD000099,2025-01-02,SKU0032,2,660.49
ORD000100,2025-01-02,SKU0033,6,646.74
ORD000101,2025-01-02,SKU0034,3,154.55
ORD000102,2025-01-02,SKU0035,8,426.23
ORD000103,2025-01-02,SKU0036,1,568.82
ORD000104,2025-01-02,SKU0037,6,692.35
ORD000105,2025-01-02,SKU0038,3,287.73
ORD000106,2025-01-02,SKU0040,1,580.47
ORD000107,2025-01-02,SKU0041,5,655.22
ORD000108,2025-01-02,SKU0042,10,304.99
ORD000109,2025-01-02,SKU0043,2,113.09
ORD000110,2025-01-02,SKU0044,1,754.8
ORD000111,2025-01-02,SKU0045,2,342.15
ORD000112,2025-01-02,SKU0046,4,433.49
ORD000113,2025-01-02,SKU0047,6,676.66
ORD000114,2025-01-02,SKU0048,7,553.52
ORD000115,2025-01-02,SKU0049,1,598.76
ORD000116,2025-01-02,SKU0050,2,198.89
ORD000117,2025-01-02,SKU0053,3,213.7
ORD000118,2025-01-02,SKU0054,2,172.97
ORD000119,2025-01-02,SKU0055,4,786.45
ORD000120,2025-01-02,SKU0056,2,432.64
ORD000121,2025-01-02,SKU0057,2,238.23
ORD000122,2025-01-02,SKU0058,6,797.15
ORD000123,2025-01-02,SKU0059,3,773.72
ORD000124,2025-01-02,SKU0061,3,710.8
ORD000125,2025-01-02,SKU0062,2,183.42
ORD000126,2025-01-02,SKU0063,4,251.94
ORD000127,2025-01-02,SKU0064,4,572.27
ORD000128,2025-01-02,SKU0065,2,683.46
ORD000129,2025-01-02,SKU0066,4,690.81
ORD000130,2025-01-02,SKU0068,3,714.71
ORD000131,2025-01-02,SKU0069,9,686.71
ORD000132,2025-01-02,SKU0070,2,751.08
ORD000133,2025-01-02,SKU0071,1,636.86
ORD000134,2025-01-02,SKU0072,7,548.43
ORD000135,2025-01-02,SKU0073,2,481.32
ORD000136,2025-01-02,SKU0074,3,322.93
ORD000137,2025-01-02,SKU0075,1,754.5
ORD000138,2025-01-02,SKU0077,2,255.78
ORD000139,2025-01-02,SKU0078,3,272.08
ORD000140,2025-01-02,SKU0079,6,409.07
ORD000141,2025-01-03,SKU0001,6,244.75
ORD000142,2025-01-03,SKU0002,3,225.54
ORD000143,2025-01-03,SKU0003,2,167.9
ORD000144,2025-01-03,SKU0004,6,206.26
ORD000145,2025-01-03,SKU0005,8,464.16
ORD000146,2025-01-03,SKU0006,3,346.92
ORD000147,2025-01-03,SKU0007,4,89.32
ORD000148,2025-01-03,SKU0009,1,227.63
ORD000149,2025-01-03,SKU0010,5,569.19
ORD000150,2025-01-03,SKU0011,3,581.33
ORD000151,2025-01-03,SKU0012,1,152.55
ORD000152,2025-01-03,SKU0013,4,798.28
ORD000153,2025-01-03,SKU0014,8,242.75
ORD000154,2025-01-03,SKU0015,1,782.23
ORD000155,2025-01-03,SKU0016,4,352.39
ORD000156,2025-01-03,SKU0017,3,65.12
ORD000157,2025-01-03,SKU0018,4,302.25
ORD000158,2025-01-03,SKU0019,6,522.11
ORD000159,2025-01-03,SKU0020,10,557.34
ORD000160,2025-01-03,SKU0021,2,443.51
ORD000161,2025-01-03,SKU0022,6,380.32
ORD000162,2025-01-03,SKU0024,1,490.45
ORD000163,2025-01-03,SKU0025,2,101.45
ORD000164,2025-01-03,SKU0026,1,320.94
ORD000165,2025-01-03,SKU0027,8,224.04
ORD000166,2025-01-03,SKU0028,1,650.39
ORD000167,2025-01-03,SKU0029,5,397.43
ORD000168,2025-01-03,SKU0030,3,787.4
ORD000169,2025-01-03,SKU0031,6,343.11
ORD000170,2025-01-03,SKU0032,1,660.49
ORD000171,2025-01-03,SKU0033,4,646.74
ORD000172,2025-01-03,SKU0034,1,154.55
ORD000173,2025-01-03,SKU0035,3,426.23
ORD000174,2025-01-03,SKU0036,5,568.82
ORD000175,2025-01-03,SKU0037,4,692.35
ORD000176,2025-01-03,SKU0038,5,287.73
ORD000177,2025-01-03,SKU0039,2,207.38
ORD000178,2025-01-03,SKU0041,2,655.22
ORD000179,2025-01-03,SKU0042,2,304.99
ORD000180,2025-01-03,SKU0043,1,113.09
ORD000181,2025-01-03,SKU0044,3,754.8
ORD000182,2025-01-03,SKU0045,1,342.15
ORD000183,2025-01-03,SKU0047,4,676.66
ORD000184,2025-01-03,SKU0048,2,553.52
ORD000185,2025-01-03,SKU0049,2,598.76
ORD000186,2025-01-03,SKU0050,10,198.89
ORD000187,2025-01-03,SKU0051,1,451.5
ORD000188,2025-01-03,SKU0052,4,568.8
ORD000189,2025-01-03,SKU0053,8,213.7
ORD000190,2025-01-03,SKU0054,5,172.97
ORD000191,2025-01-03,SKU0055,2,786.45
ORD000192,2025-01-03,SKU0056,4,432.64
ORD000193,2025-01-03,SKU0057,6,238.23
ORD000194,2025-01-03,SKU0058,6,797.15
ORD000195,2025-01-03,SKU0059,4,773.72
ORD000196,2025-01-03,SKU0060,1,464.3
ORD000197,2025-01-03,SKU0061,5,710.8
ORD000198,2025-01-03,SKU0062,7,183.42
ORD000199,2025-01-03,SKU0063,3,251.94
ORD000200,2025-01-03,SKU0064,1,572.27
ORD000201,2025-01-03,SKU0065,1,683.46
ORD000202,2025-01-03,SKU0066,5,690.81
ORD000203,2025-01-03,SKU0067,9,347.43
ORD000204,2025-01-03,SKU0068,1,714.71
ORD000205,2025-01-03,SKU0069,4,686.71
ORD000206,2025-01-03,SKU0070,1,751.08
ORD000207,2025-01-03,SKU0071,1,636.86
ORD000208,2025-01-03,SKU0072,3,548.43
ORD000209,2025-01-03,SKU0073,1,481.32
ORD000210,2025-01-03,SKU0074,7,322.93
ORD000211,2025-01-03,SKU0075,3,754.5
ORD000212,2025-01-03,SKU0076,2,779.98
ORD000213,2025-01-03,SKU0077,3,255.78
ORD000214,2025-01-03,SKU0079,4,409.07
ORD000215,2025-01-03,SKU0080,6,380.8
ORD000216,2025-01-04,SKU0001,3,244.75
ORD000217,2025-01-04,SKU0002,3,225.54
ORD000218,2025-01-04,SKU0003,4,167.9
ORD000219,2025-01-04,SKU0004,1,206.26
ORD000220,2025-01-04,SKU0006,2,346.92
ORD000221,2025-01-04,SKU0007,4,89.32
ORD000222,2025-01-04,SKU0008,7,232.98
ORD000223,2025-01-04,SKU0009,2,227.63
ORD000224,2025-01-04,SKU0010,2,569.19
ORD000225,2025-01-04,SKU0011,4,581.33
ORD000226,2025-01-04,SKU0012,1,152.55
ORD000227,2025-01-04,SKU0013,7,798.28
ORD000228,2025-01-04,SKU0015,6,782.23
ORD000229,2025-01-04,SKU0016,1,352.39
ORD000230,2025-01-04,SKU0017,2,65.12
ORD000231,2025-01-04,SKU0018,4,302.25
ORD000232,2025-01-04,SKU0019,1,522.11
ORD000233,2025-01-04,SKU0020,3,557.34
ORD000234,2025-01-04,SKU0021,1,443.51
ORD000235,2025-01-04,SKU0022,7,380.32
ORD000236,2025-01-04,SKU0023,2,460.2
ORD000237,2025-01-04,SKU0024,2,490.45
ORD000238,2025-01-04,SKU0025,5,101.45
ORD000239,2025-01-04,SKU0027,3,224.04
ORD000240,2025-01-04,SKU0029,7,397.43
ORD000241,2025-01-04,SKU0030,3,787.4
ORD000242,2025-01-04,SKU0031,4,343.11
ORD000243,2025-01-04,SKU0032,3,660.49
ORD000244,2025-01-04,SKU0033,3,646.74
ORD000245,2025-01-04,SKU0034,1,154.55
ORD000246,2025-01-04,SKU0035,1,426.23
ORD000247,2025-01-04,SKU0036,7,568.82
ORD000248,2025-01-04,SKU0037,2,692.35
ORD000249,2025-01-04,SKU0038,2,287.73
ORD000250,2025-01-04,SKU0039,2,207.38
ORD000251,2025-01-04,SKU0040,1,580.47
ORD000252,2025-01-04,SKU0041,5,655.22
ORD000253,2025-01-04,SKU0042,4,304.99
ORD000254,2025-01-04,SKU0043,1,113.09
ORD000255,2025-01-04,SKU0044,2,754.8
ORD000256,2025-01-04,SKU0045,3,342.15
ORD000257,2025-01-04,SKU0046,9,433.49
ORD000258,2025-01-04,SKU0048,3,553.52
ORD000259,2025-01-04,SKU0049,1,598.76
ORD000260,2025-01-04,SKU0050,7,198.89
ORD000261,2025-01-04,SKU0052,5,568.8
ORD000262,2025-01-04,SKU0053,7,213.7
ORD000263,2025-01-04,SKU0054,6,172.97
ORD000264,2025-01-04,SKU0055,6,786.45
ORD000265,2025-01-04,SKU0056,3,432.64
ORD000266,2025-01-04,SKU0060,4,464.3
ORD000267,2025-01-04,SKU0061,1,710.8
ORD000268,2025-01-04,SKU0062,2,183.42
ORD000269,2025-01-04,SKU0063,1,251.94
ORD000270,2025-01-04,SKU0064,6,572.27
ORD000271,2025-01-04,SKU0065,2,683.46
ORD000272,2025-01-04,SKU0066,6,690.81
ORD000273,2025-01-04,SKU0067,7,347.43
ORD000274,2025-01-04,SKU0068,5,714.71
ORD000275,2025-01-04,SKU0069,6,686.71
ORD000276,2025-01-04,SKU0070,4,751.08
ORD000277,2025-01-04,SKU0072,2,548.43
ORD000278,2025-01-04,SKU0075,3,754.5
ORD000279,2025-01-04,SKU0076,2,779.98
ORD000280,2025-01-04,SKU0077,4,255.78
ORD000281,2025-01-04,SKU0078,3,272.08
ORD000282,2025-01-04,SKU0079,2,409.07
ORD000283,2025-01-04,SKU0080,5,380.8
ORD000284,2025-01-05,SKU0001,3,244.75
ORD000285,2025-01-05,SKU0002,1,225.54
ORD000286,2025-01-05,SKU0003,2,167.9
ORD000287,2025-01-05,SKU0004,2,206.26
ORD000288,2025-01-05,SKU0005,4,464.16
ORD000289,2025-01-05,SKU0006,3,346.92
ORD000290,2025-01-05,SKU0007,3,89.32
ORD000291,2025-01-05,SKU0008,7,232.98
ORD000292,2025-01-05,SKU0009,1,227.63
ORD000293,2025-01-05,SKU0010,4,569.19
ORD000294,2025-01-05,SKU0012,2,152.55
ORD000295,2025-01-05,SKU0013,1,798.28
ORD000296,2025-01-05,SKU0014,1,242.75
ORD000297,2025-01-05,SKU0016,5,352.39
ORD000298,2025-01-05,SKU0017,3,65.12
ORD000299,2025-01-05,SKU0018,3,302.25
ORD000300,2025-01-05,SKU0019,6,522.11
ORD000301,2025-01-05,SKU0020,5,557.34
ORD000302,2025-01-05,SKU0021,5,443.51
ORD000303,2025-01-05,SKU0022,6,380.32
ORD000304,2025-01-05,SKU0023,8,460.2
ORD000305,2025-01-05,SKU0025,6,101.45
ORD000306,2025-01-05,SKU0026,3,320.94
ORD000307,2025-01-05,SKU0027,2,224.04
ORD000308,2025-01-05,SKU0028,3,650.39
ORD000309,2025-01-05,SKU0030,3,787.4
ORD000310,2025-01-05,SKU0031,4,343.11
ORD000311,2025-01-05,SKU0032,2,660.49
ORD000312,2025-01-05,SKU0033,1,646.74
ORD000313,2025-01-05,SKU0034,1,154.55
ORD000314,2025-01-05,SKU0035,2,426.23
ORD000315,2025-01-05,SKU0037,12,692.35
ORD000316,2025-01-05,SKU0040,1,580.47
ORD000317,2025-01-05,SKU0041,4,655.22
ORD000318,2025-01-05,SKU0042,8,304.99
ORD000319,2025-01-05,SKU0043,3,113.09
ORD000320,2025-01-05,SKU0044,3,754.8
ORD000321,2025-01-05,SKU0045,2,342.15
ORD000322,2025-01-05,SKU0046,3,433.49
ORD000323,2025-01-05,SKU0047,1,676.66
ORD000324,2025-01-05,SKU0048,8,553.52
ORD000325,2025-01-05,SKU0049,2,598.76
ORD000326,2025-01-05,SKU0050,1,198.89
ORD000327,2025-01-05,SKU0051,2,451.5
ORD000328,2025-01-05,SKU0052,4,568.8
ORD000329,2025-01-05,SKU0053,3,213.7
ORD000330,2025-01-05,SKU0054,5,172.97
ORD000331,2025-01-05,SKU0056,5,432.64
ORD000332,2025-01-05,SKU0057,3,238.23
ORD000333,2025-01-05,SKU0058,5,797.15
ORD000334,2025-01-05,SKU0059,3,773.72
ORD000335,2025-01-05,SKU0060,3,464.3
ORD000336,2025-01-05,SKU0061,5,710.8
ORD000337,2025-01-05,SKU0062,3,183.42
ORD000338,2025-01-05,SKU0063,4,251.94
ORD000339,2025-01-05,SKU0065,8,683.46
ORD000340,2025-01-05,SKU0066,4,690.81
ORD000341,2025-01-05,SKU0068,5,714.71
ORD000342,2025-01-05,SKU0069,3,686.71
ORD000343,2025-01-05,SKU0070,2,751.08
ORD000344,2025-01-05,SKU0071,2,636.86
ORD000345,2025-01-05,SKU0072,3,548.43
ORD000346,2025-01-05,SKU0073,1,481.32
ORD000347,2025-01-05,SKU0074,2,322.93
ORD000348,2025-01-05,SKU0075,5,754.5
ORD000349,2025-01-05,SKU0076,4,779.98
ORD000350,2025-01-05,SKU0077,2,255.78
ORD000351,2025-01-05,SKU0078,1,272.08
ORD000352,2025-01-05,SKU0079,2,409.07
ORD000353,2025-01-05,SKU0080,3,380.8
ORD000354,2025-01-06,SKU0001,1,244.75
ORD000355,2025-01-06,SKU0002,7,225.54
ORD000356,2025-01-06,SKU0003,6,167.9
ORD000357,2025-01-06,SKU0004,2,206.26
ORD000358,2025-01-06,SKU0005,6,464.16
ORD000359,2025-01-06,SKU0006,4,346.92
ORD000360,2025-01-06,SKU0007,3,89.32
ORD000361,2025-01-06,SKU0008,4,232.98
ORD000362,2025-01-06,SKU0009,6,227.63
ORD000363,2025-01-06,SKU0010,6,569.19
ORD000364,2025-01-06,SKU0011,6,581.33
ORD000365,2025-01-06,SKU0012,1,152.55
ORD000366,2025-01-06,SKU0013,1,798.28
ORD000367,2025-01-06,SKU0014,1,242.75
ORD000368,2025-01-06,SKU0015,4,782.23
ORD000369,2025-01-06,SKU0016,7,352.39
ORD000370,2025-01-06,SKU0017,1,65.12
ORD000371,2025-01-06,SKU0019,1,522.11
ORD000372,2025-01-06,SKU0020,7,557.34
ORD000373,2025-01-06,SKU0021,1,443.51
ORD000374,2025-01-06,SKU0022,3,380.32
ORD000375,2025-01-06,SKU0023,2,460.2
ORD000376,2025-01-06,SKU0024,5,490.45
ORD000377,2025-01-06,SKU0025,3,101.45
ORD000378,2025-01-06,SKU0026,1,320.94
ORD000379,2025-01-06,SKU0027,1,224.04
ORD000380,2025-01-06,SKU0028,2,650.39
ORD000381,2025-01-06,SKU0029,7,397.43
ORD000382,2025-01-06,SKU0030,2,787.4
ORD000383,2025-01-06,SKU0031,7,343.11
ORD000384,2025-01-06,SKU0033,7,646.74
ORD000385,2025-01-06,SKU0034,10,154.55
ORD000386,2025-01-06,SKU0036,4,568.82
ORD000387,2025-01-06,SKU0037,3,692.35
ORD000388,2025-01-06,SKU0038,6,287.73
ORD000389,2025-01-06,SKU0039,4,207.38
ORD000390,2025-01-06,SKU0040,7,580.47
ORD000391,2025-01-06,SKU0041,4,655.22
ORD000392,2025-01-06,SKU0042,4,304.99
ORD000393,2025-01-06,SKU0044,5,754.8
ORD000394,2025-01-06,SKU0045,6,342.15
ORD000395,2025-01-06,SKU0046,2,433.49
ORD000396,2025-01-06,SKU0047,3,676.66
ORD000397,2025-01-06,SKU0048,2,553.52
ORD000398,2025-01-06,SKU0049,1,598.76
ORD000399,2025-01-06,SKU0050,3,198.89
ORD000400,2025-01-06,SKU0051,9,451.5
ORD000401,2025-01-06,SKU0053,8,213.7
ORD000402,2025-01-06,SKU0054,5,172.97
ORD000403,2025-01-06,SKU0055,7,786.45
ORD000404,2025-01-06,SKU0056,5,432.64
ORD000405,2025-01-06,SKU0057,4,238.23
ORD000406,2025-01-06,SKU0058,5,797.15
ORD000407,2025-01-06,SKU0059,9,773.72
ORD000408,2025-01-06,SKU0060,6,464.3
ORD000409,2025-01-06,SKU0061,5,710.8
ORD000410,2025-01-06,SKU0063,9,251.94
ORD000411,2025-01-06,SKU0064,5,572.27
ORD000412,2025-01-06,SKU0065,4,683.46
ORD000413,2025-01-06,SKU0066,4,690.81
ORD000414,2025-01-06,SKU0067,1,347.43
ORD000415,2025-01-06,SKU0068,7,714.71
ORD000416,2025-01-06,SKU0070,4,751.08
ORD000417,2025-01-06,SKU0071,4,636.86
ORD000418,2025-01-06,SKU0072,5,548.43
ORD000419,2025-01-06,SKU0073,3,481.32
ORD000420,2025-01-06,SKU0074,8,322.93
ORD000421,2025-01-06,SKU0075,1,754.5
ORD000422,2025-01-06,SKU0076,1,779.98
ORD000423,2025-01-06,SKU0077,3,255.78
ORD000424,2025-01-06,SKU0078,5,272.08
ORD000425,2025-01-06,SKU0080,3,380.8
ORD000426,2025-01-07,SKU0001,1,244.75
ORD000427,2025-01-07,SKU0002,2,225.54
ORD000428,2025-01-07,SKU0003,1,167.9
ORD000429,2025-01-07,SKU0004,2,206.26
ORD000430,2025-01-07,SKU0005,5,464.16
ORD000431,2025-01-07,SKU0006,2,346.92
ORD000432,2025-01-07,SKU0007,2,89.32
ORD000433,2025-01-07,SKU0008,2,232.98
ORD000434,2025-01-07,SKU0009,2,227.63
ORD000435,2025-01-07,SKU0010,3,569.19
ORD000436,2025-01-07,SKU0011,5,581.33
ORD000437,2025-01-07,SKU0013,3,798.28
ORD000438,2025-01-07,SKU0016,2,352.39
ORD000439,2025-01-07,SKU0017,5,65.12
ORD000440,2025-01-07,SKU0018,2,302.25
ORD000441,2025-01-07,SKU0019,6,522.11
ORD000442,2025-01-07,SKU0020,3,557.34
ORD000443,2025-01-07,SKU0021,10,443.51
ORD000444,2025-01-07,SKU0022,5,380.32
ORD000445,2025-01-07,SKU0024,3,490.45
ORD000446,2025-01-07,SKU0025,3,101.45
ORD000447,2025-01-07,SKU0026,1,320.94
ORD000448,2025-01-07,SKU0027,4,224.04
ORD000449,2025-01-07,SKU0028,6,650.39
ORD000450,2025-01-07,SKU0029,4,397.43
ORD000451,2025-01-07,SKU0030,1,787.4
ORD000452,2025-01-07,SKU0031,2,343.11
ORD000453,2025-01-07,SKU0032,5,660.49
ORD000454,2025-01-07,SKU0033,4,646.74
ORD000455,2025-01-07,SKU0034,5,154.55
ORD000456,2025-01-07,SKU0035,2,426.23
ORD000457,2025-01-07,SKU0037,3,692.35
ORD000458,2025-01-07,SKU0038,3,287.73
ORD000459,2025-01-07,SKU0039,5,207.38
ORD000460,2025-01-07,SKU0040,6,580.47
ORD000461,2025-01-07,SKU0041,9,655.22
ORD000462,2025-01-07,SKU0042,3,304.99
ORD000463,2025-01-07,SKU0044,1,754.8
ORD000464,2025-01-07,SKU0045,3,342.15
ORD000465,2025-01-07,SKU0046,3,433.49
ORD000466,2025-01-07,SKU0047,6,676.66
ORD000467,2025-01-07,SKU0048,4,553.52
ORD000468,2025-01-07,SKU0049,1,598.76
ORD000469,2025-01-07,SKU0050,7,198.89
ORD000470,2025-01-07,SKU0051,5,451.5
ORD000471,2025-01-07,SKU0052,2,568.8
ORD000472,2025-01-07,SKU0053,2,213.7
ORD000473,2025-01-07,SKU0054,6,172.97
ORD000474,2025-01-07,SKU0055,4,786.45
ORD000475,2025-01-07,SKU0056,7,432.64
ORD000476,2025-01-07,SKU0057,1,238.23
ORD000477,2025-01-07,SKU0058,7,797.15
ORD000478,2025-01-07,SKU0059,3,773.72
ORD000479,2025-01-07,SKU0060,5,464.3
ORD000480,2025-01-07,SKU0061,4,710.8
ORD000481,2025-01-07,SKU0062,2,183.42
ORD000482,2025-01-07,SKU0063,1,251.94
ORD000483,2025-01-07,SKU0064,4,572.27
ORD000484,2025-01-07,SKU0065,6,683.46
ORD000485,2025-01-07,SKU0067,9,347.43
ORD000486,2025-01-07,SKU0068,12,714.71
ORD000487,2025-01-07,SKU0069,3,686.71
ORD000488,2025-01-07,SKU0070,3,751.08
ORD000489,2025-01-07,SKU0071,1,636.86
ORD000490,2025-01-07,SKU0072,1,548.43
ORD000491,2025-01-07,SKU0073,5,481.32
ORD000492,2025-01-07,SKU0074,3,322.93
ORD000493,2025-01-07,SKU0075,1,754.5
ORD000494,2025-01-07,SKU0076,3,779.98
ORD000495,2025-01-07,SKU0077,5,255.78
ORD000496,2025-01-07,SKU0079,1,409.07
ORD000497,2025-01-07,SKU0080,4,380.8
ORD000498,2025-01-08,SKU0001,2,244.75
ORD000499,2025-01-08,SKU0002,1,225.54
ORD000500,2025-01-08,SKU0003,4,167.9
ORD000501,2025-01-08,SKU0004,5,206.26
ORD000502,2025-01-08,SKU0005,6,464.16
ORD000503,2025-01-08,SKU0006,5,346.92
ORD000504,2025-01-08,SKU0007,5,89.32
ORD000505,2025-01-08,SKU0008,8,232.98
ORD000506,2025-01-08,SKU0009,1,227.63
ORD000507,2025-01-08,SKU0010,6,569.19
ORD000508,2025-01-08,SKU0011,3,581.33
ORD000509,2025-01-08,SKU0012,8,152.55
ORD000510,2025-01-08,SKU0013,5,798.28
ORD000511,2025-01-08,SKU0017,4,65.12
ORD000512,2025-01-08,SKU0018,4,302.25
ORD000513,2025-01-08,SKU0019,5,522.11
ORD000514,2025-01-08,SKU0020,4,557.34
ORD000515,2025-01-08,SKU0021,9,443.51
ORD000516,2025-01-08,SKU0022,2,380.32
ORD000517,2025-01-08,SKU0023,4,460.2
ORD000518,2025-01-08,SKU0024,3,490.45
ORD000519,2025-01-08,SKU0026,8,320.94
ORD000520,2025-01-08,SKU0027,1,224.04
ORD000521,2025-01-08,SKU0028,2,650.39
ORD000522,2025-01-08,SKU0029,10,397.43
ORD000523,2025-01-08,SKU0030,1,787.4
ORD000524,2025-01-08,SKU0031,4,343.11
ORD000525,2025-01-08,SKU0032,4,660.49
ORD000526,2025-01-08,SKU0033,3,646.74
ORD000527,2025-01-08,SKU0034,4,154.55
ORD000528,2025-01-08,SKU0037,1,692.35
ORD000529,2025-01-08,SKU0038,5,287.73
ORD000530,2025-01-08,SKU0039,3,207.38
ORD000531,2025-01-08,SKU0040,6,580.47
ORD000532,2025-01-08,SKU0042,6,304.99
ORD000533,2025-01-08,SKU0043,3,113.09
ORD000534,2025-01-08,SKU0045,2,342.15
ORD000535,2025-01-08,SKU0046,5,433.49
ORD000536,2025-01-08,SKU0047,7,676.66
ORD000537,2025-01-08,SKU0048,7,553.52
ORD000538,2025-01-08,SKU0049,7,598.76
ORD000539,2025-01-08,SKU0050,4,198.89
ORD000540,2025-01-08,SKU0051,3,451.5
ORD000541,2025-01-08,SKU0052,3,568.8
ORD000542,2025-01-08,SKU0053,2,213.7
ORD000543,2025-01-08,SKU0054,1,172.97
ORD000544,2025-01-08,SKU0055,1,786.45
ORD000545,2025-01-08,SKU0056,5,432.64
ORD000546,2025-01-08,SKU0057,10,238.23
ORD000547,2025-01-08,SKU0058,1,797.15
ORD000548,2025-01-08,SKU0059,4,773.72
ORD000549,2025-01-08,SKU0060,9,464.3
ORD000550,2025-01-08,SKU0061,4,710.8
ORD000551,2025-01-08,SKU0062,6,183.42
ORD000552,2025-01-08,SKU0063,3,251.94
ORD000553,2025-01-08,SKU0064,1,572.27
ORD000554,2025-01-08,SKU0065,1,683.46
ORD000555,2025-01-08,SKU0066,4,690.81
ORD000556,2025-01-08,SKU0067,4,347.43
ORD000557,2025-01-08,SKU0068,3,714.71
ORD000558,2025-01-08,SKU0069,1,686.71
ORD000559,2025-01-08,SKU0070,6,751.08
ORD000560,2025-01-08,SKU0071,4,636.86
ORD000561,2025-01-08,SKU0073,4,481.32
ORD000562,2025-01-08,SKU0074,9,322.93
ORD000563,2025-01-08,SKU0075,1,754.5
ORD000564,2025-01-08,SKU0076,6,779.98
ORD000565,2025-01-08,SKU0077,6,255.78
ORD000566,2025-01-08,SKU0079,4,409.07
ORD000567,2025-01-08,SKU0080,2,380.8
ORD000568,2025-01-09,SKU0001,1,244.75
ORD000569,2025-01-09,SKU0002,1,225.54
ORD000570,2025-01-09,SKU0003,5,167.9
ORD000571,2025-01-09,SKU0004,6,206.26
ORD000572,2025-01-09,SKU0005,2,464.16
ORD000573,2025-01-09,SKU0006,1,346.92
ORD000574,2025-01-09,SKU0007,6,89.32
ORD000575,2025-01-09,SKU0008,2,232.98
ORD000576,2025-01-09,SKU0009,3,227.63
ORD000577,2025-01-09,SKU0011,4,581.33
ORD000578,2025-01-09,SKU0012,4,152.55
ORD000579,2025-01-09,SKU0013,2,798.28
ORD000580,2025-01-09,SKU0014,5,242.75
ORD000581,2025-01-09,SKU0015,4,782.23
ORD000582,2025-01-09,SKU0016,5,352.39
ORD000583,2025-01-09,SKU0017,2,65.12
ORD000584,2025-01-09,SKU0018,1,302.25
ORD000585,2025-01-09,SKU0020,2,557.34
ORD000586,2025-01-09,SKU0021,4,443.51
ORD000587,2025-01-09,SKU0022,2,380.32
ORD000588,2025-01-09,SKU0024,4,490.45
ORD000589,2025-01-09,SKU0025,5,101.45
ORD000590,2025-01-09,SKU0026,4,320.94
ORD000591,2025-01-09,SKU0027,6,224.04
ORD000592,2025-01-09,SKU0028,1,650.39
ORD000593,2025-01-09,SKU0029,5,397.43
ORD000594,2025-01-09,SKU0030,1,787.4
ORD000595,2025-01-09,SKU0031,7,343.11
ORD000596,2025-01-09,SKU0032,3,660.49
ORD000597,2025-01-09,SKU0033,1,646.74
ORD000598,2025-01-09,SKU0034,3,154.55
ORD000599,2025-01-09,SKU0035,1,426.23
ORD000600,2025-01-09,SKU0036,2,568.82
ORD000601,2025-01-09,SKU0037,8,692.35
ORD000602,2025-01-09,SKU0038,1,287.73
ORD000603,2025-01-09,SKU0039,3,207.38
ORD000604,2025-01-09,SKU0040,1,580.47
ORD000605,2025-01-09,SKU0041,1,655.22
ORD000606,2025-01-09,SKU0043,1,113.09
ORD000607,2025-01-09,SKU0044,4,754.8
ORD000608,2025-01-09,SKU0045,3,342.15
ORD000609,2025-01-09,SKU0046,4,433.49
ORD000610,2025-01-09,SKU0048,6,553.52
ORD000611,2025-01-09,SKU0049,1,598.76
ORD000612,2025-01-09,SKU0050,4,198.89
ORD000613,2025-01-09,SKU0051,1,451.5
ORD000614,2025-01-09,SKU0053,3,213.7
ORD000615,2025-01-09,SKU0054,2,172.97
ORD000616,2025-01-09,SKU0055,8,786.45
ORD000617,2025-01-09,SKU0056,1,432.64
ORD000618,2025-01-09,SKU0057,1,238.23
ORD000619,2025-01-09,SKU0058,2,797.15
ORD000620,2025-01-09,SKU0059,4,773.72
ORD000621,2025-01-09,SKU0061,5,710.8
ORD000622,2025-01-09,SKU0064,4,572.27
ORD000623,2025-01-09,SKU0065,3,683.46
ORD000624,2025-01-09,SKU0066,4,690.81
ORD000625,2025-01-09,SKU0067,9,347.43
ORD000626,2025-01-09,SKU0068,2,714.71
ORD000627,2025-01-09,SKU0069,2,686.71
ORD000628,2025-01-09,SKU0070,10,751.08
ORD000629,2025-01-09,SKU0071,2,636.86
ORD000630,2025-01-09,SKU0072,3,548.43
ORD000631,2025-01-09,SKU0073,3,481.32
ORD000632,2025-01-09,SKU0074,7,322.93
ORD000633,2025-01-09,SKU0075,1,754.5
ORD000634,2025-01-09,SKU0076,1,779.98
ORD000635,2025-01-09,SKU0077,9,255.78
ORD000636,2025-01-09,SKU0078,1,272.08
ORD000637,2025-01-09,SKU0079,3,409.07
ORD000638,2025-01-09,SKU0080,7,380.8
ORD000639,2025-01-10,SKU0001,2,244.75
ORD000640,2025-01-10,SKU0002,4,225.54
ORD000641,2025-01-10,SKU0003,6,167.9
ORD000642,2025-01-10,SKU0004,3,206.26
ORD000643,2025-01-10,SKU0005,5,464.16
ORD000644,2025-01-10,SKU0006,3,346.92
ORD000645,2025-01-10,SKU0007,4,89.32
ORD000646,2025-01-10,SKU0008,9,232.98
ORD000647,2025-01-10,SKU0009,10,227.63
ORD000648,2025-01-10,SKU0010,3,569.19
ORD000649,2025-01-10,SKU0012,1,152.55
ORD000650,2025-01-10,SKU0013,3,798.28
ORD000651,2025-01-10,SKU0014,5,242.75
ORD000652,2025-01-10,SKU0016,1,352.39
ORD000653,2025-01-10,SKU0017,1,65.12
ORD000654,2025-01-10,SKU0018,1,302.25
ORD000655,2025-01-10,SKU0019,2,522.11
ORD000656,2025-01-10,SKU0020,1,557.34
ORD000657,2025-01-10,SKU0021,2,443.51
ORD000658,2025-01-10,SKU0022,2,380.32
ORD000659,2025-01-10,SKU0023,5,460.2
ORD000660,2025-01-10,SKU0024,4,490.45
ORD000661,2025-01-10,SKU0025,2,101.45
ORD000662,2025-01-10,SKU0026,7,320.94
ORD000663,2025-01-10,SKU0027,5,224.04
ORD000664,2025-01-10,SKU0028,2,650.39
ORD000665,2025-01-10,SKU0031,5,343.11
ORD000666,2025-01-10,SKU0032,1,660.49
ORD000667,2025-01-10,SKU0033,3,646.74
ORD000668,2025-01-10,SKU0034,1,154.55
ORD000669,2025-01-10,SKU0037,7,692.35
ORD000670,2025-01-10,SKU0038,1,287.73
ORD000671,2025-01-10,SKU0039,5,207.38
ORD000672,2025-01-10,SKU0041,1,655.22
ORD000673,2025-01-10,SKU0042,7,304.99
ORD000674,2025-01-10,SKU0043,3,113.09
ORD000675,2025-01-10,SKU0044,6,754.8
ORD000676,2025-01-10,SKU0045,2,342.15
ORD000677,2025-01-10,SKU0046,1,433.49
ORD000678,2025-01-10,SKU0048,3,553.52
ORD000679,2025-01-10,SKU0049,4,598.76
ORD000680,2025-01-10,SKU0050,1,198.89
ORD000681,2025-01-10,SKU0051,2,451.5
ORD000682,2025-01-10,SKU0052,5,568.8
ORD000683,2025-01-10,SKU0053,6,213.7
ORD000684,2025-01-10,SKU0054,2,172.97
ORD000685,2025-01-10,SKU0055,1,786.45
ORD000686,2025-01-10,SKU0056,4,432.64
ORD000687,2025-01-10,SKU0057,3,238.23
ORD000688,2025-01-10,SKU0058,3,797.15
ORD000689,2025-01-10,SKU0059,1,773.72
ORD000690,2025-01-10,SKU0060,4,464.3
ORD000691,2025-01-10,SKU0061,1,710.8
ORD000692,2025-01-10,SKU0062,1,183.42
ORD000693,2025-01-10,SKU0063,2,251.94
ORD000694,2025-01-10,SKU0064,4,572.27
ORD000695,2025-01-10,SKU0065,1,683.46
ORD000696,2025-01-10,SKU0066,3,690.81
ORD000697,2025-01-10,SKU0067,2,347.43
ORD000698,2025-01-10,SKU0069,1,686.71
ORD000699,2025-01-10,SKU0070,1,751.08
ORD000700,2025-01-10,SKU0072,2,548.43
ORD000701,2025-01-10,SKU0073,5,481.32
ORD000702,2025-01-10,SKU0074,1,322.93
ORD000703,2025-01-10,SKU0075,4,754.5
ORD000704,2025-01-10,SKU0076,5,779.98
ORD000705,2025-01-10,SKU0077,3,255.78
ORD000706,2025-01-10,SKU0078,1,272.08
ORD000707,2025-01-10,SKU0079,5,409.07
ORD000708,2025-01-10,SKU0080,3,380.8
ORD000709,2025-01-11,SKU0002,1,225.54
ORD000710,2025-01-11,SKU0003,1,167.9
ORD000711,2025-01-11,SKU0004,6,206.26
ORD000712,2025-01-11,SKU0005,2,464.16
ORD000713,2025-01-11,SKU0006,1,346.92
ORD000714,2025-01-11,SKU0007,3,89.32
ORD000715,2025-01-11,SKU0008,1,232.98
ORD000716,2025-01-11,SKU0009,2,227.63
ORD000717,2025-01-11,SKU0010,6,569.19
ORD000718,2025-01-11,SKU0011,2,581.33
ORD000719,2025-01-11,SKU0012,5,152.55
ORD000720,2025-01-11,SKU0013,7,798.28
ORD000721,2025-01-11,SKU0014,3,242.75
ORD000722,2025-01-11,SKU0016,2,352.39
ORD000723,2025-01-11,SKU0017,8,65.12
ORD000724,2025-01-11,SKU0018,4,302.25
ORD000725,2025-01-11,SKU0019,3,522.11
ORD000726,2025-01-11,SKU0020,7,557.34
ORD000727,2025-01-11,SKU0021,3,443.51
ORD000728,2025-01-11,SKU0022,2,380.32
ORD000729,2025-01-11,SKU0023,3,460.2
ORD000730,2025-01-11,SKU0024,6,490.45
ORD000731,2025-01-11,SKU0025,1,101.45
ORD000732,2025-01-11,SKU0026,1,320.94
ORD000733,2025-01-11,SKU0027,1,224.04
ORD000734,2025-01-11,SKU0028,4,650.39
ORD000735,2025-01-11,SKU0029,4,397.43
ORD000736,2025-01-11,SKU0031,5,343.11
ORD000737,2025-01-11,SKU0032,3,660.49
ORD000738,2025-01-11,SKU0033,7,646.74
ORD000739,2025-01-11,SKU0034,2,154.55
ORD000740,2025-01-11,SKU0035,5,426.23
ORD000741,2025-01-11,SKU0036,3,568.82
ORD000742,2025-01-11,SKU0037,5,692.35
ORD000743,2025-01-11,SKU0038,1,287.73
ORD000744,2025-01-11,SKU0039,4,207.38
ORD000745,2025-01-11,SKU0040,5,580.47
ORD000746,2025-01-11,SKU0041,1,655.22
ORD000747,2025-01-11,SKU0042,5,304.99
ORD000748,2025-01-11,SKU0043,1,113.09
ORD000749,2025-01-11,SKU0044,12,754.8
ORD000750,2025-01-11,SKU0046,2,433.49
ORD000751,2025-01-11,SKU0047,2,676.66
ORD000752,2025-01-11,SKU0048,2,553.52
ORD000753,2025-01-11,SKU0049,2,598.76
ORD000754,2025-01-11,SKU0050,10,198.89
ORD000755,2025-01-11,SKU0051,3,451.5
ORD000756,2025-01-11,SKU0052,4,568.8
ORD000757,2025-01-11,SKU0053,9,213.7
ORD000758,2025-01-11,SKU0054,7,172.97
ORD000759,2025-01-11,SKU0055,11,786.45
ORD000760,2025-01-11,SKU0056,6,432.64
ORD000761,2025-01-11,SKU0057,3,238.23
ORD000762,2025-01-11,SKU0058,1,797.15
ORD000763,2025-01-11,SKU0059,3,773.72
ORD000764,2025-01-11,SKU0060,2,464.3
ORD000765,2025-01-11,SKU0061,4,710.8
ORD000766,2025-01-11,SKU0062,4,183.42
ORD000767,2025-01-11,SKU0063,2,251.94
ORD000768,2025-01-11,SKU0064,2,572.27
ORD000769,2025-01-11,SKU0066,2,690.81
ORD000770,2025-01-11,SKU0067,2,347.43
ORD000771,2025-01-11,SKU0068,4,714.71
ORD000772,2025-01-11,SKU0069,10,686.71
ORD000773,2025-01-11,SKU0070,2,751.08
ORD000774,2025-01-11,SKU0072,4,548.43
ORD000775,2025-01-11,SKU0074,1,322.93
ORD000776,2025-01-11,SKU0075,1,754.5
ORD000777,2025-01-11,SKU0076,5,779.98
ORD000778,2025-01-11,SKU0077,3,255.78
ORD000779,2025-01-11,SKU0079,1,409.07
ORD000780,2025-01-11,SKU0080,9,380.8
ORD000781,2025-01-12,SKU0002,5,225.54
ORD000782,2025-01-12,SKU0003,3,167.9
ORD000783,2025-01-12,SKU0004,4,206.26
ORD000784,2025-01-12,SKU0005,6,464.16
ORD000785,2025-01-12,SKU0006,2,346.92
ORD000786,2025-01-12,SKU0007,4,89.32
ORD000787,2025-01-12,SKU0008,4,232.98
ORD000788,2025-01-12,SKU0009,1,227.63
ORD000789,2025-01-12,SKU0010,1,569.19
ORD000790,2025-01-12,SKU0011,1,581.33
ORD000791,2025-01-12,SKU0012,2,152.55
ORD000792,2025-01-12,SKU0013,6,798.28
ORD000793,2025-01-12,SKU0014,7,242.75
ORD000794,2025-01-12,SKU0015,1,782.23
ORD000795,2025-01-12,SKU0016,2,352.39
ORD000796,2025-01-12,SKU0017,3,65.12
ORD000797,2025-01-12,SKU0018,2,302.25
ORD000798,2025-01-12,SKU0019,8,522.11
ORD000799,2025-01-12,SKU0020,5,557.34
ORD000800,2025-01-12,SKU0021,6,443.51
ORD000801,2025-01-12,SKU0022,5,380.32
ORD000802,2025-01-12,SKU0023,1,460.2
ORD000803,2025-01-12,SKU0024,1,490.45
ORD000804,2025-01-12,SKU0025,1,101.45
ORD000805,2025-01-12,SKU0027,1,224.04
ORD000806,2025-01-12,SKU0028,5,650.39
ORD000807,2025-01-12,SKU0029,2,397.43
ORD000808,2025-01-12,SKU0030,4,787.4
ORD000809,2025-01-12,SKU0031,2,343.11
ORD000810,2025-01-12,SKU0032,3,660.49
ORD000811,2025-01-12,SKU0033,4,646.74
ORD000812,2025-01-12,SKU0034,2,154.55
ORD000813,2025-01-12,SKU0035,5,426.23
ORD000814,2025-01-12,SKU0036,1,568.82
ORD000815,2025-01-12,SKU0037,3,692.35
ORD000816,2025-01-12,SKU0038,5,287.73
ORD000817,2025-01-12,SKU0039,4,207.38
ORD000818,2025-01-12,SKU0040,1,580.47
ORD000819,2025-01-12,SKU0041,3,655.22
ORD000820,2025-01-12,SKU0042,2,304.99
ORD000821,2025-01-12,SKU0043,6,113.09
ORD000822,2025-01-12,SKU0045,2,342.15
ORD000823,2025-01-12,SKU0046,1,433.49
ORD000824,2025-01-12,SKU0047,4,676.66
ORD000825,2025-01-12,SKU0048,3,553.52
ORD000826,2025-01-12,SKU0049,7,598.76
ORD000827,2025-01-12,SKU0050,4,198.89
ORD000828,2025-01-12,SKU0051,5,451.5
ORD000829,2025-01-12,SKU0052,2,568.8
ORD000830,2025-01-12,SKU0054,6,172.97
ORD000831,2025-01-12,SKU0055,3,786.45
ORD000832,2025-01-12,SKU0057,1,238.23
ORD000833,2025-01-12,SKU0059,3,773.72
ORD000834,2025-01-12,SKU0060,3,464.3
ORD000835,2025-01-12,SKU0062,2,183.42
ORD000836,2025-01-12,SKU0063,1,251.94
ORD000837,2025-01-12,SKU0064,7,572.27
ORD000838,2025-01-12,SKU0065,2,683.46
ORD000839,2025-01-12,SKU0066,5,690.81
ORD000840,2025-01-12,SKU0067,6,347.43
ORD000841,2025-01-12,SKU0069,8,686.71
ORD000842,2025-01-12,SKU0070,3,751.08
ORD000843,2025-01-12,SKU0071,5,636.86
ORD000844,2025-01-12,SKU0072,2,548.43
ORD000845,2025-01-12,SKU0073,1,481.32
ORD000846,2025-01-12,SKU0076,3,779.98
ORD000847,2025-01-12,SKU0077,2,255.78
ORD000848,2025-01-12,SKU0078,4,272.08
ORD000849,2025-01-12,SKU0079,2,409.07
ORD000850,2025-01-12,SKU0080,2,380.8
ORD000851,2025-01-13,SKU0001,7,244.75
ORD000852,2025-01-13,SKU0002,2,225.54
ORD000853,2025-01-13,SKU0003,6,167.9
ORD000854,2025-01-13,SKU0004,1,206.26
ORD000855,2025-01-13,SKU0006,2,346.92
ORD000856,2025-01-13,SKU0007,3,89.32
ORD000857,2025-01-13,SKU0008,4,232.98
ORD000858,2025-01-13,SKU0009,2,227.63
ORD000859,2025-01-13,SKU0010,5,569.19
ORD000860,2025-01-13,SKU0011,2,581.33
ORD000861,2025-01-13,SKU0012,1,152.55
ORD000862,2025-01-13,SKU0013,1,798.28
ORD000863,2025-01-13,SKU0014,3,242.75
ORD000864,2025-01-13,SKU0015,4,782.23
ORD000865,2025-01-13,SKU0016,2,352.39
ORD000866,2025-01-13,SKU0017,2,65.12
ORD000867,2025-01-13,SKU0018,5,302.25
ORD000868,2025-01-13,SKU0019,2,522.11
ORD000869,2025-01-13,SKU0020,5,557.34
ORD000870,2025-01-13,SKU0021,4,443.51
ORD000871,2025-01-13,SKU0023,4,460.2
ORD000872,2025-01-13,SKU0025,1,101.45
ORD000873,2025-01-13,SKU0026,2,320.94
ORD000874,2025-01-13,SKU0027,1,224.04
ORD000875,2025-01-13,SKU0028,3,650.39
ORD000876,2025-01-13,SKU0030,4,787.4
ORD000877,2025-01-13,SKU0031,2,343.11
ORD000878,2025-01-13,SKU0032,2,660.49
ORD000879,2025-01-13,SKU0033,1,646.74
ORD000880,2025-01-13,SKU0034,4,154.55
ORD000881,2025-01-13,SKU0035,6,426.23
ORD000882,2025-01-13,SKU0036,7,568.82
ORD000883,2025-01-13,SKU0037,5,692.35
ORD000884,2025-01-13,SKU0038,1,287.73
ORD000885,2025-01-13,SKU0040,7,580.47
ORD000886,2025-01-13,SKU0042,8,304.99
ORD000887,2025-01-13,SKU0043,7,113.09
ORD000888,2025-01-13,SKU0044,1,754.8
ORD000889,2025-01-13,SKU0045,5,342.15
ORD000890,2025-01-13,SKU0046,3,433.49
ORD000891,2025-01-13,SKU0047,3,676.66
ORD000892,2025-01-13,SKU0048,1,553.52
ORD000893,2025-01-13,SKU0049,7,598.76
ORD000894,2025-01-13,SKU0050,2,198.89
ORD000895,2025-01-13,SKU0051,1,451.5
ORD000896,2025-01-13,SKU0052,11,568.8
ORD000897,2025-01-13,SKU0053,3,213.7
ORD000898,2025-01-13,SKU0054,3,172.97
ORD000899,2025-01-13,SKU0055,6,786.45
ORD000900,2025-01-13,SKU0057,1,238.23
ORD000901,2025-01-13,SKU0058,3,797.15
ORD000902,2025-01-13,SKU0060,7,464.3
ORD000903,2025-01-13,SKU0061,4,710.8
ORD000904,2025-01-13,SKU0062,6,183.42
ORD000905,2025-01-13,SKU0063,5,251.94
ORD000906,2025-01-13,SKU0064,1,572.27
ORD000907,2025-01-13,SKU0065,4,683.46
ORD000908,2025-01-13,SKU0066,4,690.81
ORD000909,2025-01-13,SKU0067,1,347.43
ORD000910,2025-01-13,SKU0068,1,714.71
ORD000911,2025-01-13,SKU0071,2,636.86
ORD000912,2025-01-13,SKU0072,1,548.43
ORD000913,2025-01-13,SKU0073,2,481.32
ORD000914,2025-01-13,SKU0074,6,322.93
ORD000915,2025-01-13,SKU0075,1,754.5
ORD000916,2025-01-13,SKU0076,6,779.98
ORD000917,2025-01-13,SKU0078,3,272.08
ORD000918,2025-01-13,SKU0079,5,409.07
ORD000919,2025-01-13,SKU0080,2,380.8
ORD000920,2025-01-14,SKU0001,1,244.75
ORD000921,2025-01-14,SKU0002,2,225.54
ORD000922,2025-01-14,SKU0003,5,167.9
ORD000923,2025-01-14,SKU0004,1,206.26
ORD000924,2025-01-14,SKU0006,4,346.92
ORD000925,2025-01-14,SKU0008,3,232.98
ORD000926,2025-01-14,SKU0009,1,227.63
ORD000927,2025-01-14,SKU0010,4,569.19
ORD000928,2025-01-14,SKU0011,1,581.33
ORD000929,2025-01-14,SKU0012,6,152.55
ORD000930,2025-01-14,SKU0013,2,798.28
ORD000931,2025-01-14,SKU0014,3,242.75
ORD000932,2025-01-14,SKU0015,6,782.23
ORD000933,2025-01-14,SKU0016,7,352.39
ORD000934,2025-01-14,SKU0017,5,65.12
ORD000935,2025-01-14,SKU0018,1,302.25
ORD000936,2025-01-14,SKU0019,2,522.11
ORD000937,2025-01-14,SKU0020,4,557.34
ORD000938,2025-01-14,SKU0022,1,380.32
ORD000939,2025-01-14,SKU0023,3,460.2
ORD000940,2025-01-14,SKU0024,4,490.45
ORD000941,2025-01-14,SKU0025,5,101.45
ORD000942,2025-01-14,SKU0026,1,320.94
ORD000943,2025-01-14,SKU0027,3,224.04
ORD000944,2025-01-14,SKU0028,8,650.39
ORD000945,2025-01-14,SKU0029,1,397.43
ORD000946,2025-01-14,SKU0030,1,787.4
ORD000947,2025-01-14,SKU0031,5,343.11
ORD000948,2025-01-14,SKU0033,4,646.74
ORD000949,2025-01-14,SKU0034,6,154.55
ORD000950,2025-01-14,SKU0035,3,426.23
ORD000951,2025-01-14,SKU0036,2,568.82
ORD000952,2025-01-14,SKU0037,2,692.35
ORD000953,2025-01-14,SKU0038,1,287.73
ORD000954,2025-01-14,SKU0039,3,207.38
ORD000955,2025-01-14,SKU0040,5,580.47
ORD000956,2025-01-14,SKU0041,2,655.22
ORD000957,2025-01-14,SKU0042,1,304.99
ORD000958,2025-01-14,SKU0043,7,113.09
ORD000959,2025-01-14,SKU0044,4,754.8
ORD000960,2025-01-14,SKU0045,3,342.15
ORD000961,2025-01-14,SKU0046,2,433.49
ORD000962,2025-01-14,SKU0047,6,676.66
ORD000963,2025-01-14,SKU0048,4,553.52
ORD000964,2025-01-14,SKU0049,2,598.76
ORD000965,2025-01-14,SKU0050,2,198.89
ORD000966,2025-01-14,SKU0051,3,451.5
ORD000967,2025-01-14,SKU0052,1,568.8
ORD000968,2025-01-14,SKU0053,2,213.7
ORD000969,2025-01-14,SKU0054,1,172.97
ORD000970,2025-01-14,SKU0055,3,786.45
ORD000971,2025-01-14,SKU0056,3,432.64
ORD000972,2025-01-14,SKU0057,10,238.23
ORD000973,2025-01-14,SKU0058,3,797.15
ORD000974,2025-01-14,SKU0060,3,464.3
ORD000975,2025-01-14,SKU0061,1,710.8
ORD000976,2025-01-14,SKU0062,6,183.42
ORD000977,2025-01-14,SKU0063,4,251.94
ORD000978,2025-01-14,SKU0064,1,572.27
ORD000979,2025-01-14,SKU0065,1,683.46
ORD000980,2025-01-14,SKU0066,2,690.81
ORD000981,2025-01-14,SKU0068,4,714.71
ORD000982,2025-01-14,SKU0070,4,751.08
ORD000983,2025-01-14,SKU0071,3,636.86
ORD000984,2025-01-14,SKU0072,3,548.43
ORD000985,2025-01-14,SKU0073,6,481.32
ORD000986,2025-01-14,SKU0075,6,754.5
ORD000987,2025-01-14,SKU0076,4,779.98
ORD000988,2025-01-14,SKU0077,3,255.78
ORD000989,2025-01-14,SKU0078,3,272.08
ORD000990,2025-01-14,SKU0079,2,409.07
ORD000991,2025-01-14,SKU0080,5,380.8
ORD000992,2025-01-15,SKU0001,1,244.75
ORD000993,2025-01-15,SKU0002,1,225.54
ORD000994,2025-01-15,SKU0004,1,206.26
ORD000995,2025-01-15,SKU0005,2,464.16
ORD000996,2025-01-15,SKU0006,1,346.92
ORD000997,2025-01-15,SKU0007,10,89.32
ORD000998,2025-01-15,SKU0008,4,232.98
ORD000999,2025-01-15,SKU0009,4,227.63
ORD001000,2025-01-15,SKU0010,1,569.19
ORD001001,2025-01-15,SKU0011,2,581.33
ORD001002,2025-01-15,SKU0012,3,152.55
ORD001003,2025-01-15,SKU0013,2,798.28
ORD001004,2025-01-15,SKU0014,2,242.75
ORD001005,2025-01-15,SKU0017,3,65.12
ORD001006,2025-01-15,SKU0019,8,522.11
ORD001007,2025-01-15,SKU0020,13,557.34
ORD001008,2025-01-15,SKU0021,1,443.51
ORD001009,2025-01-15,SKU0022,1,380.32
ORD001010,2025-01-15,SKU0023,1,460.2
ORD001011,2025-01-15,SKU0024,8,490.45
ORD001012,2025-01-15,SKU0025,2,101.45
ORD001013,2025-01-15,SKU0026,1,320.94
ORD001014,2025-01-15,SKU0027,5,224.04
ORD001015,2025-01-15,SKU0028,2,650.39
ORD001016,2025-01-15,SKU0029,2,397.43
ORD001017,2025-01-15,SKU0030,1,787.4
ORD001018,2025-01-15,SKU0031,6,343.11
ORD001019,2025-01-15,SKU0032,1,660.49
ORD001020,2025-01-15,SKU0033,3,646.74
ORD001021,2025-01-15,SKU0034,8,154.55
ORD001022,2025-01-15,SKU0036,8,568.82
ORD001023,2025-01-15,SKU0037,4,692.35
ORD001024,2025-01-15,SKU0038,8,287.73
ORD001025,2025-01-15,SKU0040,8,580.47
ORD001026,2025-01-15,SKU0041,5,655.22
ORD001027,2025-01-15,SKU0042,7,304.99
ORD001028,2025-01-15,SKU0043,2,113.09
ORD001029,2025-01-15,SKU0045,1,342.15
ORD001030,2025-01-15,SKU0046,5,433.49
ORD001031,2025-01-15,SKU0047,3,676.66
ORD001032,2025-01-15,SKU0048,2,553.52
ORD001033,2025-01-15,SKU0049,2,598.76
ORD001034,2025-01-15,SKU0050,5,198.89
ORD001035,2025-01-15,SKU0052,4,568.8
ORD001036,2025-01-15,SKU0054,1,172.97
ORD001037,2025-01-15,SKU0055,9,786.45
ORD001038,2025-01-15,SKU0056,3,432.64
ORD001039,2025-01-15,SKU0057,9,238.23
ORD001040,2025-01-15,SKU0058,4,797.15
ORD001041,2025-01-15,SKU0060,5,464.3
ORD001042,2025-01-15,SKU0061,4,710.8
ORD001043,2025-01-15,SKU0062,3,183.42
ORD001044,2025-01-15,SKU0063,3,251.94
ORD001045,2025-01-15,SKU0064,10,572.27
ORD001046,2025-01-15,SKU0065,3,683.46
ORD001047,2025-01-15,SKU0066,1,690.81
ORD001048,2025-01-15,SKU0067,7,347.43
ORD001049,2025-01-15,SKU0068,6,714.71
ORD001050,2025-01-15,SKU0069,2,686.71
ORD001051,2025-01-15,SKU0070,1,751.08
ORD001052,2025-01-15,SKU0071,4,636.86
ORD001053,2025-01-15,SKU0072,1,548.43
ORD001054,2025-01-15,SKU0073,4,481.32
ORD001055,2025-01-15,SKU0074,3,322.93
ORD001056,2025-01-15,SKU0075,9,754.5
ORD001057,2025-01-15,SKU0076,2,779.98
ORD001058,2025-01-15,SKU0077,2,255.78
ORD001059,2025-01-15,SKU0078,7,272.08
ORD001060,2025-01-15,SKU0079,5,409.07
ORD001061,2025-01-15,SKU0080,5,380.8
ORD001062,2025-01-16,SKU0001,5,244.75
ORD001063,2025-01-16,SKU0002,6,225.54
ORD001064,2025-01-16,SKU0003,3,167.9
ORD001065,2025-01-16,SKU0004,2,206.26
ORD001066,2025-01-16,SKU0005,2,464.16
ORD001067,2025-01-16,SKU0006,5,346.92
ORD001068,2025-01-16,SKU0007,1,89.32
ORD001069,2025-01-16,SKU0008,6,232.98
ORD001070,2025-01-16,SKU0009,5,227.63
ORD001071,2025-01-16,SKU0010,5,569.19
ORD001072,2025-01-16,SKU0011,3,581.33
ORD001073,2025-01-16,SKU0012,2,152.55
ORD001074,2025-01-16,SKU0013,6,798.28
ORD001075,2025-01-16,SKU0014,2,242.75
ORD001076,2025-01-16,SKU0016,3,352.39
ORD001077,2025-01-16,SKU0017,1,65.12
ORD001078,2025-01-16,SKU0018,1,302.25
ORD001079,2025-01-16,SKU0020,6,557.34
ORD001080,2025-01-16,SKU0021,1,443.51
ORD001081,2025-01-16,SKU0022,2,380.32
ORD001082,2025-01-16,SKU0024,2,490.45
ORD001083,2025-01-16,SKU0025,9,101.45
ORD001084,2025-01-16,SKU0026,6,320.94
ORD001085,2025-01-16,SKU0027,2,224.04
ORD001086,2025-01-16,SKU0028,3,650.39
ORD001087,2025-01-16,SKU0029,3,397.43
ORD001088,2025-01-16,SKU0030,2,787.4
ORD001089,2025-01-16,SKU0031,1,343.11
ORD001090,2025-01-16,SKU0032,1,660.49
ORD001091,2025-01-16,SKU0033,3,646.74
ORD001092,2025-01-16,SKU0034,5,154.55
ORD001093,2025-01-16,SKU0035,1,426.23
ORD001094,2025-01-16,SKU0036,2,568.82
ORD001095,2025-01-16,SKU0037,2,692.35
ORD001096,2025-01-16,SKU0038,6,287.73
ORD001097,2025-01-16,SKU0039,2,207.38
ORD001098,2025-01-16,SKU0040,2,580.47
ORD001099,2025-01-16,SKU0041,5,655.22
ORD001100,2025-01-16,SKU0042,2,304.99
ORD001101,2025-01-16,SKU0043,5,113.09
ORD001102,2025-01-16,SKU0044,6,754.8
ORD001103,2025-01-16,SKU0045,7,342.15
ORD001104,2025-01-16,SKU0046,3,433.49
ORD001105,2025-01-16,SKU0047,3,676.66
ORD001106,2025-01-16,SKU0048,2,553.52
ORD001107,2025-01-16,SKU0049,1,598.76
ORD001108,2025-01-16,SKU0050,4,198.89
ORD001109,2025-01-16,SKU0051,1,451.5
ORD001110,2025-01-16,SKU0053,1,213.7
ORD001111,2025-01-16,SKU0054,8,172.97
ORD001112,2025-01-16,SKU0056,8,432.64
ORD001113,2025-01-16,SKU0057,3,238.23
ORD001114,2025-01-16,SKU0058,8,797.15
ORD001115,2025-01-16,SKU0059,9,773.72
ORD001116,2025-01-16,SKU0061,1,710.8
ORD001117,2025-01-16,SKU0062,3,183.42
ORD001118,2025-01-16,SKU0064,6,572.27
ORD001119,2025-01-16,SKU0065,4,683.46
ORD001120,2025-01-16,SKU0066,8,690.81
ORD001121,2025-01-16,SKU0068,4,714.71
ORD001122,2025-01-16,SKU0069,2,686.71
ORD001123,2025-01-16,SKU0070,4,751.08
ORD001124,2025-01-16,SKU0071,7,636.86
ORD001125,2025-01-16,SKU0072,4,548.43
ORD001126,2025-01-16,SKU0073,3,481.32
ORD001127,2025-01-16,SKU0074,1,322.93
ORD001128,2025-01-16,SKU0076,1,779.98
ORD001129,2025-01-16,SKU0077,1,255.78
ORD001130,2025-01-16,SKU0078,6,272.08
ORD001131,2025-01-16,SKU0079,1,409.07
ORD001132,2025-01-16,SKU0080,1,380.8
ORD001133,2025-01-17,SKU0001,6,244.75
ORD001134,2025-01-17,SKU0002,1,225.54
ORD001135,2025-01-17,SKU0003,5,167.9
ORD001136,2025-01-17,SKU0004,6,206.26
ORD001137,2025-01-17,SKU0005,1,464.16
ORD001138,2025-01-17,SKU0006,2,346.92
ORD001139,2025-01-17,SKU0007,1,89.32
ORD001140,2025-01-17,SKU0008,2,232.98
ORD001141,2025-01-17,SKU0009,6,227.63
ORD001142,2025-01-17,SKU0010,2,569.19
ORD001143,2025-01-17,SKU0011,1,581.33
ORD001144,2025-01-17,SKU0013,4,798.28
ORD001145,2025-01-17,SKU0014,4,242.75
ORD001146,2025-01-17,SKU0015,8,782.23
ORD001147,2025-01-17,SKU0016,1,352.39
ORD001148,2025-01-17,SKU0017,2,65.12
ORD001149,2025-01-17,SKU0018,5,302.25
ORD001150,2025-01-17,SKU0019,2,522.11
ORD001151,2025-01-17,SKU0020,4,557.34
ORD001152,2025-01-17,SKU0021,7,443.51
ORD001153,2025-01-17,SKU0022,4,380.32
ORD001154,2025-01-17,SKU0023,4,460.2
ORD001155,2025-01-17,SKU0024,3,490.45
ORD001156,2025-01-17,SKU0025,6,101.45
ORD001157,2025-01-17,SKU0026,7,320.94
ORD001158,2025-01-17,SKU0027,2,224.04
ORD001159,2025-01-17,SKU0028,3,650.39
ORD001160,2025-01-17,SKU0030,6,787.4
ORD001161,2025-01-17,SKU0031,4,343.11
ORD001162,2025-01-17,SKU0032,8,660.49
ORD001163,2025-01-17,SKU0033,3,646.74
ORD001164,2025-01-17,SKU0035,9,426.23
ORD001165,2025-01-17,SKU0036,5,568.82
ORD001166,2025-01-17,SKU0037,4,692.35
ORD001167,2025-01-17,SKU0038,3,287.73
ORD001168,2025-01-17,SKU0039,4,207.38
ORD001169,2025-01-17,SKU0040,6,580.47
ORD001170,2025-01-17,SKU0041,1,655.22
ORD001171,2025-01-17,SKU0043,2,113.09
ORD001172,2025-01-17,SKU0045,1,342.15
ORD001173,2025-01-17,SKU0046,3,433.49
ORD001174,2025-01-17,SKU0047,9,676.66
ORD001175,2025-01-17,SKU0048,7,553.52
ORD001176,2025-01-17,SKU0049,1,598.76
ORD001177,2025-01-17,SKU0050,2,198.89
ORD001178,2025-01-17,SKU0051,2,451.5
ORD001179,2025-01-17,SKU0052,2,568.8
ORD001180,2025-01-17,SKU0053,1,213.7
ORD001181,2025-01-17,SKU0054,2,172.97
ORD001182,2025-01-17,SKU0055,4,786.45
ORD001183,2025-01-17,SKU0056,1,432.64
ORD001184,2025-01-17,SKU0057,3,238.23
ORD001185,2025-01-17,SKU0058,5,797.15
ORD001186,2025-01-17,SKU0059,3,773.72
ORD001187,2025-01-17,SKU0061,1,710.8
ORD001188,2025-01-17,SKU0062,4,183.42
ORD001189,2025-01-17,SKU0063,3,251.94
ORD001190,2025-01-17,SKU0064,5,572.27
ORD001191,2025-01-17,SKU0065,1,683.46
ORD001192,2025-01-17,SKU0066,3,690.81
ORD001193,2025-01-17,SKU0067,5,347.43
ORD001194,2025-01-17,SKU0068,1,714.71
ORD001195,2025-01-17,SKU0069,3,686.71
ORD001196,2025-01-17,SKU0071,3,636.86
ORD001197,2025-01-17,SKU0072,4,548.43
ORD001198,2025-01-17,SKU0073,1,481.32
ORD001199,2025-01-17,SKU0074,4,322.93
ORD001200,2025-01-17,SKU0075,1,754.5
ORD001201,2025-01-17,SKU0076,1,779.98
ORD001202,2025-01-17,SKU0077,2,255.78
ORD001203,2025-01-17,SKU0078,6,272.08
ORD001204,2025-01-17,SKU0079,1,409.07
ORD001205,2025-01-17,SKU0080,9,380.8
ORD001206,2025-01-18,SKU0001,4,244.75
ORD001207,2025-01-18,SKU0002,9,225.54
ORD001208,2025-01-18,SKU0003,4,167.9
ORD001209,2025-01-18,SKU0004,4,206.26
ORD001210,2025-01-18,SKU0006,4,346.92
ORD001211,2025-01-18,SKU0007,7,89.32
ORD001212,2025-01-18,SKU0008,6,232.98
ORD001213,2025-01-18,SKU0009,1,227.63
ORD001214,2025-01-18,SKU0010,6,569.19
ORD001215,2025-01-18,SKU0011,4,581.33
ORD001216,2025-01-18,SKU0012,7,152.55
ORD001217,2025-01-18,SKU0013,2,798.28
ORD001218,2025-01-18,SKU0015,2,782.23
ORD001219,2025-01-18,SKU0016,8,352.39
ORD001220,2025-01-18,SKU0017,5,65.12
ORD001221,2025-01-18,SKU0018,2,302.25
ORD001222,2025-01-18,SKU0019,3,522.11
ORD001223,2025-01-18,SKU0020,6,557.34
ORD001224,2025-01-18,SKU0021,4,443.51
ORD001225,2025-01-18,SKU0022,4,380.32
ORD001226,2025-01-18,SKU0023,4,460.2
ORD001227,2025-01-18,SKU0024,7,490.45
ORD001228,2025-01-18,SKU0025,11,101.45
ORD001229,2025-01-18,SKU0026,1,320.94
ORD001230,2025-01-18,SKU0027,5,224.04
ORD001231,2025-01-18,SKU0028,3,650.39
ORD001232,2025-01-18,SKU0029,1,397.43
ORD001233,2025-01-18,SKU0030,6,787.4
ORD001234,2025-01-18,SKU0031,3,343.11
ORD001235,2025-01-18,SKU0032,4,660.49
ORD001236,2025-01-18,SKU0033,6,646.74
ORD001237,2025-01-18,SKU0034,5,154.55
ORD001238,2025-01-18,SKU0035,7,426.23
ORD001239,2025-01-18,SKU0036,6,568.82
ORD001240,2025-01-18,SKU0037,4,692.35
ORD001241,2025-01-18,SKU0038,4,287.73
ORD001242,2025-01-18,SKU0039,4,207.38
ORD001243,2025-01-18,SKU0040,1,580.47
ORD001244,2025-01-18,SKU0041,1,655.22
ORD001245,2025-01-18,SKU0044,2,754.8
ORD001246,2025-01-18,SKU0045,1,342.15
ORD001247,2025-01-18,SKU0046,2,433.49
ORD001248,2025-01-18,SKU0047,2,676.66
ORD001249,2025-01-18,SKU0048,3,553.52
ORD001250,2025-01-18,SKU0049,7,598.76
ORD001251,2025-01-18,SKU0050,5,198.89
ORD001252,2025-01-18,SKU0051,1,451.5
ORD001253,2025-01-18,SKU0052,7,568.8
ORD001254,2025-01-18,SKU0054,9,172.97
ORD001255,2025-01-18,SKU0055,3,786.45
ORD001256,2025-01-18,SKU0056,6,432.64
ORD001257,2025-01-18,SKU0057,4,238.23
ORD001258,2025-01-18,SKU0058,6,797.15
ORD001259,2025-01-18,SKU0059,3,773.72
ORD001260,2025-01-18,SKU0060,4,464.3
ORD001261,2025-01-18,SKU0061,3,710.8
ORD001262,2025-01-18,SKU0062,3,183.42
ORD001263,2025-01-18,SKU0063,8,251.94
ORD001264,2025-01-18,SKU0064,1,572.27
ORD001265,2025-01-18,SKU0065,5,683.46
ORD001266,2025-01-18,SKU0066,1,690.81
ORD001267,2025-01-18,SKU0067,3,347.43
ORD001268,2025-01-18,SKU0068,5,714.71
ORD001269,2025-01-18,SKU0069,5,686.71
ORD001270,2025-01-18,SKU0070,3,751.08
ORD001271,2025-01-18,SKU0071,7,636.86
ORD001272,2025-01-18,SKU0072,2,548.43
ORD001273,2025-01-18,SKU0073,4,481.32
ORD001274,2025-01-18,SKU0074,4,322.93
ORD001275,2025-01-18,SKU0075,1,754.5
ORD001276,2025-01-18,SKU0076,8,779.98
ORD001277,2025-01-18,SKU0077,2,255.78
ORD001278,2025-01-18,SKU0078,9,272.08
ORD001279,2025-01-18,SKU0079,1,409.07
ORD001280,2025-01-18,SKU0080,2,380.8
ORD001281,2025-01-19,SKU0001,1,244.75
ORD001282,2025-01-19,SKU0002,3,225.54
ORD001283,2025-01-19,SKU0003,2,167.9
ORD001284,2025-01-19,SKU0004,1,206.26
ORD001285,2025-01-19,SKU0006,6,346.92
ORD001286,2025-01-19,SKU0007,10,89.32
ORD001287,2025-01-19,SKU0009,3,227.63
ORD001288,2025-01-19,SKU0011,1,581.33
ORD001289,2025-01-19,SKU0013,4,798.28
ORD001290,2025-01-19,SKU0014,4,242.75
ORD001291,2025-01-19,SKU0015,7,782.23
ORD001292,2025-01-19,SKU0016,3,352.39
ORD001293,2025-01-19,SKU0018,2,302.25
ORD001294,2025-01-19,SKU0019,6,522.11
ORD001295,2025-01-19,SKU0020,3,557.34
ORD001296,2025-01-19,SKU0021,2,443.51
ORD001297,2025-01-19,SKU0022,5,380.32
ORD001298,2025-01-19,SKU0023,4,460.2
ORD001299,2025-01-19,SKU0024,5,490.45
ORD001300,2025-01-19,SKU0025,2,101.45
ORD001301,2025-01-19,SKU0026,6,320.94
ORD001302,2025-01-19,SKU0027,4,224.04
ORD001303,2025-01-19,SKU0029,2,397.43
ORD001304,2025-01-19,SKU0030,2,787.4
ORD001305,2025-01-19,SKU0031,9,343.11
ORD001306,2025-01-19,SKU0032,2,660.49
ORD001307,2025-01-19,SKU0033,2,646.74
ORD001308,2025-01-19,SKU0034,3,154.55
ORD001309,2025-01-19,SKU0035,6,426.23
ORD001310,2025-01-19,SKU0036,2,568.82
ORD001311,2025-01-19,SKU0037,2,692.35
ORD001312,2025-01-19,SKU0038,7,287.73
ORD001313,2025-01-19,SKU0039,1,207.38
ORD001314,2025-01-19,SKU0040,3,580.47
ORD001315,2025-01-19,SKU0041,2,655.22
ORD001316,2025-01-19,SKU0042,5,304.99
ORD001317,2025-01-19,SKU0043,2,113.09
ORD001318,2025-01-19,SKU0044,5,754.8
ORD001319,2025-01-19,SKU0045,5,342.15
ORD001320,2025-01-19,SKU0046,3,433.49
ORD001321,2025-01-19,SKU0047,5,676.66
ORD001322,2025-01-19,SKU0048,4,553.52
ORD001323,2025-01-19,SKU0049,1,598.76
ORD001324,2025-01-19,SKU0050,2,198.89
ORD001325,2025-01-19,SKU0051,1,451.5
ORD001326,2025-01-19,SKU0053,2,213.7
ORD001327,2025-01-19,SKU0054,4,172.97
ORD001328,2025-01-19,SKU0055,11,786.45
ORD001329,2025-01-19,SKU0056,1,432.64
ORD001330,2025-01-19,SKU0057,6,238.23
ORD001331,2025-01-19,SKU0058,3,797.15
ORD001332,2025-01-19,SKU0059,2,773.72
ORD001333,2025-01-19,SKU0060,2,464.3
ORD001334,2025-01-19,SKU0062,4,183.42
ORD001335,2025-01-19,SKU0063,2,251.94
ORD001336,2025-01-19,SKU0064,4,572.27
ORD001337,2025-01-19,SKU0066,2,690.81
ORD001338,2025-01-19,SKU0067,3,347.43
ORD001339,2025-01-19,SKU0068,2,714.71
ORD001340,2025-01-19,SKU0069,3,686.71
ORD001341,2025-01-19,SKU0071,2,636.86
ORD001342,2025-01-19,SKU0072,7,548.43
ORD001343,2025-01-19,SKU0073,6,481.32
ORD001344,2025-01-19,SKU0075,1,754.5
ORD001345,2025-01-19,SKU0076,11,779.98
ORD001346,2025-01-19,SKU0079,2,409.07
ORD001347,2025-01-19,SKU0080,4,380.8
ORD001348,2025-01-20,SKU0001,2,244.75
ORD001349,2025-01-20,SKU0002,1,225.54
ORD001350,2025-01-20,SKU0003,2,167.9
ORD001351,2025-01-20,SKU0005,3,464.16
ORD001352,2025-01-20,SKU0006,7,346.92
ORD001353,2025-01-20,SKU0007,3,89.32
ORD001354,2025-01-20,SKU0008,5,232.98
ORD001355,2025-01-20,SKU0009,4,227.63
ORD001356,2025-01-20,SKU0010,1,569.19
ORD001357,2025-01-20,SKU0011,2,581.33
ORD001358,2025-01-20,SKU0012,9,152.55
ORD001359,2025-01-20,SKU0013,1,798.28
ORD001360,2025-01-20,SKU0014,2,242.75
ORD001361,2025-01-20,SKU0015,6,782.23
ORD001362,2025-01-20,SKU0016,7,352.39
ORD001363,2025-01-20,SKU0017,6,65.12
ORD001364,2025-01-20,SKU0019,2,522.11
ORD001365,2025-01-20,SKU0020,2,557.34
ORD001366,2025-01-20,SKU0021,2,443.51
ORD001367,2025-01-20,SKU0022,2,380.32
ORD001368,2025-01-20,SKU0023,3,460.2
ORD001369,2025-01-20,SKU0024,6,490.45
ORD001370,2025-01-20,SKU0025,7,101.45
ORD001371,2025-01-20,SKU0026,2,320.94
ORD001372,2025-01-20,SKU0028,2,650.39
ORD001373,2025-01-20,SKU0029,3,397.43
ORD001374,2025-01-20,SKU0030,1,787.4
ORD001375,2025-01-20,SKU0032,2,660.49
ORD001376,2025-01-20,SKU0033,6,646.74
ORD001377,2025-01-20,SKU0034,1,154.55
ORD001378,2025-01-20,SKU0035,5,426.23
ORD001379,2025-01-20,SKU0036,5,568.82
ORD001380,2025-01-20,SKU0037,2,692.35
ORD001381,2025-01-20,SKU0038,3,287.73
ORD001382,2025-01-20,SKU0039,5,207.38
ORD001383,2025-01-20,SKU0040,2,580.47
ORD001384,2025-01-20,SKU0041,2,655.22
ORD001385,2025-01-20,SKU0042,5,304.99
ORD001386,2025-01-20,SKU0043,5,113.09
ORD001387,2025-01-20,SKU0044,2,754.8
ORD001388,2025-01-20,SKU0045,2,342.15
ORD001389,2025-01-20,SKU0046,5,433.49
ORD001390,2025-01-20,SKU0047,2,676.66
ORD001391,2025-01-20,SKU0048,2,553.52
ORD001392,2025-01-20,SKU0049,2,598.76
ORD001393,2025-01-20,SKU0050,1,198.89
ORD001394,2025-01-20,SKU0051,1,451.5
ORD001395,2025-01-20,SKU0052,6,568.8
ORD001396,2025-01-20,SKU0053,1,213.7
ORD001397,2025-01-20,SKU0054,1,172.97
ORD001398,2025-01-20,SKU0055,5,786.45
ORD001399,2025-01-20,SKU0056,2,432.64
ORD001400,2025-01-20,SKU0057,6,238.23
ORD001401,2025-01-20,SKU0058,3,797.15
ORD001402,2025-01-20,SKU0059,5,773.72
ORD001403,2025-01-20,SKU0060,10,464.3
ORD001404,2025-01-20,SKU0061,5,710.8
ORD001405,2025-01-20,SKU0062,6,183.42
ORD001406,2025-01-20,SKU0063,5,251.94
ORD001407,2025-01-20,SKU0065,1,683.46
ORD001408,2025-01-20,SKU0066,2,690.81
ORD001409,2025-01-20,SKU0067,2,347.43
ORD001410,2025-01-20,SKU0068,7,714.71
ORD001411,2025-01-20,SKU0069,2,686.71
ORD001412,2025-01-20,SKU0070,1,751.08
ORD001413,2025-01-20,SKU0072,1,548.43
ORD001414,2025-01-20,SKU0073,7,481.32
ORD001415,2025-01-20,SKU0074,4,322.93
ORD001416,2025-01-20,SKU0075,1,754.5
ORD001417,2025-01-20,SKU0076,7,779.98
ORD001418,2025-01-20,SKU0077,3,255.78
ORD001419,2025-01-20,SKU0078,5,272.08
ORD001420,2025-01-20,SKU0079,1,409.07
ORD001421,2025-01-20,SKU0080,2,380.8
ORD001422,2025-01-21,SKU0001,8,244.75
ORD001423,2025-01-21,SKU0002,2,225.54
ORD001424,2025-01-21,SKU0003,3,167.9
ORD001425,2025-01-21,SKU0004,1,206.26
ORD001426,2025-01-21,SKU0005,4,464.16
ORD001427,2025-01-21,SKU0006,2,346.92
ORD001428,2025-01-21,SKU0007,3,89.32
ORD001429,2025-01-21,SKU0008,1,232.98
ORD001430,2025-01-21,SKU0011,4,581.33
ORD001431,2025-01-21,SKU0013,3,798.28
ORD001432,2025-01-21,SKU0014,2,242.75
ORD001433,2025-01-21,SKU0015,1,782.23
ORD001434,2025-01-21,SKU0016,2,352.39
ORD001435,2025-01-21,SKU0017,2,65.12
ORD001436,2025-01-21,SKU0018,2,302.25
ORD001437,2025-01-21,SKU0019,2,522.11
ORD001438,2025-01-21,SKU0020,4,557.34
ORD001439,2025-01-21,SKU0022,6,380.32
ORD001440,2025-01-21,SKU0025,3,101.45
ORD001441,2025-01-21,SKU0026,3,320.94
ORD001442,2025-01-21,SKU0027,5,224.04
ORD001443,2025-01-21,SKU0028,8,650.39
ORD001444,2025-01-21,SKU0029,2,397.43
ORD001445,2025-01-21,SKU0030,8,787.4
ORD001446,2025-01-21,SKU0032,2,660.49
ORD001447,2025-01-21,SKU0033,3,646.74
ORD001448,2025-01-21,SKU0034,4,154.55
ORD001449,2025-01-21,SKU0035,3,426.23
ORD001450,2025-01-21,SKU0036,1,568.82
ORD001451,2025-01-21,SKU0037,1,692.35
ORD001452,2025-01-21,SKU0038,5,287.73
ORD001453,2025-01-21,SKU0039,3,207.38
ORD001454,2025-01-21,SKU0040,3,580.47
ORD001455,2025-01-21,SKU0041,2,655.22
ORD001456,2025-01-21,SKU0042,5,304.99
ORD001457,2025-01-21,SKU0043,2,113.09
ORD001458,2025-01-21,SKU0044,6,754.8
ORD001459,2025-01-21,SKU0045,2,342.15
ORD001460,2025-01-21,SKU0046,3,433.49
ORD001461,2025-01-21,SKU0047,8,676.66
ORD001462,2025-01-21,SKU0048,1,553.52
ORD001463,2025-01-21,SKU0049,6,598.76
ORD001464,2025-01-21,SKU0050,5,198.89
ORD001465,2025-01-21,SKU0051,5,451.5
ORD001466,2025-01-21,SKU0052,1,568.8
ORD001467,2025-01-21,SKU0053,4,213.7
ORD001468,2025-01-21,SKU0055,7,786.45
ORD001469,2025-01-21,SKU0056,2,432.64
ORD001470,2025-01-21,SKU0057,4,238.23
ORD001471,2025-01-21,SKU0059,2,773.72
ORD001472,2025-01-21,SKU0060,5,464.3
ORD001473,2025-01-21,SKU0061,4,710.8
ORD001474,2025-01-21,SKU0062,3,183.42
ORD001475,2025-01-21,SKU0063,10,251.94
ORD001476,2025-01-21,SKU0064,1,572.27
ORD001477,2025-01-21,SKU0065,5,683.46
ORD001478,2025-01-21,SKU0066,7,690.81
ORD001479,2025-01-21,SKU0067,4,347.43
ORD001480,2025-01-21,SKU0069,2,686.71
ORD001481,2025-01-21,SKU0070,5,751.08
ORD001482,2025-01-21,SKU0072,4,548.43
ORD001483,2025-01-21,SKU0073,2,481.32
ORD001484,2025-01-21,SKU0074,5,322.93
ORD001485,2025-01-21,SKU0075,7,754.5
ORD001486,2025-01-21,SKU0076,5,779.98
ORD001487,2025-01-21,SKU0077,4,255.78
ORD001488,2025-01-21,SKU0078,2,272.08
ORD001489,2025-01-21,SKU0079,2,409.07
ORD001490,2025-01-21,SKU0080,5,380.8
ORD001491,2025-01-22,SKU0001,1,244.75
ORD001492,2025-01-22,SKU0002,5,225.54
ORD001493,2025-01-22,SKU0005,5,464.16
ORD001494,2025-01-22,SKU0008,6,232.98
ORD001495,2025-01-22,SKU0009,5,227.63
ORD001496,2025-01-22,SKU0010,4,569.19
ORD001497,2025-01-22,SKU0011,3,581.33
ORD001498,2025-01-22,SKU0012,2,152.55
ORD001499,2025-01-22,SKU0013,4,798.28
ORD001500,2025-01-22,SKU0014,5,242.75
ORD001501,2025-01-22,SKU0015,2,782.23
ORD001502,2025-01-22,SKU0016,1,352.39
ORD001503,2025-01-22,SKU0017,1,65.12
ORD001504,2025-01-22,SKU0018,2,302.25
ORD001505,2025-01-22,SKU0019,1,522.11
ORD001506,2025-01-22,SKU0021,1,443.51
ORD001507,2025-01-22,SKU0022,6,380.32
ORD001508,2025-01-22,SKU0023,2,460.2
ORD001509,2025-01-22,SKU0024,6,490.45
ORD001510,2025-01-22,SKU0025,3,101.45
ORD001511,2025-01-22,SKU0026,3,320.94
ORD001512,2025-01-22,SKU0027,15,224.04
ORD001513,2025-01-22,SKU0029,1,397.43
ORD001514,2025-01-22,SKU0030,2,787.4
ORD001515,2025-01-22,SKU0031,3,343.11
ORD001516,2025-01-22,SKU0032,2,660.49
ORD001517,2025-01-22,SKU0033,9,646.74
ORD001518,2025-01-22,SKU0034,2,154.55
ORD001519,2025-01-22,SKU0035,5,426.23
ORD001520,2025-01-22,SKU0036,6,568.82
ORD001521,2025-01-22,SKU0037,3,692.35
ORD001522,2025-01-22,SKU0038,2,287.73
ORD001523,2025-01-22,SKU0039,6,207.38
ORD001524,2025-01-22,SKU0040,2,580.47
ORD001525,2025-01-22,SKU0041,2,655.22
ORD001526,2025-01-22,SKU0042,3,304.99
ORD001527,2025-01-22,SKU0043,5,113.09
ORD001528,2025-01-22,SKU0044,3,754.8
ORD001529,2025-01-22,SKU0045,6,342.15
ORD001530,2025-01-22,SKU0046,3,433.49
ORD001531,2025-01-22,SKU0047,3,676.66
ORD001532,2025-01-22,SKU0050,1,198.89
ORD001533,2025-01-22,SKU0051,1,451.5
ORD001534,2025-01-22,SKU0052,3,568.8
ORD001535,2025-01-22,SKU0053,1,213.7
ORD001536,2025-01-22,SKU0054,2,172.97
ORD001537,2025-01-22,SKU0055,5,786.45
ORD001538,2025-01-22,SKU0056,5,432.64
ORD001539,2025-01-22,SKU0057,2,238.23
ORD001540,2025-01-22,SKU0058,3,797.15
ORD001541,2025-01-22,SKU0059,2,773.72
ORD001542,2025-01-22,SKU0060,1,464.3
ORD001543,2025-01-22,SKU0061,4,710.8
ORD001544,2025-01-22,SKU0062,3,183.42
ORD001545,2025-01-22,SKU0063,4,251.94
ORD001546,2025-01-22,SKU0064,1,572.27
ORD001547,2025-01-22,SKU0065,2,683.46
ORD001548,2025-01-22,SKU0066,2,690.81
ORD001549,2025-01-22,SKU0067,1,347.43
ORD001550,2025-01-22,SKU0069,3,686.71
ORD001551,2025-01-22,SKU0070,3,751.08
ORD001552,2025-01-22,SKU0071,4,636.86
ORD001553,2025-01-22,SKU0072,2,548.43
ORD001554,2025-01-22,SKU0073,2,481.32
ORD001555,2025-01-22,SKU0074,2,322.93
ORD001556,2025-01-22,SKU0075,2,754.5
ORD001557,2025-01-22,SKU0076,4,779.98
ORD001558,2025-01-22,SKU0077,5,255.78
ORD001559,2025-01-22,SKU0079,3,409.07
ORD001560,2025-01-22,SKU0080,2,380.8
ORD001561,2025-01-23,SKU0002,2,225.54
ORD001562,2025-01-23,SKU0003,5,167.9
ORD001563,2025-01-23,SKU0004,7,206.26
ORD001564,2025-01-23,SKU0005,4,464.16
ORD001565,2025-01-23,SKU0006,2,346.92
ORD001566,2025-01-23,SKU0008,2,232.98
ORD001567,2025-01-23,SKU0010,1,569.19
ORD001568,2025-01-23,SKU0011,4,581.33
ORD001569,2025-01-23,SKU0012,2,152.55
ORD001570,2025-01-23,SKU0014,6,242.75
ORD001571,2025-01-23,SKU0016,7,352.39
ORD001572,2025-01-23,SKU0017,7,65.12
ORD001573,2025-01-23,SKU0018,4,302.25
ORD001574,2025-01-23,SKU0019,8,522.11
ORD001575,2025-01-23,SKU0020,4,557.34
ORD001576,2025-01-23,SKU0021,9,443.51
ORD001577,2025-01-23,SKU0022,3,380.32
ORD001578,2025-01-23,SKU0024,5,490.45
ORD001579,2025-01-23,SKU0025,2,101.45
ORD001580,2025-01-23,SKU0026,2,320.94
ORD001581,2025-01-23,SKU0027,3,224.04
ORD001582,2025-01-23,SKU0030,5,787.4
ORD001583,2025-01-23,SKU0031,1,343.11
ORD001584,2025-01-23,SKU0032,7,660.49
ORD001585,2025-01-23,SKU0033,2,646.74
ORD001586,2025-01-23,SKU0035,3,426.23
ORD001587,2025-01-23,SKU0036,2,568.82
ORD001588,2025-01-23,SKU0037,2,692.35
ORD001589,2025-01-23,SKU0038,4,287.73
ORD001590,2025-01-23,SKU0039,6,207.38
ORD001591,2025-01-23,SKU0040,11,580.47
ORD001592,2025-01-23,SKU0042,1,304.99
ORD001593,2025-01-23,SKU0043,4,113.09
ORD001594,2025-01-23,SKU0044,4,754.8
ORD001595,2025-01-23,SKU0045,3,342.15
ORD001596,2025-01-23,SKU0046,2,433.49
ORD001597,2025-01-23,SKU0048,2,553.52
ORD001598,2025-01-23,SKU0050,3,198.89
ORD001599,2025-01-23,SKU0051,6,451.5
ORD001600,2025-01-23,SKU0052,2,568.8
ORD001601,2025-01-23,SKU0054,1,172.97
ORD001602,2025-01-23,SKU0056,3,432.64
ORD001603,2025-01-23,SKU0057,9,238.23
ORD001604,2025-01-23,SKU0058,3,797.15
ORD001605,2025-01-23,SKU0059,2,773.72
ORD001606,2025-01-23,SKU0060,8,464.3
ORD001607,2025-01-23,SKU0061,1,710.8
ORD001608,2025-01-23,SKU0062,6,183.42
ORD001609,2025-01-23,SKU0063,5,251.94
ORD001610,2025-01-23,SKU0065,4,683.46
ORD001611,2025-01-23,SKU0066,7,690.81
ORD001612,2025-01-23,SKU0067,3,347.43
ORD001613,2025-01-23,SKU0068,2,714.71
ORD001614,2025-01-23,SKU0069,8,686.71
ORD001615,2025-01-23,SKU0070,6,751.08
ORD001616,2025-01-23,SKU0071,2,636.86
ORD001617,2025-01-23,SKU0072,3,548.43
ORD001618,2025-01-23,SKU0074,5,322.93
ORD001619,2025-01-23,SKU0075,6,754.5
ORD001620,2025-01-23,SKU0076,2,779.98
ORD001621,2025-01-23,SKU0077,1,255.78
ORD001622,2025-01-23,SKU0078,1,272.08
ORD001623,2025-01-23,SKU0079,8,409.07
ORD001624,2025-01-23,SKU0080,5,380.8
ORD001625,2025-01-24,SKU0001,2,244.75
ORD001626,2025-01-24,SKU0002,4,225.54
ORD001627,2025-01-24,SKU0003,4,167.9
ORD001628,2025-01-24,SKU0004,5,206.26
ORD001629,2025-01-24,SKU0005,3,464.16
ORD001630,2025-01-24,SKU0006,4,346.92
ORD001631,2025-01-24,SKU0007,2,89.32
ORD001632,2025-01-24,SKU0008,6,232.98
ORD001633,2025-01-24,SKU0009,2,227.63
ORD001634,2025-01-24,SKU0010,8,569.19
ORD001635,2025-01-24,SKU0011,1,581.33
ORD001636,2025-01-24,SKU0012,4,152.55
ORD001637,2025-01-24,SKU0013,7,798.28
ORD001638,2025-01-24,SKU0014,2,242.75
ORD001639,2025-01-24,SKU0016,6,352.39
ORD001640,2025-01-24,SKU0017,4,65.12
ORD001641,2025-01-24,SKU0018,8,302.25
ORD001642,2025-01-24,SKU0020,2,557.34
ORD001643,2025-01-24,SKU0021,1,443.51
ORD001644,2025-01-24,SKU0022,3,380.32
ORD001645,2025-01-24,SKU0023,1,460.2
ORD001646,2025-01-24,SKU0024,6,490.45
ORD001647,2025-01-24,SKU0025,2,101.45
ORD001648,2025-01-24,SKU0026,3,320.94
ORD001649,2025-01-24,SKU0027,5,224.04
ORD001650,2025-01-24,SKU0028,5,650.39
ORD001651,2025-01-24,SKU0029,4,397.43
ORD001652,2025-01-24,SKU0030,2,787.4
ORD001653,2025-01-24,SKU0032,2,660.49
ORD001654,2025-01-24,SKU0033,3,646.74
ORD001655,2025-01-24,SKU0034,8,154.55
ORD001656,2025-01-24,SKU0035,3,426.23
ORD001657,2025-01-24,SKU0036,1,568.82
ORD001658,2025-01-24,SKU0037,4,692.35
ORD001659,2025-01-24,SKU0038,4,287.73
ORD001660,2025-01-24,SKU0039,3,207.38
ORD001661,2025-01-24,SKU0040,5,580.47
ORD001662,2025-01-24,SKU0041,3,655.22
ORD001663,2025-01-24,SKU0042,1,304.99
ORD001664,2025-01-24,SKU0043,2,113.09
ORD001665,2025-01-24,SKU0044,7,754.8
ORD001666,2025-01-24,SKU0045,12,342.15
ORD001667,2025-01-24,SKU0046,5,433.49
ORD001668,2025-01-24,SKU0047,4,676.66
ORD001669,2025-01-24,SKU0048,4,553.52
ORD001670,2025-01-24,SKU0050,2,198.89
ORD001671,2025-01-24,SKU0051,3,451.5
ORD001672,2025-01-24,SKU0052,8,568.8
ORD001673,2025-01-24,SKU0053,1,213.7
ORD001674,2025-01-24,SKU0054,5,172.97
ORD001675,2025-01-24,SKU0055,5,786.45
ORD001676,2025-01-24,SKU0056,2,432.64
ORD001677,2025-01-24,SKU0057,8,238.23
ORD001678,2025-01-24,SKU0058,2,797.15
ORD001679,2025-01-24,SKU0059,3,773.72
ORD001680,2025-01-24,SKU0060,3,464.3
ORD001681,2025-01-24,SKU0061,1,710.8
ORD001682,2025-01-24,SKU0063,4,251.94
ORD001683,2025-01-24,SKU0064,6,572.27
ORD001684,2025-01-24,SKU0065,2,683.46
ORD001685,2025-01-24,SKU0066,5,690.81
ORD001686,2025-01-24,SKU0068,11,714.71
ORD001687,2025-01-24,SKU0069,2,686.71
ORD001688,2025-01-24,SKU0070,5,751.08
ORD001689,2025-01-24,SKU0071,4,636.86
ORD001690,2025-01-24,SKU0072,3,548.43
ORD001691,2025-01-24,SKU0073,5,481.32
ORD001692,2025-01-24,SKU0074,1,322.93
ORD001693,2025-01-24,SKU0075,3,754.5
ORD001694,2025-01-24,SKU0076,3,779.98
ORD001695,2025-01-24,SKU0077,6,255.78
ORD001696,2025-01-24,SKU0078,5,272.08
ORD001697,2025-01-24,SKU0079,2,409.07
ORD001698,2025-01-24,SKU0080,4,380.8
ORD001699,2025-01-25,SKU0001,3,244.75
ORD001700,2025-01-25,SKU0002,2,225.54
ORD001701,2025-01-25,SKU0003,3,167.9
ORD001702,2025-01-25,SKU0004,6,206.26
ORD001703,2025-01-25,SKU0005,4,464.16
ORD001704,2025-01-25,SKU0006,1,346.92
ORD001705,2025-01-25,SKU0007,2,89.32
ORD001706,2025-01-25,SKU0008,4,232.98
ORD001707,2025-01-25,SKU0009,1,227.63
ORD001708,2025-01-25,SKU0010,1,569.19
ORD001709,2025-01-25,SKU0012,3,152.55
ORD001710,2025-01-25,SKU0013,4,798.28
ORD001711,2025-01-25,SKU0014,7,242.75
ORD001712,2025-01-25,SKU0015,4,782.23
ORD001713,2025-01-25,SKU0016,1,352.39
ORD001714,2025-01-25,SKU0017,6,65.12
ORD001715,2025-01-25,SKU0018,1,302.25
ORD001716,2025-01-25,SKU0019,4,522.11
ORD001717,2025-01-25,SKU0020,5,557.34
ORD001718,2025-01-25,SKU0021,5,443.51
ORD001719,2025-01-25,SKU0022,5,380.32
ORD001720,2025-01-25,SKU0023,4,460.2
ORD001721,2025-01-25,SKU0024,5,490.45
ORD001722,2025-01-25,SKU0025,3,101.45
ORD001723,2025-01-25,SKU0026,2,320.94
ORD001724,2025-01-25,SKU0027,3,224.04
ORD001725,2025-01-25,SKU0028,1,650.39
ORD001726,2025-01-25,SKU0029,4,397.43
ORD001727,2025-01-25,SKU0030,2,787.4
ORD001728,2025-01-25,SKU0031,1,343.11
ORD001729,2025-01-25,SKU0032,3,660.49
ORD001730,2025-01-25,SKU0033,2,646.74
ORD001731,2025-01-25,SKU0034,3,154.55
ORD001732,2025-01-25,SKU0035,5,426.23
ORD001733,2025-01-25,SKU0036,2,568.82
ORD001734,2025-01-25,SKU0037,3,692.35
ORD001735,2025-01-25,SKU0038,3,287.73
ORD001736,2025-01-25,SKU0039,6,207.38
ORD001737,2025-01-25,SKU0040,2,580.47
ORD001738,2025-01-25,SKU0041,1,655.22
ORD001739,2025-01-25,SKU0042,2,304.99
ORD001740,2025-01-25,SKU0043,4,113.09
ORD001741,2025-01-25,SKU0044,7,754.8
ORD001742,2025-01-25,SKU0045,5,342.15
ORD001743,2025-01-25,SKU0046,4,433.49
ORD001744,2025-01-25,SKU0047,7,676.66
ORD001745,2025-01-25,SKU0048,2,553.52
ORD001746,2025-01-25,SKU0049,2,598.76
ORD001747,2025-01-25,SKU0050,3,198.89
ORD001748,2025-01-25,SKU0051,2,451.5
ORD001749,2025-01-25,SKU0052,1,568.8
ORD001750,2025-01-25,SKU0053,2,213.7
ORD001751,2025-01-25,SKU0054,2,172.97
ORD001752,2025-01-25,SKU0055,2,786.45
ORD001753,2025-01-25,SKU0056,2,432.64
ORD001754,2025-01-25,SKU0059,4,773.72
ORD001755,2025-01-25,SKU0060,5,464.3
ORD001756,2025-01-25,SKU0061,2,710.8
ORD001757,2025-01-25,SKU0062,7,183.42
ORD001758,2025-01-25,SKU0063,5,251.94
ORD001759,2025-01-25,SKU0064,2,572.27
ORD001760,2025-01-25,SKU0065,2,683.46
ORD001761,2025-01-25,SKU0066,4,690.81
ORD001762,2025-01-25,SKU0067,2,347.43
ORD001763,2025-01-25,SKU0068,1,714.71
ORD001764,2025-01-25,SKU0069,3,686.71
ORD001765,2025-01-25,SKU0070,1,751.08
ORD001766,2025-01-25,SKU0071,4,636.86
ORD001767,2025-01-25,SKU0072,6,548.43
ORD001768,2025-01-25,SKU0073,4,481.32
ORD001769,2025-01-25,SKU0074,8,322.93
ORD001770,2025-01-25,SKU0075,1,754.5
ORD001771,2025-01-25,SKU0076,4,779.98
ORD001772,2025-01-25,SKU0077,1,255.78
ORD001773,2025-01-25,SKU0078,3,272.08
ORD001774,2025-01-25,SKU0079,6,409.07
ORD001775,2025-01-25,SKU0080,2,380.8
ORD001776,2025-01-26,SKU0001,1,244.75
ORD001777,2025-01-26,SKU0002,5,225.54
ORD001778,2025-01-26,SKU0003,2,167.9
ORD001779,2025-01-26,SKU0004,3,206.26
ORD001780,2025-01-26,SKU0005,4,464.16
ORD001781,2025-01-26,SKU0006,3,346.92
ORD001782,2025-01-26,SKU0007,4,89.32
ORD001783,2025-01-26,SKU0008,3,232.98
ORD001784,2025-01-26,SKU0009,9,227.63
ORD001785,2025-01-26,SKU0010,4,569.19
ORD001786,2025-01-26,SKU0011,4,581.33
ORD001787,2025-01-26,SKU0012,3,152.55
ORD001788,2025-01-26,SKU0013,1,798.28
ORD001789,2025-01-26,SKU0014,9,242.75
ORD001790,2025-01-26,SKU0015,2,782.23
ORD001791,2025-01-26,SKU0016,2,352.39
ORD001792,2025-01-26,SKU0017,1,65.12
ORD001793,2025-01-26,SKU0018,3,302.25
ORD001794,2025-01-26,SKU0019,2,522.11
ORD001795,2025-01-26,SKU0021,3,443.51
ORD001796,2025-01-26,SKU0022,2,380.32
ORD001797,2025-01-26,SKU0023,5,460.2
ORD001798,2025-01-26,SKU0024,5,490.45
ORD001799,2025-01-26,SKU0025,9,101.45
ORD001800,2025-01-26,SKU0026,1,320.94
ORD001801,2025-01-26,SKU0027,3,224.04
ORD001802,2025-01-26,SKU0029,7,397.43
ORD001803,2025-01-26,SKU0030,5,787.4
ORD001804,2025-01-26,SKU0031,7,343.11
ORD001805,2025-01-26,SKU0032,6,660.49
ORD001806,2025-01-26,SKU0033,6,646.74
ORD001807,2025-01-26,SKU0034,1,154.55
ORD001808,2025-01-26,SKU0035,2,426.23
ORD001809,2025-01-26,SKU0036,3,568.82
ORD001810,2025-01-26,SKU0037,2,692.35
ORD001811,2025-01-26,SKU0038,1,287.73
ORD001812,2025-01-26,SKU0039,2,207.38
ORD001813,2025-01-26,SKU0040,6,580.47
ORD001814,2025-01-26,SKU0041,5,655.22
ORD001815,2025-01-26,SKU0042,3,304.99
ORD001816,2025-01-26,SKU0044,1,754.8
ORD001817,2025-01-26,SKU0045,2,342.15
ORD001818,2025-01-26,SKU0046,4,433.49
ORD001819,2025-01-26,SKU0047,1,676.66
ORD001820,2025-01-26,SKU0048,2,553.52
ORD001821,2025-01-26,SKU0049,3,598.76
ORD001822,2025-01-26,SKU0050,6,198.89
ORD001823,2025-01-26,SKU0051,2,451.5
ORD001824,2025-01-26,SKU0052,1,568.8
ORD001825,2025-01-26,SKU0054,3,172.97
ORD001826,2025-01-26,SKU0055,9,786.45
ORD001827,2025-01-26,SKU0056,2,432.64
ORD001828,2025-01-26,SKU0057,2,238.23
ORD001829,2025-01-26,SKU0058,9,797.15
ORD001830,2025-01-26,SKU0059,2,773.72
ORD001831,2025-01-26,SKU0061,2,710.8
ORD001832,2025-01-26,SKU0062,5,183.42
ORD001833,2025-01-26,SKU0063,1,251.94
ORD001834,2025-01-26,SKU0064,3,572.27
ORD001835,2025-01-26,SKU0065,3,683.46
ORD001836,2025-01-26,SKU0066,3,690.81
ORD001837,2025-01-26,SKU0067,3,347.43
ORD001838,2025-01-26,SKU0068,1,714.71
ORD001839,2025-01-26,SKU0069,3,686.71
ORD001840,2025-01-26,SKU0070,5,751.08
ORD001841,2025-01-26,SKU0071,4,636.86
ORD001842,2025-01-26,SKU0072,4,548.43
ORD001843,2025-01-26,SKU0073,1,481.32
ORD001844,2025-01-26,SKU0074,3,322.93
ORD001845,2025-01-26,SKU0075,2,754.5
ORD001846,2025-01-26,SKU0076,3,779.98
ORD001847,2025-01-26,SKU0077,4,255.78
ORD001848,2025-01-26,SKU0078,5,272.08
ORD001849,2025-01-26,SKU0079,3,409.07
ORD001850,2025-01-26,SKU0080,3,380.8
ORD001851,2025-01-27,SKU0001,3,244.75
ORD001852,2025-01-27,SKU0002,2,225.54
ORD001853,2025-01-27,SKU0003,4,167.9
ORD001854,2025-01-27,SKU0004,4,206.26
ORD001855,2025-01-27,SKU0005,6,464.16
ORD001856,2025-01-27,SKU0006,2,346.92
ORD001857,2025-01-27,SKU0007,2,89.32
ORD001858,2025-01-27,SKU0008,4,232.98
ORD001859,2025-01-27,SKU0009,4,227.63
ORD001860,2025-01-27,SKU0010,2,569.19
ORD001861,2025-01-27,SKU0011,1,581.33
ORD001862,2025-01-27,SKU0012,1,152.55
ORD001863,2025-01-27,SKU0013,4,798.28
ORD001864,2025-01-27,SKU0014,2,242.75
ORD001865,2025-01-27,SKU0015,6,782.23
ORD001866,2025-01-27,SKU0016,1,352.39
ORD001867,2025-01-27,SKU0017,2,65.12
ORD001868,2025-01-27,SKU0018,6,302.25
ORD001869,2025-01-27,SKU0019,7,522.11
ORD001870,2025-01-27,SKU0020,5,557.34
ORD001871,2025-01-27,SKU0021,1,443.51
ORD001872,2025-01-27,SKU0022,3,380.32
ORD001873,2025-01-27,SKU0024,4,490.45
ORD001874,2025-01-27,SKU0025,1,101.45
ORD001875,2025-01-27,SKU0026,1,320.94
ORD001876,2025-01-27,SKU0027,3,224.04
ORD001877,2025-01-27,SKU0028,1,650.39
ORD001878,2025-01-27,SKU0029,5,397.43
ORD001879,2025-01-27,SKU0030,4,787.4
ORD001880,2025-01-27,SKU0031,6,343.11
ORD001881,2025-01-27,SKU0032,6,660.49
ORD001882,2025-01-27,SKU0033,5,646.74
ORD001883,2025-01-27,SKU0034,2,154.55
ORD001884,2025-01-27,SKU0035,4,426.23
ORD001885,2025-01-27,SKU0036,2,568.82
ORD001886,2025-01-27,SKU0037,6,692.35
ORD001887,2025-01-27,SKU0038,4,287.73
ORD001888,2025-01-27,SKU0039,5,207.38
ORD001889,2025-01-27,SKU0040,4,580.47
ORD001890,2025-01-27,SKU0041,4,655.22
ORD001891,2025-01-27,SKU0042,4,304.99
ORD001892,2025-01-27,SKU0043,6,113.09
ORD001893,2025-01-27,SKU0044,1,754.8
ORD001894,2025-01-27,SKU0045,9,342.15
ORD001895,2025-01-27,SKU0046,2,433.49
ORD001896,2025-01-27,SKU0047,5,676.66
ORD001897,2025-01-27,SKU0048,2,553.52
ORD001898,2025-01-27,SKU0050,7,198.89
ORD001899,2025-01-27,SKU0051,5,451.5
ORD001900,2025-01-27,SKU0052,2,568.8
ORD001901,2025-01-27,SKU0053,1,213.7
ORD001902,2025-01-27,SKU0054,2,172.97
ORD001903,2025-01-27,SKU0055,3,786.45
ORD001904,2025-01-27,SKU0056,2,432.64
ORD001905,2025-01-27,SKU0057,3,238.23
ORD001906,2025-01-27,SKU0058,3,797.15
ORD001907,2025-01-27,SKU0059,2,773.72
ORD001908,2025-01-27,SKU0062,3,183.42
ORD001909,2025-01-27,SKU0063,2,251.94
ORD001910,2025-01-27,SKU0064,6,572.27
ORD001911,2025-01-27,SKU0065,3,683.46
ORD001912,2025-01-27,SKU0066,8,690.81
ORD001913,2025-01-27,SKU0067,3,347.43
ORD001914,2025-01-27,SKU0068,2,714.71
ORD001915,2025-01-27,SKU0069,6,686.71
ORD001916,2025-01-27,SKU0070,2,751.08
ORD001917,2025-01-27,SKU0071,4,636.86
ORD001918,2025-01-27,SKU0072,4,548.43
ORD001919,2025-01-27,SKU0074,1,322.93
ORD001920,2025-01-27,SKU0075,8,754.5
ORD001921,2025-01-27,SKU0076,3,779.98
ORD001922,2025-01-27,SKU0077,4,255.78
ORD001923,2025-01-27,SKU0078,2,272.08
ORD001924,2025-01-27,SKU0079,3,409.07
ORD001925,2025-01-27,SKU0080,2,380.8
ORD001926,2025-01-28,SKU0001,3,244.75
ORD001927,2025-01-28,SKU0002,1,225.54
ORD001928,2025-01-28,SKU0003,3,167.9
ORD001929,2025-01-28,SKU0004,4,206.26
ORD001930,2025-01-28,SKU0005,2,464.16
ORD001931,2025-01-28,SKU0006,3,346.92
ORD001932,2025-01-28,SKU0007,4,89.32
ORD001933,2025-01-28,SKU0008,3,232.98
ORD001934,2025-01-28,SKU0009,1,227.63
ORD001935,2025-01-28,SKU0010,4,569.19
ORD001936,2025-01-28,SKU0011,4,581.33
ORD001937,2025-01-28,SKU0012,1,152.55
ORD001938,2025-01-28,SKU0013,4,798.28
ORD001939,2025-01-28,SKU0014,9,242.75
ORD001940,2025-01-28,SKU0015,3,782.23
ORD001941,2025-01-28,SKU0016,6,352.39
ORD001942,2025-01-28,SKU0018,8,302.25
ORD001943,2025-01-28,SKU0019,4,522.11
ORD001944,2025-01-28,SKU0020,2,557.34
ORD001945,2025-01-28,SKU0021,1,443.51
ORD001946,2025-01-28,SKU0022,7,380.32
ORD001947,2025-01-28,SKU0023,6,460.2
ORD001948,2025-01-28,SKU0024,7,490.45
ORD001949,2025-01-28,SKU0025,7,101.45
ORD001950,2025-01-28,SKU0026,2,320.94
ORD001951,2025-01-28,SKU0027,4,224.04
ORD001952,2025-01-28,SKU0028,2,650.39
ORD001953,2025-01-28,SKU0029,8,397.43
ORD001954,2025-01-28,SKU0030,5,787.4
ORD001955,2025-01-28,SKU0031,13,343.11
ORD001956,2025-01-28,SKU0032,8,660.49
ORD001957,2025-01-28,SKU0035,2,426.23
ORD001958,2025-01-28,SKU0037,4,692.35
ORD001959,2025-01-28,SKU0038,3,287.73
ORD001960,2025-01-28,SKU0039,7,207.38
ORD001961,2025-01-28,SKU0040,3,580.47
ORD001962,2025-01-28,SKU0042,4,304.99
ORD001963,2025-01-28,SKU0044,4,754.8
ORD001964,2025-01-28,SKU0045,1,342.15
ORD001965,2025-01-28,SKU0046,6,433.49
ORD001966,2025-01-28,SKU0047,5,676.66
ORD001967,2025-01-28,SKU0048,1,553.52
ORD001968,2025-01-28,SKU0049,1,598.76
ORD001969,2025-01-28,SKU0050,1,198.89
ORD001970,2025-01-28,SKU0051,1,451.5
ORD001971,2025-01-28,SKU0052,5,568.8
ORD001972,2025-01-28,SKU0054,6,172.97
ORD001973,2025-01-28,SKU0055,5,786.45
ORD001974,2025-01-28,SKU0056,3,432.64
ORD001975,2025-01-28,SKU0057,5,238.23
ORD001976,2025-01-28,SKU0058,2,797.15
ORD001977,2025-01-28,SKU0060,7,464.3
ORD001978,2025-01-28,SKU0062,7,183.42
ORD001979,2025-01-28,SKU0063,3,251.94
ORD001980,2025-01-28,SKU0064,5,572.27
ORD001981,2025-01-28,SKU0065,3,683.46
ORD001982,2025-01-28,SKU0066,2,690.81
ORD001983,2025-01-28,SKU0067,5,347.43
ORD001984,2025-01-28,SKU0068,1,714.71
ORD001985,2025-01-28,SKU0069,7,686.71
ORD001986,2025-01-28,SKU0070,2,751.08
ORD001987,2025-01-28,SKU0071,2,636.86
ORD001988,2025-01-28,SKU0073,4,481.32
ORD001989,2025-01-28,SKU0074,4,322.93
ORD001990,2025-01-28,SKU0075,1,754.5
ORD001991,2025-01-28,SKU0076,4,779.98
ORD001992,2025-01-28,SKU0077,1,255.78
ORD001993,2025-01-28,SKU0078,8,272.08
ORD001994,2025-01-28,SKU0079,1,409.07
ORD001995,2025-01-28,SKU0080,1,380.8
ORD001996,2025-01-29,SKU0001,8,244.75
ORD001997,2025-01-29,SKU0002,4,225.54
ORD001998,2025-01-29,SKU0003,3,167.9
ORD001999,2025-01-29,SKU0004,4,206.26
ORD002000,2025-01-29,SKU0005,2,464.16
ORD002001,2025-01-29,SKU0006,1,346.92
ORD002002,2025-01-29,SKU0007,1,89.32
ORD002003,2025-01-29,SKU0008,5,232.98
ORD002004,2025-01-29,SKU0009,4,227.63
ORD002005,2025-01-29,SKU0010,4,569.19
ORD002006,2025-01-29,SKU0011,4,581.33
ORD002007,2025-01-29,SKU0012,1,152.55
ORD002008,2025-01-29,SKU0014,4,242.75
ORD002009,2025-01-29,SKU0015,9,782.23
ORD002010,2025-01-29,SKU0016,2,352.39
ORD002011,2025-01-29,SKU0017,16,65.12
ORD002012,2025-01-29,SKU0018,4,302.25
ORD002013,2025-01-29,SKU0019,3,522.11
ORD002014,2025-01-29,SKU0021,2,443.51
ORD002015,2025-01-29,SKU0022,3,380.32
ORD002016,2025-01-29,SKU0024,3,490.45
ORD002017,2025-01-29,SKU0025,5,101.45
ORD002018,2025-01-29,SKU0027,3,224.04
ORD002019,2025-01-29,SKU0028,6,650.39
ORD002020,2025-01-29,SKU0029,2,397.43
ORD002021,2025-01-29,SKU0030,3,787.4
ORD002022,2025-01-29,SKU0031,2,343.11
ORD002023,2025-01-29,SKU0032,9,660.49
ORD002024,2025-01-29,SKU0033,6,646.74
ORD002025,2025-01-29,SKU0034,7,154.55
ORD002026,2025-01-29,SKU0035,5,426.23
ORD002027,2025-01-29,SKU0036,4,568.82
ORD002028,2025-01-29,SKU0037,5,692.35
ORD002029,2025-01-29,SKU0038,2,287.73
ORD002030,2025-01-29,SKU0039,2,207.38
ORD002031,2025-01-29,SKU0041,3,655.22
ORD002032,2025-01-29,SKU0042,5,304.99
ORD002033,2025-01-29,SKU0043,1,113.09
ORD002034,2025-01-29,SKU0044,2,754.8
ORD002035,2025-01-29,SKU0045,6,342.15
ORD002036,2025-01-29,SKU0046,2,433.49
ORD002037,2025-01-29,SKU0047,3,676.66
ORD002038,2025-01-29,SKU0048,9,553.52
ORD002039,2025-01-29,SKU0049,3,598.76
ORD002040,2025-01-29,SKU0050,2,198.89
ORD002041,2025-01-29,SKU0051,3,451.5
ORD002042,2025-01-29,SKU0052,2,568.8
ORD002043,2025-01-29,SKU0053,3,213.7
ORD002044,2025-01-29,SKU0054,2,172.97
ORD002045,2025-01-29,SKU0055,2,786.45
ORD002046,2025-01-29,SKU0056,2,432.64
ORD002047,2025-01-29,SKU0057,2,238.23
ORD002048,2025-01-29,SKU0058,5,797.15
ORD002049,2025-01-29,SKU0059,4,773.72
ORD002050,2025-01-29,SKU0061,3,710.8
ORD002051,2025-01-29,SKU0063,2,251.94
ORD002052,2025-01-29,SKU0064,2,572.27
ORD002053,2025-01-29,SKU0065,5,683.46
ORD002054,2025-01-29,SKU0066,5,690.81
ORD002055,2025-01-29,SKU0067,6,347.43
ORD002056,2025-01-29,SKU0068,3,714.71
ORD002057,2025-01-29,SKU0069,1,686.71
ORD002058,2025-01-29,SKU0070,2,751.08
ORD002059,2025-01-29,SKU0072,6,548.43
ORD002060,2025-01-29,SKU0073,6,481.32
ORD002061,2025-01-29,SKU0074,3,322.93
ORD002062,2025-01-29,SKU0075,1,754.5
ORD002063,2025-01-29,SKU0076,2,779.98
ORD002064,2025-01-29,SKU0077,2,255.78
ORD002065,2025-01-29,SKU0078,10,272.08
ORD002066,2025-01-29,SKU0079,3,409.07
ORD002067,2025-01-29,SKU0080,3,380.8
ORD002068,2025-01-30,SKU0001,7,244.75
ORD002069,2025-01-30,SKU0002,1,225.54
ORD002070,2025-01-30,SKU0003,3,167.9
ORD002071,2025-01-30,SKU0004,5,206.26
ORD002072,2025-01-30,SKU0005,6,464.16
ORD002073,2025-01-30,SKU0006,2,346.92
ORD002074,2025-01-30,SKU0007,1,89.32
ORD002075,2025-01-30,SKU0009,1,227.63
ORD002076,2025-01-30,SKU0010,5,569.19
ORD002077,2025-01-30,SKU0011,1,581.33
ORD002078,2025-01-30,SKU0012,6,152.55
ORD002079,2025-01-30,SKU0013,2,798.28
ORD002080,2025-01-30,SKU0014,4,242.75
ORD002081,2025-01-30,SKU0015,3,782.23
ORD002082,2025-01-30,SKU0016,7,352.39
ORD002083,2025-01-30,SKU0018,2,302.25
ORD002084,2025-01-30,SKU0019,1,522.11
ORD002085,2025-01-30,SKU0021,5,443.51
ORD002086,2025-01-30,SKU0023,3,460.2
ORD002087,2025-01-30,SKU0025,4,101.45
ORD002088,2025-01-30,SKU0026,3,320.94
ORD002089,2025-01-30,SKU0027,3,224.04
ORD002090,2025-01-30,SKU0028,3,650.39
ORD002091,2025-01-30,SKU0029,5,397.43
ORD002092,2025-01-30,SKU0030,2,787.4
ORD002093,2025-01-30,SKU0031,4,343.11
ORD002094,2025-01-30,SKU0032,3,660.49
ORD002095,2025-01-30,SKU0034,2,154.55
ORD002096,2025-01-30,SKU0035,1,426.23
ORD002097,2025-01-30,SKU0036,4,568.82
ORD002098,2025-01-30,SKU0037,2,692.35
ORD002099,2025-01-30,SKU0038,3,287.73
ORD002100,2025-01-30,SKU0039,2,207.38
ORD002101,2025-01-30,SKU0041,2,655.22
ORD002102,2025-01-30,SKU0042,2,304.99
ORD002103,2025-01-30,SKU0043,5,113.09
ORD002104,2025-01-30,SKU0044,1,754.8
ORD002105,2025-01-30,SKU0045,2,342.15
ORD002106,2025-01-30,SKU0047,4,676.66
ORD002107,2025-01-30,SKU0048,6,553.52
ORD002108,2025-01-30,SKU0049,3,598.76
ORD002109,2025-01-30,SKU0050,3,198.89
ORD002110,2025-01-30,SKU0051,1,451.5
ORD002111,2025-01-30,SKU0052,3,568.8
ORD002112,2025-01-30,SKU0055,6,786.45
ORD002113,2025-01-30,SKU0056,2,432.64
ORD002114,2025-01-30,SKU0057,2,238.23
ORD002115,2025-01-30,SKU0058,5,797.15
ORD002116,2025-01-30,SKU0059,3,773.72
ORD002117,2025-01-30,SKU0060,4,464.3
ORD002118,2025-01-30,SKU0061,2,710.8
ORD002119,2025-01-30,SKU0062,5,183.42
ORD002120,2025-01-30,SKU0063,4,251.94
ORD002121,2025-01-30,SKU0064,9,572.27
ORD002122,2025-01-30,SKU0065,4,683.46
ORD002123,2025-01-30,SKU0066,2,690.81
ORD002124,2025-01-30,SKU0067,5,347.43
ORD002125,2025-01-30,SKU0068,5,714.71
ORD002126,2025-01-30,SKU0069,5,686.71
ORD002127,2025-01-30,SKU0070,3,751.08
ORD002128,2025-01-30,SKU0071,2,636.86
ORD002129,2025-01-30,SKU0072,2,548.43
ORD002130,2025-01-30,SKU0073,3,481.32
ORD002131,2025-01-30,SKU0074,5,322.93
ORD002132,2025-01-30,SKU0075,8,754.5
ORD002133,2025-01-30,SKU0076,9,779.98
ORD002134,2025-01-30,SKU0077,1,255.78
ORD002135,2025-01-30,SKU0078,1,272.08
ORD002136,2025-01-30,SKU0079,4,409.07
ORD002137,2025-01-30,SKU0080,4,380.8
ORD002138,2025-01-31,SKU0001,3,244.75
ORD002139,2025-01-31,SKU0002,2,225.54
ORD002140,2025-01-31,SKU0005,1,464.16
ORD002141,2025-01-31,SKU0006,4,346.92
ORD002142,2025-01-31,SKU0007,1,89.32
ORD002143,2025-01-31,SKU0008,6,232.98
ORD002144,2025-01-31,SKU0009,3,227.63
ORD002145,2025-01-31,SKU0010,2,569.19
ORD002146,2025-01-31,SKU0012,2,152.55
ORD002147,2025-01-31,SKU0013,5,798.28
ORD002148,2025-01-31,SKU0014,4,242.75
ORD002149,2025-01-31,SKU0015,4,782.23
ORD002150,2025-01-31,SKU0016,7,352.39
ORD002151,2025-01-31,SKU0017,3,65.12
ORD002152,2025-01-31,SKU0018,5,302.25
ORD002153,2025-01-31,SKU0019,1,522.11
ORD002154,2025-01-31,SKU0020,3,557.34
ORD002155,2025-01-31,SKU0021,3,443.51
ORD002156,2025-01-31,SKU0022,5,380.32
ORD002157,2025-01-31,SKU0023,5,460.2
ORD002158,2025-01-31,SKU0024,1,490.45
ORD002159,2025-01-31,SKU0025,2,101.45
ORD002160,2025-01-31,SKU0028,4,650.39
ORD002161,2025-01-31,SKU0029,4,397.43
ORD002162,2025-01-31,SKU0030,3,787.4
ORD002163,2025-01-31,SKU0032,3,660.49
ORD002164,2025-01-31,SKU0033,4,646.74
ORD002165,2025-01-31,SKU0034,3,154.55
ORD002166,2025-01-31,SKU0036,3,568.82
ORD002167,2025-01-31,SKU0037,5,692.35
ORD002168,2025-01-31,SKU0039,2,207.38
ORD002169,2025-01-31,SKU0043,4,113.09
ORD002170,2025-01-31,SKU0044,5,754.8
ORD002171,2025-01-31,SKU0045,5,342.15
ORD002172,2025-01-31,SKU0046,3,433.49
ORD002173,2025-01-31,SKU0047,2,676.66
ORD002174,2025-01-31,SKU0048,8,553.52
ORD002175,2025-01-31,SKU0049,1,598.76
ORD002176,2025-01-31,SKU0050,4,198.89
ORD002177,2025-01-31,SKU0051,5,451.5
ORD002178,2025-01-31,SKU0052,6,568.8
ORD002179,2025-01-31,SKU0053,5,213.7
ORD002180,2025-01-31,SKU0054,5,172.97
ORD002181,2025-01-31,SKU0055,3,786.45
ORD002182,2025-01-31,SKU0056,3,432.64
ORD002183,2025-01-31,SKU0057,2,238.23
ORD002184,2025-01-31,SKU0058,1,797.15
ORD002185,2025-01-31,SKU0060,2,464.3
ORD002186,2025-01-31,SKU0062,3,183.42
ORD002187,2025-01-31,SKU0063,3,251.94
ORD002188,2025-01-31,SKU0064,1,572.27
ORD002189,2025-01-31,SKU0067,2,347.43
ORD002190,2025-01-31,SKU0069,2,686.71
ORD002191,2025-01-31,SKU0070,4,751.08
ORD002192,2025-01-31,SKU0071,2,636.86
ORD002193,2025-01-31,SKU0072,2,548.43
ORD002194,2025-01-31,SKU0073,2,481.32
ORD002195,2025-01-31,SKU0075,5,754.5
ORD002196,2025-01-31,SKU0076,2,779.98
ORD002197,2025-01-31,SKU0079,2,409.07
ORD002198,2025-01-31,SKU0080,5,380.8
ORD002199,2025-02-01,SKU0001,5,244.75
ORD002200,2025-02-01,SKU0002,4,225.54
ORD002201,2025-02-01,SKU0004,5,206.26
ORD002202,2025-02-01,SKU0005,8,464.16
ORD002203,2025-02-01,SKU0006,1,346.92
ORD002204,2025-02-01,SKU0008,2,232.98
ORD002205,2025-02-01,SKU0010,1,569.19
ORD002206,2025-02-01,SKU0012,6,152.55
ORD002207,2025-02-01,SKU0013,4,798.28
ORD002208,2025-02-01,SKU0015,6,782.23
ORD002209,2025-02-01,SKU0016,6,352.39
ORD002210,2025-02-01,SKU0017,3,65.12
ORD002211,2025-02-01,SKU0018,4,302.25
ORD002212,2025-02-01,SKU0019,1,522.11
ORD002213,2025-02-01,SKU0020,2,557.34
ORD002214,2025-02-01,SKU0021,7,443.51
ORD002215,2025-02-01,SKU0022,5,380.32
ORD002216,2025-02-01,SKU0023,6,460.2
ORD002217,2025-02-01,SKU0024,7,490.45
ORD002218,2025-02-01,SKU0025,8,101.45
ORD002219,2025-02-01,SKU0026,3,320.94
ORD002220,2025-02-01,SKU0028,3,650.39
ORD002221,2025-02-01,SKU0029,4,397.43
ORD002222,2025-02-01,SKU0030,2,787.4
ORD002223,2025-02-01,SKU0032,5,660.49
ORD002224,2025-02-01,SKU0033,4,646.74
ORD002225,2025-02-01,SKU0034,5,154.55
ORD002226,2025-02-01,SKU0036,2,568.82
ORD002227,2025-02-01,SKU0037,4,692.35
ORD002228,2025-02-01,SKU0039,1,207.38
ORD002229,2025-02-01,SKU0042,2,304.99
ORD002230,2025-02-01,SKU0043,3,113.09
ORD002231,2025-02-01,SKU0044,3,754.8
ORD002232,2025-02-01,SKU0045,1,342.15
ORD002233,2025-02-01,SKU0046,5,433.49
ORD002234,2025-02-01,SKU0047,5,676.66
ORD002235,2025-02-01,SKU0048,5,553.52
ORD002236,2025-02-01,SKU0049,1,598.76
ORD002237,2025-02-01,SKU0050,5,198.89
ORD002238,2025-02-01,SKU0052,4,568.8
ORD002239,2025-02-01,SKU0053,6,213.7
ORD002240,2025-02-01,SKU0054,2,172.97
ORD002241,2025-02-01,SKU0055,6,786.45
ORD002242,2025-02-01,SKU0057,7,238.23
ORD002243,2025-02-01,SKU0058,3,797.15
ORD002244,2025-02-01,SKU0060,1,464.3
ORD002245,2025-02-01,SKU0062,3,183.42
ORD002246,2025-02-01,SKU0063,7,251.94
ORD002247,2025-02-01,SKU0064,4,572.27
ORD002248,2025-02-01,SKU0067,7,347.43
ORD002249,2025-02-01,SKU0069,3,686.71
ORD002250,2025-02-01,SKU0071,2,636.86
ORD002251,2025-02-01,SKU0072,3,548.43
ORD002252,2025-02-01,SKU0073,6,481.32
ORD002253,2025-02-01,SKU0075,7,754.5
ORD002254,2025-02-01,SKU0076,7,779.98
ORD002255,2025-02-01,SKU0079,7,409.07
ORD002256,2025-02-01,SKU0080,2,380.8
ORD002257,2025-02-02,SKU0001,4,244.75
ORD002258,2025-02-02,SKU0002,6,225.54
ORD002259,2025-02-02,SKU0004,2,206.26
ORD002260,2025-02-02,SKU0005,2,464.16
ORD002261,2025-02-02,SKU0006,5,346.92
ORD002262,2025-02-02,SKU0007,2,89.32
ORD002263,2025-02-02,SKU0008,4,232.98
ORD002264,2025-02-02,SKU0009,1,227.63
ORD002265,2025-02-02,SKU0010,5,569.19
ORD002266,2025-02-02,SKU0012,4,152.55
ORD002267,2025-02-02,SKU0013,1,798.28
ORD002268,2025-02-02,SKU0014,6,242.75
ORD002269,2025-02-02,SKU0015,4,782.23
ORD002270,2025-02-02,SKU0016,5,352.39
ORD002271,2025-02-02,SKU0017,4,65.12
ORD002272,2025-02-02,SKU0018,4,302.25
ORD002273,2025-02-02,SKU0019,1,522.11
ORD002274,2025-02-02,SKU0020,8,557.34
ORD002275,2025-02-02,SKU0021,3,443.51
ORD002276,2025-02-02,SKU0022,1,380.32
ORD002277,2025-02-02,SKU0023,2,460.2
ORD002278,2025-02-02,SKU0024,5,490.45
ORD002279,2025-02-02,SKU0025,4,101.45
ORD002280,2025-02-02,SKU0026,1,320.94
ORD002281,2025-02-02,SKU0028,3,650.39
ORD002282,2025-02-02,SKU0029,6,397.43
ORD002283,2025-02-02,SKU0030,5,787.4
ORD002284,2025-02-02,SKU0032,3,660.49
ORD002285,2025-02-02,SKU0033,1,646.74
ORD002286,2025-02-02,SKU0034,6,154.55
ORD002287,2025-02-02,SKU0036,4,568.82
ORD002288,2025-02-02,SKU0037,4,692.35
ORD002289,2025-02-02,SKU0039,1,207.38
ORD002290,2025-02-02,SKU0042,2,304.99
ORD002291,2025-02-02,SKU0043,3,113.09
ORD002292,2025-02-02,SKU0044,1,754.8
ORD002293,2025-02-02,SKU0045,5,342.15
ORD002294,2025-02-02,SKU0046,3,433.49
ORD002295,2025-02-02,SKU0047,2,676.66
ORD002296,2025-02-02,SKU0048,5,553.52
ORD002297,2025-02-02,SKU0049,2,598.76
ORD002298,2025-02-02,SKU0050,4,198.89
ORD002299,2025-02-02,SKU0051,3,451.5
ORD002300,2025-02-02,SKU0052,1,568.8
ORD002301,2025-02-02,SKU0053,4,213.7
ORD002302,2025-02-02,SKU0055,5,786.45
ORD002303,2025-02-02,SKU0056,2,432.64
ORD002304,2025-02-02,SKU0057,2,238.23
ORD002305,2025-02-02,SKU0058,3,797.15
ORD002306,2025-02-02,SKU0060,2,464.3
ORD002307,2025-02-02,SKU0062,2,183.42
ORD002308,2025-02-02,SKU0063,2,251.94
ORD002309,2025-02-02,SKU0064,5,572.27
ORD002310,2025-02-02,SKU0067,2,347.43
ORD002311,2025-02-02,SKU0069,6,686.71
ORD002312,2025-02-02,SKU0070,4,751.08
ORD002313,2025-02-02,SKU0071,5,636.86
ORD002314,2025-02-02,SKU0072,4,548.43
ORD002315,2025-02-02,SKU0073,5,481.32
ORD002316,2025-02-02,SKU0075,2,754.5
ORD002317,2025-02-02,SKU0076,6,779.98
ORD002318,2025-02-02,SKU0078,2,272.08
ORD002319,2025-02-02,SKU0079,7,409.07
ORD002320,2025-02-02,SKU0080,1,380.8
ORD002321,2025-02-03,SKU0002,3,225.54
ORD002322,2025-02-03,SKU0004,1,206.26
ORD002323,2025-02-03,SKU0006,9,346.92
ORD002324,2025-02-03,SKU0007,7,89.32
ORD002325,2025-02-03,SKU0008,2,232.98
ORD002326,2025-02-03,SKU0009,1,227.63
ORD002327,2025-02-03,SKU0010,3,569.19
ORD002328,2025-02-03,SKU0013,3,798.28
ORD002329,2025-02-03,SKU0014,5,242.75
ORD002330,2025-02-03,SKU0015,1,782.23
ORD002331,2025-02-03,SKU0016,4,352.39
ORD002332,2025-02-03,SKU0017,6,65.12
ORD002333,2025-02-03,SKU0018,3,302.25
ORD002334,2025-02-03,SKU0019,5,522.11
ORD002335,2025-02-03,SKU0020,2,557.34
ORD002336,2025-02-03,SKU0021,2,443.51
ORD002337,2025-02-03,SKU0022,1,380.32
ORD002338,2025-02-03,SKU0023,1,460.2
ORD002339,2025-02-03,SKU0024,6,490.45
ORD002340,2025-02-03,SKU0025,1,101.45
ORD002341,2025-02-03,SKU0026,1,320.94
ORD002342,2025-02-03,SKU0028,2,650.39
ORD002343,2025-02-03,SKU0029,2,397.43
ORD002344,2025-02-03,SKU0030,1,787.4
ORD002345,2025-02-03,SKU0032,1,660.49
ORD002346,2025-02-03,SKU0033,1,646.74
ORD002347,2025-02-03,SKU0034,3,154.55
ORD002348,2025-02-03,SKU0036,2,568.82
ORD002349,2025-02-03,SKU0037,1,692.35
ORD002350,2025-02-03,SKU0039,3,207.38
ORD002351,2025-02-03,SKU0042,2,304.99
ORD002352,2025-02-03,SKU0043,3,113.09
ORD002353,2025-02-03,SKU0044,1,754.8
ORD002354,2025-02-03,SKU0045,10,342.15
ORD002355,2025-02-03,SKU0046,1,433.49
ORD002356,2025-02-03,SKU0047,7,676.66
ORD002357,2025-02-03,SKU0048,9,553.52
ORD002358,2025-02-03,SKU0049,1,598.76
ORD002359,2025-02-03,SKU0050,3,198.89
ORD002360,2025-02-03,SKU0051,2,451.5
ORD002361,2025-02-03,SKU0052,4,568.8
ORD002362,2025-02-03,SKU0053,2,213.7
ORD002363,2025-02-03,SKU0054,7,172.97
ORD002364,2025-02-03,SKU0055,10,786.45
ORD002365,2025-02-03,SKU0056,2,432.64
ORD002366,2025-02-03,SKU0057,6,238.23
ORD002367,2025-02-03,SKU0058,3,797.15
ORD002368,2025-02-03,SKU0060,6,464.3
ORD002369,2025-02-03,SKU0062,3,183.42
ORD002370,2025-02-03,SKU0063,3,251.94
ORD002371,2025-02-03,SKU0067,6,347.43
ORD002372,2025-02-03,SKU0069,2,686.71
ORD002373,2025-02-03,SKU0070,2,751.08
ORD002374,2025-02-03,SKU0071,3,636.86
ORD002375,2025-02-03,SKU0072,1,548.43
ORD002376,2025-02-03,SKU0075,2,754.5
ORD002377,2025-02-03,SKU0076,1,779.98
ORD002378,2025-02-03,SKU0078,8,272.08
ORD002379,2025-02-03,SKU0079,3,409.07
ORD002380,2025-02-04,SKU0001,7,244.75
ORD002381,2025-02-04,SKU0002,7,225.54
ORD002382,2025-02-04,SKU0004,6,206.26
ORD002383,2025-02-04,SKU0005,6,464.16
ORD002384,2025-02-04,SKU0006,3,346.92
ORD002385,2025-02-04,SKU0007,2,89.32
ORD002386,2025-02-04,SKU0008,7,232.98
ORD002387,2025-02-04,SKU0009,2,227.63
ORD002388,2025-02-04,SKU0010,5,569.19
ORD002389,2025-02-04,SKU0012,5,152.55
ORD002390,2025-02-04,SKU0013,1,798.28
ORD002391,2025-02-04,SKU0014,2,242.75
ORD002392,2025-02-04,SKU0015,6,782.23
ORD002393,2025-02-04,SKU0016,1,352.39
ORD002394,2025-02-04,SKU0017,4,65.12
ORD002395,2025-02-04,SKU0018,1,302.25
ORD002396,2025-02-04,SKU0019,5,522.11
ORD002397,2025-02-04,SKU0021,1,443.51
ORD002398,2025-02-04,SKU0022,3,380.32
ORD002399,2025-02-04,SKU0024,4,490.45
ORD002400,2025-02-04,SKU0025,6,101.45
ORD002401,2025-02-04,SKU0026,4,320.94
ORD002402,2025-02-04,SKU0028,3,650.39
ORD002403,2025-02-04,SKU0029,4,397.43
ORD002404,2025-02-04,SKU0030,3,787.4
ORD002405,2025-02-04,SKU0032,2,660.49
ORD002406,2025-02-04,SKU0033,5,646.74
ORD002407,2025-02-04,SKU0034,5,154.55
ORD002408,2025-02-04,SKU0036,1,568.82
ORD002409,2025-02-04,SKU0037,7,692.35
ORD002410,2025-02-04,SKU0042,4,304.99
ORD002411,2025-02-04,SKU0043,2,113.09
ORD002412,2025-02-04,SKU0044,4,754.8
ORD002413,2025-02-04,SKU0045,5,342.15
ORD002414,2025-02-04,SKU0046,3,433.49
ORD002415,2025-02-04,SKU0047,5,676.66
ORD002416,2025-02-04,SKU0048,8,553.52
ORD002417,2025-02-04,SKU0049,7,598.76
ORD002418,2025-02-04,SKU0050,4,198.89
ORD002419,2025-02-04,SKU0051,2,451.5
ORD002420,2025-02-04,SKU0052,5,568.8
ORD002421,2025-02-04,SKU0056,3,432.64
ORD002422,2025-02-04,SKU0057,3,238.23
ORD002423,2025-02-04,SKU0058,6,797.15
ORD002424,2025-02-04,SKU0062,1,183.42
ORD002425,2025-02-04,SKU0063,3,251.94
ORD002426,2025-02-04,SKU0067,3,347.43
ORD002427,2025-02-04,SKU0069,5,686.71
ORD002428,2025-02-04,SKU0070,1,751.08
ORD002429,2025-02-04,SKU0071,3,636.86
ORD002430,2025-02-04,SKU0072,5,548.43
ORD002431,2025-02-04,SKU0073,1,481.32
ORD002432,2025-02-04,SKU0075,4,754.5
ORD002433,2025-02-04,SKU0076,3,779.98
ORD002434,2025-02-04,SKU0078,2,272.08
ORD002435,2025-02-04,SKU0080,3,380.8
ORD002436,2025-02-05,SKU0001,2,244.75
ORD002437,2025-02-05,SKU0002,5,225.54
ORD002438,2025-02-05,SKU0004,3,206.26
ORD002439,2025-02-05,SKU0006,4,346.92
ORD002440,2025-02-05,SKU0007,7,89.32
ORD002441,2025-02-05,SKU0009,6,227.63
ORD002442,2025-02-05,SKU0010,5,569.19
ORD002443,2025-02-05,SKU0012,5,152.55
ORD002444,2025-02-05,SKU0013,5,798.28
ORD002445,2025-02-05,SKU0014,1,242.75
ORD002446,2025-02-05,SKU0015,2,782.23
ORD002447,2025-02-05,SKU0016,2,352.39
ORD002448,2025-02-05,SKU0017,1,65.12
ORD002449,2025-02-05,SKU0018,9,302.25
ORD002450,2025-02-05,SKU0019,4,522.11
ORD002451,2025-02-05,SKU0020,2,557.34
ORD002452,2025-02-05,SKU0021,6,443.51
ORD002453,2025-02-05,SKU0022,11,380.32
ORD002454,2025-02-05,SKU0023,3,460.2
ORD002455,2025-02-05,SKU0024,4,490.45
ORD002456,2025-02-05,SKU0025,4,101.45
ORD002457,2025-02-05,SKU0026,3,320.94
ORD002458,2025-02-05,SKU0028,1,650.39
ORD002459,2025-02-05,SKU0029,1,397.43
ORD002460,2025-02-05,SKU0032,10,660.49
ORD002461,2025-02-05,SKU0033,5,646.74
ORD002462,2025-02-05,SKU0034,4,154.55
ORD002463,2025-02-05,SKU0036,5,568.82
ORD002464,2025-02-05,SKU0037,3,692.35
ORD002465,2025-02-05,SKU0039,6,207.38
ORD002466,2025-02-05,SKU0042,3,304.99
ORD002467,2025-02-05,SKU0043,3,113.09
ORD002468,2025-02-05,SKU0044,2,754.8
ORD002469,2025-02-05,SKU0045,1,342.15
ORD002470,2025-02-05,SKU0046,1,433.49
ORD002471,2025-02-05,SKU0047,3,676.66
ORD002472,2025-02-05,SKU0048,4,553.52
ORD002473,2025-02-05,SKU0049,1,598.76
ORD002474,2025-02-05,SKU0050,3,198.89
ORD002475,2025-02-05,SKU0051,3,451.5
ORD002476,2025-02-05,SKU0052,1,568.8
ORD002477,2025-02-05,SKU0053,2,213.7
ORD002478,2025-02-05,SKU0054,1,172.97
ORD002479,2025-02-05,SKU0055,7,786.45
ORD002480,2025-02-05,SKU0056,1,432.64
ORD002481,2025-02-05,SKU0058,1,797.15
ORD002482,2025-02-05,SKU0060,8,464.3
ORD002483,2025-02-05,SKU0062,3,183.42
ORD002484,2025-02-05,SKU0063,5,251.94
ORD002485,2025-02-05,SKU0064,4,572.27
ORD002486,2025-02-05,SKU0067,6,347.43
ORD002487,2025-02-05,SKU0069,7,686.71
ORD002488,2025-02-05,SKU0070,5,751.08
ORD002489,2025-02-05,SKU0071,4,636.86
ORD002490,2025-02-05,SKU0072,8,548.43
ORD002491,2025-02-05,SKU0073,5,481.32
ORD002492,2025-02-05,SKU0075,8,754.5
ORD002493,2025-02-05,SKU0076,2,779.98
ORD002494,2025-02-05,SKU0078,5,272.08
ORD002495,2025-02-05,SKU0079,2,409.07
ORD002496,2025-02-05,SKU0080,6,380.8
ORD002497,2025-02-06,SKU0001,2,244.75
ORD002498,2025-02-06,SKU0004,1,206.26
ORD002499,2025-02-06,SKU0005,5,464.16
ORD002500,2025-02-06,SKU0006,1,346.92
ORD002501,2025-02-06,SKU0007,2,89.32
ORD002502,2025-02-06,SKU0008,1,232.98
ORD002503,2025-02-06,SKU0009,3,227.63
ORD002504,2025-02-06,SKU0010,2,569.19
ORD002505,2025-02-06,SKU0012,3,152.55
ORD002506,2025-02-06,SKU0013,7,798.28
ORD002507,2025-02-06,SKU0014,1,242.75
ORD002508,2025-02-06,SKU0015,2,782.23
ORD002509,2025-02-06,SKU0016,5,352.39
ORD002510,2025-02-06,SKU0017,5,65.12
ORD002511,2025-02-06,SKU0018,2,302.25
ORD002512,2025-02-06,SKU0019,4,522.11
ORD002513,2025-02-06,SKU0021,1,443.51
ORD002514,2025-02-06,SKU0022,2,380.32
ORD002515,2025-02-06,SKU0023,9,460.2
ORD002516,2025-02-06,SKU0024,2,490.45
ORD002517,2025-02-06,SKU0025,1,101.45
ORD002518,2025-02-06,SKU0026,1,320.94
ORD002519,2025-02-06,SKU0029,1,397.43
ORD002520,2025-02-06,SKU0030,3,787.4
ORD002521,2025-02-06,SKU0032,4,660.49
ORD002522,2025-02-06,SKU0033,2,646.74
ORD002523,2025-02-06,SKU0034,7,154.55
ORD002524,2025-02-06,SKU0036,3,568.82
ORD002525,2025-02-06,SKU0037,2,692.35
ORD002526,2025-02-06,SKU0042,2,304.99
ORD002527,2025-02-06,SKU0043,6,113.09
ORD002528,2025-02-06,SKU0047,3,676.66
ORD002529,2025-02-06,SKU0048,6,553.52
ORD002530,2025-02-06,SKU0049,4,598.76
ORD002531,2025-02-06,SKU0050,2,198.89
ORD002532,2025-02-06,SKU0051,11,451.5
ORD002533,2025-02-06,SKU0052,6,568.8
ORD002534,2025-02-06,SKU0053,1,213.7
ORD002535,2025-02-06,SKU0054,5,172.97
ORD002536,2025-02-06,SKU0055,2,786.45
ORD002537,2025-02-06,SKU0056,3,432.64
ORD002538,2025-02-06,SKU0057,7,238.23
ORD002539,2025-02-06,SKU0058,1,797.15
ORD002540,2025-02-06,SKU0060,3,464.3
ORD002541,2025-02-06,SKU0062,8,183.42
ORD002542,2025-02-06,SKU0063,4,251.94
ORD002543,2025-02-06,SKU0064,5,572.27
ORD002544,2025-02-06,SKU0067,2,347.43
ORD002545,2025-02-06,SKU0069,3,686.71
ORD002546,2025-02-06,SKU0070,3,751.08
ORD002547,2025-02-06,SKU0071,2,636.86
ORD002548,2025-02-06,SKU0072,3,548.43
ORD002549,2025-02-06,SKU0073,2,481.32
ORD002550,2025-02-06,SKU0075,1,754.5
ORD002551,2025-02-06,SKU0076,2,779.98
ORD002552,2025-02-06,SKU0079,3,409.07
ORD002553,2025-02-06,SKU0080,2,380.8
ORD002554,2025-02-07,SKU0001,6,244.75
ORD002555,2025-02-07,SKU0002,7,225.54
ORD002556,2025-02-07,SKU0004,5,206.26
ORD002557,2025-02-07,SKU0005,9,464.16
ORD002558,2025-02-07,SKU0006,3,346.92
ORD002559,2025-02-07,SKU0007,2,89.32
ORD002560,2025-02-07,SKU0008,3,232.98
ORD002561,2025-02-07,SKU0009,5,227.63
ORD002562,2025-02-07,SKU0010,1,569.19
ORD002563,2025-02-07,SKU0013,1,798.28
ORD002564,2025-02-07,SKU0014,1,242.75
ORD002565,2025-02-07,SKU0015,4,782.23
ORD002566,2025-02-07,SKU0016,2,352.39
ORD002567,2025-02-07,SKU0017,1,65.12
ORD002568,2025-02-07,SKU0018,10,302.25
ORD002569,2025-02-07,SKU0019,2,522.11
ORD002570,2025-02-07,SKU0020,3,557.34
ORD002571,2025-02-07,SKU0021,6,443.51
ORD002572,2025-02-07,SKU0022,8,380.32
ORD002573,2025-02-07,SKU0023,4,460.2
ORD002574,2025-02-07,SKU0024,3,490.45
ORD002575,2025-02-07,SKU0026,1,320.94
ORD002576,2025-02-07,SKU0028,7,650.39
ORD002577,2025-02-07,SKU0029,3,397.43
ORD002578,2025-02-07,SKU0030,5,787.4
ORD002579,2025-02-07,SKU0032,3,660.49
ORD002580,2025-02-07,SKU0033,7,646.74
ORD002581,2025-02-07,SKU0034,9,154.55
ORD002582,2025-02-07,SKU0037,7,692.35
ORD002583,2025-02-07,SKU0039,7,207.38
ORD002584,2025-02-07,SKU0042,5,304.99
ORD002585,2025-02-07,SKU0043,3,113.09
ORD002586,2025-02-07,SKU0044,3,754.8
ORD002587,2025-02-07,SKU0045,5,342.15
ORD002588,2025-02-07,SKU0046,6,433.49
ORD002589,2025-02-07,SKU0047,1,676.66
ORD002590,2025-02-07,SKU0048,2,553.52
ORD002591,2025-02-07,SKU0049,2,598.76
ORD002592,2025-02-07,SKU0050,4,198.89
ORD002593,2025-02-07,SKU0051,1,451.5
ORD002594,2025-02-07,SKU0052,3,568.8
ORD002595,2025-02-07,SKU0053,7,213.7
ORD002596,2025-02-07,SKU0054,4,172.97
ORD002597,2025-02-07,SKU0055,4,786.45
ORD002598,2025-02-07,SKU0056,3,432.64
ORD002599,2025-02-07,SKU0057,2,238.23
ORD002600,2025-02-07,SKU0058,5,797.15
ORD002601,2025-02-07,SKU0060,1,464.3
ORD002602,2025-02-07,SKU0062,3,183.42
ORD002603,2025-02-07,SKU0063,9,251.94
ORD002604,2025-02-07,SKU0064,6,572.27
ORD002605,2025-02-07,SKU0067,3,347.43
ORD002606,2025-02-07,SKU0069,1,686.71
ORD002607,2025-02-07,SKU0070,7,751.08
ORD002608,2025-02-07,SKU0071,3,636.86
ORD002609,2025-02-07,SKU0073,3,481.32
ORD002610,2025-02-07,SKU0075,5,754.5
ORD002611,2025-02-07,SKU0076,1,779.98
ORD002612,2025-02-07,SKU0079,5,409.07
ORD002613,2025-02-07,SKU0080,4,380.8
ORD002614,2025-02-08,SKU0001,2,244.75
ORD002615,2025-02-08,SKU0002,2,225.54
ORD002616,2025-02-08,SKU0004,6,206.26
ORD002617,2025-02-08,SKU0005,2,464.16
ORD002618,2025-02-08,SKU0006,1,346.92
ORD002619,2025-02-08,SKU0007,7,89.32
ORD002620,2025-02-08,SKU0008,7,232.98
ORD002621,2025-02-08,SKU0009,4,227.63
ORD002622,2025-02-08,SKU0010,3,569.19
ORD002623,2025-02-08,SKU0012,5,152.55
ORD002624,2025-02-08,SKU0013,2,798.28
ORD002625,2025-02-08,SKU0014,9,242.75
ORD002626,2025-02-08,SKU0015,3,782.23
ORD002627,2025-02-08,SKU0016,3,352.39
ORD002628,2025-02-08,SKU0017,6,65.12
ORD002629,2025-02-08,SKU0018,6,302.25
ORD002630,2025-02-08,SKU0019,2,522.11
ORD002631,2025-02-08,SKU0020,5,557.34
ORD002632,2025-02-08,SKU0021,2,443.51
ORD002633,2025-02-08,SKU0024,3,490.45
ORD002634,2025-02-08,SKU0025,1,101.45
ORD002635,2025-02-08,SKU0026,4,320.94
ORD002636,2025-02-08,SKU0028,4,650.39
ORD002637,2025-02-08,SKU0029,2,397.43
ORD002638,2025-02-08,SKU0030,2,787.4
ORD002639,2025-02-08,SKU0032,6,660.49
ORD002640,2025-02-08,SKU0033,2,646.74
ORD002641,2025-02-08,SKU0034,1,154.55
ORD002642,2025-02-08,SKU0036,4,568.82
ORD002643,2025-02-08,SKU0037,3,692.35
ORD002644,2025-02-08,SKU0039,2,207.38
ORD002645,2025-02-08,SKU0042,4,304.99
ORD002646,2025-02-08,SKU0043,2,113.09
ORD002647,2025-02-08,SKU0044,2,754.8
ORD002648,2025-02-08,SKU0046,2,433.49
ORD002649,2025-02-08,SKU0047,2,676.66
ORD002650,2025-02-08,SKU0048,1,553.52
ORD002651,2025-02-08,SKU0050,7,198.89
ORD002652,2025-02-08,SKU0052,2,568.8
ORD002653,2025-02-08,SKU0054,2,172.97
ORD002654,2025-02-08,SKU0056,7,432.64
ORD002655,2025-02-08,SKU0057,2,238.23
ORD002656,2025-02-08,SKU0060,3,464.3
ORD002657,2025-02-08,SKU0062,6,183.42
ORD002658,2025-02-08,SKU0063,3,251.94
ORD002659,2025-02-08,SKU0064,4,572.27
ORD002660,2025-02-08,SKU0067,7,347.43
ORD002661,2025-02-08,SKU0069,1,686.71
ORD002662,2025-02-08,SKU0070,5,751.08
ORD002663,2025-02-08,SKU0071,3,636.86
ORD002664,2025-02-08,SKU0072,1,548.43
ORD002665,2025-02-08,SKU0073,4,481.32
ORD002666,2025-02-08,SKU0075,7,754.5
ORD002667,2025-02-08,SKU0078,2,272.08
ORD002668,2025-02-08,SKU0079,2,409.07
ORD002669,2025-02-08,SKU0080,5,380.8
ORD002670,2025-02-09,SKU0001,3,244.75
ORD002671,2025-02-09,SKU0002,8,225.54
ORD002672,2025-02-09,SKU0004,2,206.26
ORD002673,2025-02-09,SKU0005,4,464.16
ORD002674,2025-02-09,SKU0006,2,346.92
ORD002675,2025-02-09,SKU0007,2,89.32
ORD002676,2025-02-09,SKU0008,7,232.98
ORD002677,2025-02-09,SKU0009,3,227.63
ORD002678,2025-02-09,SKU0010,3,569.19
ORD002679,2025-02-09,SKU0012,4,152.55
ORD002680,2025-02-09,SKU0013,3,798.28
ORD002681,2025-02-09,SKU0014,3,242.75
ORD002682,2025-02-09,SKU0015,4,782.23
ORD002683,2025-02-09,SKU0016,3,352.39
ORD002684,2025-02-09,SKU0017,4,65.12
ORD002685,2025-02-09,SKU0018,1,302.25
ORD002686,2025-02-09,SKU0019,2,522.11
ORD002687,2025-02-09,SKU0020,2,557.34
ORD002688,2025-02-09,SKU0021,3,443.51
ORD002689,2025-02-09,SKU0022,4,380.32
ORD002690,2025-02-09,SKU0023,1,460.2
ORD002691,2025-02-09,SKU0024,3,490.45
ORD002692,2025-02-09,SKU0025,2,101.45
ORD002693,2025-02-09,SKU0026,5,320.94
ORD002694,2025-02-09,SKU0028,4,650.39
ORD002695,2025-02-09,SKU0029,2,397.43
ORD002696,2025-02-09,SKU0030,8,787.4
ORD002697,2025-02-09,SKU0032,1,660.49
ORD002698,2025-02-09,SKU0033,3,646.74
ORD002699,2025-02-09,SKU0034,2,154.55
ORD002700,2025-02-09,SKU0036,1,568.82
ORD002701,2025-02-09,SKU0037,5,692.35
ORD002702,2025-02-09,SKU0039,4,207.38
ORD002703,2025-02-09,SKU0042,9,304.99
ORD002704,2025-02-09,SKU0043,3,113.09
ORD002705,2025-02-09,SKU0044,2,754.8
ORD002706,2025-02-09,SKU0045,4,342.15
ORD002707,2025-02-09,SKU0046,2,433.49
ORD002708,2025-02-09,SKU0047,6,676.66
ORD002709,2025-02-09,SKU0048,6,553.52
ORD002710,2025-02-09,SKU0049,10,598.76
ORD002711,2025-02-09,SKU0050,6,198.89
ORD002712,2025-02-09,SKU0051,2,451.5
ORD002713,2025-02-09,SKU0052,1,568.8
ORD002714,2025-02-09,SKU0053,1,213.7
ORD002715,2025-02-09,SKU0054,1,172.97
ORD002716,2025-02-09,SKU0055,6,786.45
ORD002717,2025-02-09,SKU0057,9,238.23
ORD002718,2025-02-09,SKU0058,2,797.15
ORD002719,2025-02-09,SKU0060,4,464.3
ORD002720,2025-02-09,SKU0062,1,183.42
ORD002721,2025-02-09,SKU0063,3,251.94
ORD002722,2025-02-09,SKU0067,6,347.43
ORD002723,2025-02-09,SKU0069,2,686.71
ORD002724,2025-02-09,SKU0070,5,751.08
ORD002725,2025-02-09,SKU0072,2,548.43
ORD002726,2025-02-09,SKU0073,2,481.32
ORD002727,2025-02-09,SKU0075,1,754.5
ORD002728,2025-02-09,SKU0076,2,779.98
ORD002729,2025-02-09,SKU0078,2,272.08
ORD002730,2025-02-09,SKU0079,2,409.07
ORD002731,2025-02-09,SKU0080,1,380.8
ORD002732,2025-02-10,SKU0001,3,244.75
ORD002733,2025-02-10,SKU0002,3,225.54
ORD002734,2025-02-10,SKU0004,1,206.26
ORD002735,2025-02-10,SKU0005,2,464.16
ORD002736,2025-02-10,SKU0006,7,346.92
ORD002737,2025-02-10,SKU0007,1,89.32
ORD002738,2025-02-10,SKU0008,2,232.98
ORD002739,2025-02-10,SKU0009,8,227.63
ORD002740,2025-02-10,SKU0010,2,569.19
ORD002741,2025-02-10,SKU0013,2,798.28
ORD002742,2025-02-10,SKU0014,3,242.75
ORD002743,2025-02-10,SKU0015,3,782.23
ORD002744,2025-02-10,SKU0016,9,352.39
ORD002745,2025-02-10,SKU0017,1,65.12
ORD002746,2025-02-10,SKU0018,1,302.25
ORD002747,2025-02-10,SKU0019,5,522.11
ORD002748,2025-02-10,SKU0020,2,557.34
ORD002749,2025-02-10,SKU0022,6,380.32
ORD002750,2025-02-10,SKU0023,4,460.2
ORD002751,2025-02-10,SKU0024,6,490.45
ORD002752,2025-02-10,SKU0025,3,101.45
ORD002753,2025-02-10,SKU0026,1,320.94
ORD002754,2025-02-10,SKU0029,3,397.43
ORD002755,2025-02-10,SKU0030,7,787.4
ORD002756,2025-02-10,SKU0032,5,660.49
ORD002757,2025-02-10,SKU0033,6,646.74
ORD002758,2025-02-10,SKU0034,3,154.55
ORD002759,2025-02-10,SKU0037,2,692.35
ORD002760,2025-02-10,SKU0042,2,304.99
ORD002761,2025-02-10,SKU0043,4,113.09
ORD002762,2025-02-10,SKU0044,1,754.8
ORD002763,2025-02-10,SKU0045,1,342.15
ORD002764,2025-02-10,SKU0046,1,433.49
ORD002765,2025-02-10,SKU0047,2,676.66
ORD002766,2025-02-10,SKU0048,11,553.52
ORD002767,2025-02-10,SKU0050,1,198.89
ORD002768,2025-02-10,SKU0051,2,451.5
ORD002769,2025-02-10,SKU0052,5,568.8
ORD002770,2025-02-10,SKU0053,4,213.7
ORD002771,2025-02-10,SKU0054,1,172.97
ORD002772,2025-02-10,SKU0055,2,786.45
ORD002773,2025-02-10,SKU0056,2,432.64
ORD002774,2025-02-10,SKU0057,8,238.23
ORD002775,2025-02-10,SKU0058,3,797.15
ORD002776,2025-02-10,SKU0060,4,464.3
ORD002777,2025-02-10,SKU0062,4,183.42
ORD002778,2025-02-10,SKU0063,9,251.94
ORD002779,2025-02-10,SKU0064,8,572.27
ORD002780,2025-02-10,SKU0067,7,347.43
ORD002781,2025-02-10,SKU0069,2,686.71
ORD002782,2025-02-10,SKU0071,1,636.86
ORD002783,2025-02-10,SKU0072,1,548.43
ORD002784,2025-02-10,SKU0073,3,481.32
ORD002785,2025-02-10,SKU0075,5,754.5
ORD002786,2025-02-10,SKU0076,6,779.98
ORD002787,2025-02-10,SKU0078,6,272.08
ORD002788,2025-02-10,SKU0079,4,409.07
ORD002789,2025-02-10,SKU0080,5,380.8
ORD002790,2025-02-11,SKU0001,1,244.75
ORD002791,2025-02-11,SKU0002,3,225.54
ORD002792,2025-02-11,SKU0004,2,206.26
ORD002793,2025-02-11,SKU0005,1,464.16
ORD002794,2025-02-11,SKU0006,6,346.92
ORD002795,2025-02-11,SKU0007,5,89.32
ORD002796,2025-02-11,SKU0008,5,232.98
ORD002797,2025-02-11,SKU0009,2,227.63
ORD002798,2025-02-11,SKU0010,1,569.19
ORD002799,2025-02-11,SKU0012,3,152.55
ORD002800,2025-02-11,SKU0013,2,798.28
ORD002801,2025-02-11,SKU0015,2,782.23
ORD002802,2025-02-11,SKU0016,4,352.39
ORD002803,2025-02-11,SKU0017,7,65.12
ORD002804,2025-02-11,SKU0018,2,302.25
ORD002805,2025-02-11,SKU0019,4,522.11
ORD002806,2025-02-11,SKU0020,6,557.34
ORD002807,2025-02-11,SKU0021,1,443.51
ORD002808,2025-02-11,SKU0022,1,380.32
ORD002809,2025-02-11,SKU0023,2,460.2
ORD002810,2025-02-11,SKU0024,5,490.45
ORD002811,2025-02-11,SKU0025,5,101.45
ORD002812,2025-02-11,SKU0026,1,320.94
ORD002813,2025-02-11,SKU0028,6,650.39
ORD002814,2025-02-11,SKU0029,5,397.43
ORD002815,2025-02-11,SKU0030,6,787.4
ORD002816,2025-02-11,SKU0032,6,660.49
ORD002817,2025-02-11,SKU0033,5,646.74
ORD002818,2025-02-11,SKU0034,3,154.55
ORD002819,2025-02-11,SKU0036,3,568.82
ORD002820,2025-02-11,SKU0037,1,692.35
ORD002821,2025-02-11,SKU0039,1,207.38
ORD002822,2025-02-11,SKU0042,10,304.99
ORD002823,2025-02-11,SKU0043,1,113.09
ORD002824,2025-02-11,SKU0044,3,754.8
ORD002825,2025-02-11,SKU0045,2,342.15
ORD002826,2025-02-11,SKU0046,12,433.49
ORD002827,2025-02-11,SKU0047,3,676.66
ORD002828,2025-02-11,SKU0048,4,553.52
ORD002829,2025-02-11,SKU0049,4,598.76
ORD002830,2025-02-11,SKU0050,1,198.89
ORD002831,2025-02-11,SKU0051,1,451.5
ORD002832,2025-02-11,SKU0052,2,568.8
ORD002833,2025-02-11,SKU0054,3,172.97
ORD002834,2025-02-11,SKU0055,3,786.45
ORD002835,2025-02-11,SKU0056,3,432.64
ORD002836,2025-02-11,SKU0057,2,238.23
ORD002837,2025-02-11,SKU0060,1,464.3
ORD002838,2025-02-11,SKU0062,5,183.42
ORD002839,2025-02-11,SKU0063,7,251.94
ORD002840,2025-02-11,SKU0064,1,572.27
ORD002841,2025-02-11,SKU0067,7,347.43
ORD002842,2025-02-11,SKU0069,4,686.71
ORD002843,2025-02-11,SKU0070,1,751.08
ORD002844,2025-02-11,SKU0071,2,636.86
ORD002845,2025-02-11,SKU0072,1,548.43
ORD002846,2025-02-11,SKU0073,4,481.32
ORD002847,2025-02-11,SKU0075,4,754.5
ORD002848,2025-02-11,SKU0076,3,779.98
ORD002849,2025-02-11,SKU0080,7,380.8
ORD002850,2025-02-12,SKU0001,5,244.75
ORD002851,2025-02-12,SKU0002,3,225.54
ORD002852,2025-02-12,SKU0004,5,206.26
ORD002853,2025-02-12,SKU0006,2,346.92
ORD002854,2025-02-12,SKU0010,3,569.19
ORD002855,2025-02-12,SKU0013,1,798.28
ORD002856,2025-02-12,SKU0014,7,242.75
ORD002857,2025-02-12,SKU0016,2,352.39
ORD002858,2025-02-12,SKU0018,4,302.25
ORD002859,2025-02-12,SKU0019,1,522.11
ORD002860,2025-02-12,SKU0020,2,557.34
ORD002861,2025-02-12,SKU0021,2,443.51
ORD002862,2025-02-12,SKU0022,1,380.32
ORD002863,2025-02-12,SKU0023,1,460.2
ORD002864,2025-02-12,SKU0024,5,490.45
ORD002865,2025-02-12,SKU0025,6,101.45
ORD002866,2025-02-12,SKU0026,4,320.94
ORD002867,2025-02-12,SKU0028,1,650.39
ORD002868,2025-02-12,SKU0029,1,397.43
ORD002869,2025-02-12,SKU0030,1,787.4
ORD002870,2025-02-12,SKU0032,1,660.49
ORD002871,2025-02-12,SKU0033,1,646.74
ORD002872,2025-02-12,SKU0034,6,154.55
ORD002873,2025-02-12,SKU0036,3,568.82
ORD002874,2025-02-12,SKU0039,1,207.38
ORD002875,2025-02-12,SKU0042,4,304.99
ORD002876,2025-02-12,SKU0043,4,113.09
ORD002877,2025-02-12,SKU0044,5,754.8
ORD002878,2025-02-12,SKU0046,4,433.49
ORD002879,2025-02-12,SKU0047,3,676.66
ORD002880,2025-02-12,SKU0048,3,553.52
ORD002881,2025-02-12,SKU0049,2,598.76
ORD002882,2025-02-12,SKU0050,7,198.89
ORD002883,2025-02-12,SKU0052,5,568.8
ORD002884,2025-02-12,SKU0053,4,213.7
ORD002885,2025-02-12,SKU0055,2,786.45
ORD002886,2025-02-12,SKU0056,4,432.64
ORD002887,2025-02-12,SKU0057,1,238.23
ORD002888,2025-02-12,SKU0058,1,797.15
ORD002889,2025-02-12,SKU0060,4,464.3
ORD002890,2025-02-12,SKU0062,1,183.42
ORD002891,2025-02-12,SKU0063,8,251.94
ORD002892,2025-02-12,SKU0064,1,572.27
ORD002893,2025-02-12,SKU0067,6,347.43
ORD002894,2025-02-12,SKU0069,3,686.71
ORD002895,2025-02-12,SKU0070,1,751.08
ORD002896,2025-02-12,SKU0072,6,548.43
ORD002897,2025-02-12,SKU0073,4,481.32
ORD002898,2025-02-12,SKU0075,5,754.5
ORD002899,2025-02-12,SKU0076,3,779.98
ORD002900,2025-02-12,SKU0079,1,409.07
ORD002901,2025-02-12,SKU0080,2,380.8
ORD002902,2025-02-13,SKU0001,2,244.75
ORD002903,2025-02-13,SKU0002,1,225.54
ORD002904,2025-02-13,SKU0004,1,206.26
ORD002905,2025-02-13,SKU0005,4,464.16
ORD002906,2025-02-13,SKU0006,1,346.92
ORD002907,2025-02-13,SKU0007,1,89.32
ORD002908,2025-02-13,SKU0008,1,232.98
ORD002909,2025-02-13,SKU0009,5,227.63
ORD002910,2025-02-13,SKU0010,2,569.19
ORD002911,2025-02-13,SKU0012,3,152.55
ORD002912,2025-02-13,SKU0013,4,798.28
ORD002913,2025-02-13,SKU0014,2,242.75
ORD002914,2025-02-13,SKU0015,2,782.23
ORD002915,2025-02-13,SKU0016,9,352.39
ORD002916,2025-02-13,SKU0017,6,65.12
ORD002917,2025-02-13,SKU0018,1,302.25
ORD002918,2025-02-13,SKU0019,5,522.11
ORD002919,2025-02-13,SKU0020,2,557.34
ORD002920,2025-02-13,SKU0022,5,380.32
ORD002921,2025-02-13,SKU0023,2,460.2
ORD002922,2025-02-13,SKU0024,1,490.45
ORD002923,2025-02-13,SKU0025,4,101.45
ORD002924,2025-02-13,SKU0026,5,320.94
ORD002925,2025-02-13,SKU0030,9,787.4
ORD002926,2025-02-13,SKU0032,2,660.49
ORD002927,2025-02-13,SKU0033,6,646.74
ORD002928,2025-02-13,SKU0034,1,154.55
ORD002929,2025-02-13,SKU0037,7,692.35
ORD002930,2025-02-13,SKU0039,6,207.38
ORD002931,2025-02-13,SKU0042,2,304.99
ORD002932,2025-02-13,SKU0043,2,113.09
ORD002933,2025-02-13,SKU0044,3,754.8
ORD002934,2025-02-13,SKU0046,4,433.49
ORD002935,2025-02-13,SKU0047,4,676.66
ORD002936,2025-02-13,SKU0048,5,553.52
ORD002937,2025-02-13,SKU0049,1,598.76
ORD002938,2025-02-13,SKU0050,8,198.89
ORD002939,2025-02-13,SKU0051,7,451.5
ORD002940,2025-02-13,SKU0052,4,568.8
ORD002941,2025-02-13,SKU0053,1,213.7
ORD002942,2025-02-13,SKU0054,7,172.97
ORD002943,2025-02-13,SKU0055,5,786.45
ORD002944,2025-02-13,SKU0056,7,432.64
ORD002945,2025-02-13,SKU0057,3,238.23
ORD002946,2025-02-13,SKU0058,1,797.15
ORD002947,2025-02-13,SKU0060,3,464.3
ORD002948,2025-02-13,SKU0062,1,183.42
ORD002949,2025-02-13,SKU0063,1,251.94
ORD002950,2025-02-13,SKU0064,3,572.27
ORD002951,2025-02-13,SKU0067,3,347.43
ORD002952,2025-02-13,SKU0069,1,686.71
ORD002953,2025-02-13,SKU0070,7,751.08
ORD002954,2025-02-13,SKU0071,8,636.86
ORD002955,2025-02-13,SKU0072,5,548.43
ORD002956,2025-02-13,SKU0076,8,779.98
ORD002957,2025-02-13,SKU0078,2,272.08
ORD002958,2025-02-13,SKU0079,2,409.07
ORD002959,2025-02-13,SKU0080,7,380.8
ORD002960,2025-02-14,SKU0002,5,225.54
ORD002961,2025-02-14,SKU0005,1,464.16
ORD002962,2025-02-14,SKU0006,4,346.92
ORD002963,2025-02-14,SKU0007,3,89.32
ORD002964,2025-02-14,SKU0008,9,232.98
ORD002965,2025-02-14,SKU0009,2,227.63
ORD002966,2025-02-14,SKU0010,9,569.19
ORD002967,2025-02-14,SKU0012,1,152.55
ORD002968,2025-02-14,SKU0013,2,798.28
ORD002969,2025-02-14,SKU0014,5,242.75
ORD002970,2025-02-14,SKU0015,6,782.23
ORD002971,2025-02-14,SKU0016,3,352.39
ORD002972,2025-02-14,SKU0017,4,65.12
ORD002973,2025-02-14,SKU0018,3,302.25
ORD002974,2025-02-14,SKU0019,6,522.11
ORD002975,2025-02-14,SKU0020,4,557.34
ORD002976,2025-02-14,SKU0021,5,443.51
ORD002977,2025-02-14,SKU0022,2,380.32
ORD002978,2025-02-14,SKU0023,4,460.2
ORD002979,2025-02-14,SKU0024,4,490.45
ORD002980,2025-02-14,SKU0025,1,101.45
ORD002981,2025-02-14,SKU0026,7,320.94
ORD002982,2025-02-14,SKU0028,5,650.39
ORD002983,2025-02-14,SKU0029,7,397.43
ORD002984,2025-02-14,SKU0032,1,660.49
ORD002985,2025-02-14,SKU0033,4,646.74
ORD002986,2025-02-14,SKU0034,2,154.55
ORD002987,2025-02-14,SKU0037,6,692.35
ORD002988,2025-02-14,SKU0039,6,207.38
ORD002989,2025-02-14,SKU0042,4,304.99
ORD002990,2025-02-14,SKU0044,4,754.8
ORD002991,2025-02-14,SKU0045,2,342.15
ORD002992,2025-02-14,SKU0046,2,433.49
ORD002993,2025-02-14,SKU0047,3,676.66
ORD002994,2025-02-14,SKU0049,5,598.76
ORD002995,2025-02-14,SKU0050,5,198.89
ORD002996,2025-02-14,SKU0051,8,451.5
ORD002997,2025-02-14,SKU0054,1,172.97
ORD002998,2025-02-14,SKU0055,1,786.45
ORD002999,2025-02-14,SKU0057,1,238.23
ORD003000,2025-02-14,SKU0058,3,797.15
ORD003001,2025-02-14,SKU0062,2,183.42
ORD003002,2025-02-14,SKU0067,6,347.43
ORD003003,2025-02-14,SKU0069,2,686.71
ORD003004,2025-02-14,SKU0071,5,636.86
ORD003005,2025-02-14,SKU0072,2,548.43
ORD003006,2025-02-14,SKU0073,2,481.32
ORD003007,2025-02-14,SKU0075,3,754.5
ORD003008,2025-02-14,SKU0076,10,779.98
ORD003009,2025-02-14,SKU0078,4,272.08
ORD003010,2025-02-14,SKU0079,3,409.07
ORD003011,2025-02-14,SKU0080,5,380.8
ORD003012,2025-02-15,SKU0001,3,244.75
ORD003013,2025-02-15,SKU0002,2,225.54
ORD003014,2025-02-15,SKU0004,4,206.26
ORD003015,2025-02-15,SKU0005,6,464.16
ORD003016,2025-02-15,SKU0006,6,346.92
ORD003017,2025-02-15,SKU0007,6,89.32
ORD003018,2025-02-15,SKU0008,7,232.98
ORD003019,2025-02-15,SKU0009,6,227.63
ORD003020,2025-02-15,SKU0010,1,569.19
ORD003021,2025-02-15,SKU0012,7,152.55
ORD003022,2025-02-15,SKU0014,8,242.75
ORD003023,2025-02-15,SKU0015,1,782.23
ORD003024,2025-02-15,SKU0016,2,352.39
ORD003025,2025-02-15,SKU0017,1,65.12
ORD003026,2025-02-15,SKU0018,4,302.25
ORD003027,2025-02-15,SKU0020,4,557.34
ORD003028,2025-02-15,SKU0021,5,443.51
ORD003029,2025-02-15,SKU0022,5,380.32
ORD003030,2025-02-15,SKU0023,6,460.2
ORD003031,2025-02-15,SKU0024,5,490.45
ORD003032,2025-02-15,SKU0025,2,101.45
ORD003033,2025-02-15,SKU0026,4,320.94
ORD003034,2025-02-15,SKU0028,2,650.39
ORD003035,2025-02-15,SKU0029,1,397.43
ORD003036,2025-02-15,SKU0030,2,787.4
ORD003037,2025-02-15,SKU0032,1,660.49
ORD003038,2025-02-15,SKU0033,3,646.74
ORD003039,2025-02-15,SKU0037,1,692.35
ORD003040,2025-02-15,SKU0039,1,207.38
ORD003041,2025-02-15,SKU0042,3,304.99
ORD003042,2025-02-15,SKU0043,3,113.09
ORD003043,2025-02-15,SKU0045,8,342.15
ORD003044,2025-02-15,SKU0047,6,676.66
ORD003045,2025-02-15,SKU0048,4,553.52
ORD003046,2025-02-15,SKU0049,2,598.76
ORD003047,2025-02-15,SKU0050,5,198.89
ORD003048,2025-02-15,SKU0051,1,451.5
ORD003049,2025-02-15,SKU0052,2,568.8
ORD003050,2025-02-15,SKU0053,1,213.7
ORD003051,2025-02-15,SKU0054,1,172.97
ORD003052,2025-02-15,SKU0055,1,786.45
ORD003053,2025-02-15,SKU0056,2,432.64
ORD003054,2025-02-15,SKU0057,2,238.23
ORD003055,2025-02-15,SKU0058,5,797.15
ORD003056,2025-02-15,SKU0060,5,464.3
ORD003057,2025-02-15,SKU0062,1,183.42
ORD003058,2025-02-15,SKU0063,4,251.94
ORD003059,2025-02-15,SKU0064,1,572.27
ORD003060,2025-02-15,SKU0067,3,347.43
ORD003061,2025-02-15,SKU0069,7,686.71
ORD003062,2025-02-15,SKU0070,3,751.08
ORD003063,2025-02-15,SKU0071,1,636.86
ORD003064,2025-02-15,SKU0072,3,548.43
ORD003065,2025-02-15,SKU0075,3,754.5
ORD003066,2025-02-15,SKU0076,4,779.98
ORD003067,2025-02-15,SKU0079,2,409.07
ORD003068,2025-02-15,SKU0080,3,380.8
ORD003069,2025-02-16,SKU0001,3,244.75
ORD003070,2025-02-16,SKU0002,3,225.54
ORD003071,2025-02-16,SKU0004,2,206.26
ORD003072,2025-02-16,SKU0005,3,464.16
ORD003073,2025-02-16,SKU0007,3,89.32
ORD003074,2025-02-16,SKU0009,4,227.63
ORD003075,2025-02-16,SKU0010,5,569.19
ORD003076,2025-02-16,SKU0013,4,798.28
ORD003077,2025-02-16,SKU0014,6,242.75
ORD003078,2025-02-16,SKU0015,2,782.23
ORD003079,2025-02-16,SKU0016,2,352.39
ORD003080,2025-02-16,SKU0017,6,65.12
ORD003081,2025-02-16,SKU0018,1,302.25
ORD003082,2025-02-16,SKU0019,6,522.11
ORD003083,2025-02-16,SKU0020,7,557.34
ORD003084,2025-02-16,SKU0021,3,443.51
ORD003085,2025-02-16,SKU0022,5,380.32
ORD003086,2025-02-16,SKU0023,4,460.2
ORD003087,2025-02-16,SKU0024,1,490.45
ORD003088,2025-02-16,SKU0025,5,101.45
ORD003089,2025-02-16,SKU0026,3,320.94
ORD003090,2025-02-16,SKU0028,6,650.39
ORD003091,2025-02-16,SKU0029,3,397.43
ORD003092,2025-02-16,SKU0030,3,787.4
ORD003093,2025-02-16,SKU0032,8,660.49
ORD003094,2025-02-16,SKU0033,1,646.74
ORD003095,2025-02-16,SKU0034,5,154.55
ORD003096,2025-02-16,SKU0036,3,568.82
ORD003097,2025-02-16,SKU0037,2,692.35
ORD003098,2025-02-16,SKU0042,1,304.99
ORD003099,2025-02-16,SKU0043,4,113.09
ORD003100,2025-02-16,SKU0044,12,754.8
ORD003101,2025-02-16,SKU0046,6,433.49
ORD003102,2025-02-16,SKU0047,1,676.66
ORD003103,2025-02-16,SKU0048,1,553.52
ORD003104,2025-02-16,SKU0049,4,598.76
ORD003105,2025-02-16,SKU0051,3,451.5
ORD003106,2025-02-16,SKU0052,3,568.8
ORD003107,2025-02-16,SKU0053,4,213.7
ORD003108,2025-02-16,SKU0054,2,172.97
ORD003109,2025-02-16,SKU0055,4,786.45
ORD003110,2025-02-16,SKU0056,3,432.64
ORD003111,2025-02-16,SKU0057,2,238.23
ORD003112,2025-02-16,SKU0058,4,797.15
ORD003113,2025-02-16,SKU0060,1,464.3
ORD003114,2025-02-16,SKU0063,3,251.94
ORD003115,2025-02-16,SKU0064,6,572.27
ORD003116,2025-02-16,SKU0069,2,686.71
ORD003117,2025-02-16,SKU0071,4,636.86
ORD003118,2025-02-16,SKU0072,5,548.43
ORD003119,2025-02-16,SKU0073,6,481.32
ORD003120,2025-02-16,SKU0075,4,754.5
ORD003121,2025-02-16,SKU0078,2,272.08
ORD003122,2025-02-16,SKU0079,5,409.07
ORD003123,2025-02-16,SKU0080,3,380.8
ORD003124,2025-02-17,SKU0001,1,244.75
ORD003125,2025-02-17,SKU0002,3,225.54
ORD003126,2025-02-17,SKU0004,4,206.26
ORD003127,2025-02-17,SKU0005,3,464.16
ORD003128,2025-02-17,SKU0007,6,89.32
ORD003129,2025-02-17,SKU0008,9,232.98
ORD003130,2025-02-17,SKU0010,5,569.19
ORD003131,2025-02-17,SKU0012,4,152.55
ORD003132,2025-02-17,SKU0013,3,798.28
ORD003133,2025-02-17,SKU0014,4,242.75
ORD003134,2025-02-17,SKU0015,4,782.23
ORD003135,2025-02-17,SKU0017,2,65.12
ORD003136,2025-02-17,SKU0019,2,522.11
ORD003137,2025-02-17,SKU0020,1,557.34
ORD003138,2025-02-17,SKU0022,2,380.32
ORD003139,2025-02-17,SKU0024,4,490.45
ORD003140,2025-02-17,SKU0025,5,101.45
ORD003141,2025-02-17,SKU0026,1,320.94
ORD003142,2025-02-17,SKU0028,6,650.39
ORD003143,2025-02-17,SKU0029,1,397.43
ORD003144,2025-02-17,SKU0030,5,787.4
ORD003145,2025-02-17,SKU0033,2,646.74
ORD003146,2025-02-17,SKU0034,1,154.55
ORD003147,2025-02-17,SKU0036,3,568.82
ORD003148,2025-02-17,SKU0037,2,692.35
ORD003149,2025-02-17,SKU0039,3,207.38
ORD003150,2025-02-17,SKU0042,5,304.99
ORD003151,2025-02-17,SKU0043,1,113.09
ORD003152,2025-02-17,SKU0044,2,754.8
ORD003153,2025-02-17,SKU0045,3,342.15
ORD003154,2025-02-17,SKU0046,4,433.49
ORD003155,2025-02-17,SKU0048,1,553.52
ORD003156,2025-02-17,SKU0049,10,598.76
ORD003157,2025-02-17,SKU0051,5,451.5
ORD003158,2025-02-17,SKU0052,4,568.8
ORD003159,2025-02-17,SKU0054,6,172.97
ORD003160,2025-02-17,SKU0055,1,786.45
ORD003161,2025-02-17,SKU0056,8,432.64
ORD003162,2025-02-17,SKU0058,4,797.15
ORD003163,2025-02-17,SKU0060,1,464.3
ORD003164,2025-02-17,SKU0062,3,183.42
ORD003165,2025-02-17,SKU0063,1,251.94
ORD003166,2025-02-17,SKU0064,5,572.27
ORD003167,2025-02-17,SKU0067,6,347.43
ORD003168,2025-02-17,SKU0069,3,686.71
ORD003169,2025-02-17,SKU0070,2,751.08
ORD003170,2025-02-17,SKU0071,3,636.86
ORD003171,2025-02-17,SKU0072,1,548.43
ORD003172,2025-02-17,SKU0073,9,481.32
ORD003173,2025-02-17,SKU0075,4,754.5
ORD003174,2025-02-17,SKU0076,5,779.98
ORD003175,2025-02-17,SKU0078,2,272.08
ORD003176,2025-02-17,SKU0079,4,409.07
ORD003177,2025-02-17,SKU0080,5,380.8
ORD003178,2025-02-18,SKU0001,3,244.75
ORD003179,2025-02-18,SKU0002,4,225.54
ORD003180,2025-02-18,SKU0004,4,206.26
ORD003181,2025-02-18,SKU0005,3,464.16
ORD003182,2025-02-18,SKU0006,3,346.92
ORD003183,2025-02-18,SKU0007,1,89.32
ORD003184,2025-02-18,SKU0008,2,232.98
ORD003185,2025-02-18,SKU0009,3,227.63
ORD003186,2025-02-18,SKU0010,2,569.19
ORD003187,2025-02-18,SKU0012,8,152.55
ORD003188,2025-02-18,SKU0013,3,798.28
ORD003189,2025-02-18,SKU0014,4,242.75
ORD003190,2025-02-18,SKU0015,8,782.23
ORD003191,2025-02-18,SKU0016,2,352.39
ORD003192,2025-02-18,SKU0017,5,65.12
ORD003193,2025-02-18,SKU0019,8,522.11
ORD003194,2025-02-18,SKU0020,7,557.34
ORD003195,2025-02-18,SKU0021,3,443.51
ORD003196,2025-02-18,SKU0022,10,380.32
ORD003197,2025-02-18,SKU0023,1,460.2
ORD003198,2025-02-18,SKU0024,2,490.45
ORD003199,2025-02-18,SKU0025,1,101.45
ORD003200,2025-02-18,SKU0026,5,320.94
ORD003201,2025-02-18,SKU0028,7,650.39
ORD003202,2025-02-18,SKU0029,3,397.43
ORD003203,2025-02-18,SKU0030,7,787.4
ORD003204,2025-02-18,SKU0032,2,660.49
ORD003205,2025-02-18,SKU0033,4,646.74
ORD003206,2025-02-18,SKU0034,1,154.55
ORD003207,2025-02-18,SKU0036,5,568.82
ORD003208,2025-02-18,SKU0037,3,692.35
ORD003209,2025-02-18,SKU0039,3,207.38
ORD003210,2025-02-18,SKU0042,6,304.99
ORD003211,2025-02-18,SKU0043,7,113.09
ORD003212,2025-02-18,SKU0044,7,754.8
ORD003213,2025-02-18,SKU0045,2,342.15
ORD003214,2025-02-18,SKU0047,5,676.66
ORD003215,2025-02-18,SKU0048,1,553.52
ORD003216,2025-02-18,SKU0049,2,598.76
ORD003217,2025-02-18,SKU0050,2,198.89
ORD003218,2025-02-18,SKU0051,2,451.5
ORD003219,2025-02-18,SKU0052,4,568.8
ORD003220,2025-02-18,SKU0053,6,213.7
ORD003221,2025-02-18,SKU0054,4,172.97
ORD003222,2025-02-18,SKU0055,3,786.45
ORD003223,2025-02-18,SKU0056,3,432.64
ORD003224,2025-02-18,SKU0057,4,238.23
ORD003225,2025-02-18,SKU0058,3,797.15
ORD003226,2025-02-18,SKU0060,1,464.3
ORD003227,2025-02-18,SKU0062,4,183.42
ORD003228,2025-02-18,SKU0063,2,251.94
ORD003229,2025-02-18,SKU0064,3,572.27
ORD003230,2025-02-18,SKU0069,3,686.71
ORD003231,2025-02-18,SKU0070,4,751.08
ORD003232,2025-02-18,SKU0071,1,636.86
ORD003233,2025-02-18,SKU0072,3,548.43
ORD003234,2025-02-18,SKU0073,2,481.32
ORD003235,2025-02-18,SKU0075,1,754.5
ORD003236,2025-02-18,SKU0076,3,779.98
ORD003237,2025-02-18,SKU0078,3,272.08
ORD003238,2025-02-18,SKU0079,4,409.07
ORD003239,2025-02-18,SKU0080,4,380.8
ORD003240,2025-02-19,SKU0001,6,244.75
ORD003241,2025-02-19,SKU0002,4,225.54
ORD003242,2025-02-19,SKU0004,3,206.26
ORD003243,2025-02-19,SKU0005,2,464.16
ORD003244,2025-02-19,SKU0007,4,89.32
ORD003245,2025-02-19,SKU0008,1,232.98
ORD003246,2025-02-19,SKU0009,9,227.63
ORD003247,2025-02-19,SKU0010,2,569.19
ORD003248,2025-02-19,SKU0012,2,152.55
ORD003249,2025-02-19,SKU0013,2,798.28
ORD003250,2025-02-19,SKU0014,5,242.75
ORD003251,2025-02-19,SKU0015,4,782.23
ORD003252,2025-02-19,SKU0016,7,352.39
ORD003253,2025-02-19,SKU0017,3,65.12
ORD003254,2025-02-19,SKU0018,6,302.25
ORD003255,2025-02-19,SKU0019,3,522.11
ORD003256,2025-02-19,SKU0020,4,557.34
ORD003257,2025-02-19,SKU0021,4,443.51
ORD003258,2025-02-19,SKU0022,7,380.32
ORD003259,2025-02-19,SKU0023,2,460.2
ORD003260,2025-02-19,SKU0024,1,490.45
ORD003261,2025-02-19,SKU0025,1,101.45
ORD003262,2025-02-19,SKU0026,2,320.94
ORD003263,2025-02-19,SKU0028,1,650.39
ORD003264,2025-02-19,SKU0029,1,397.43
ORD003265,2025-02-19,SKU0030,3,787.4
ORD003266,2025-02-19,SKU0032,4,660.49
ORD003267,2025-02-19,SKU0033,1,646.74
ORD003268,2025-02-19,SKU0036,1,568.82
ORD003269,2025-02-19,SKU0039,4,207.38
ORD003270,2025-02-19,SKU0043,8,113.09
ORD003271,2025-02-19,SKU0044,5,754.8
ORD003272,2025-02-19,SKU0045,3,342.15
ORD003273,2025-02-19,SKU0046,1,433.49
ORD003274,2025-02-19,SKU0048,5,553.52
ORD003275,2025-02-19,SKU0049,3,598.76
ORD003276,2025-02-19,SKU0050,6,198.89
ORD003277,2025-02-19,SKU0051,4,451.5
ORD003278,2025-02-19,SKU0053,5,213.7
ORD003279,2025-02-19,SKU0055,4,786.45
ORD003280,2025-02-19,SKU0056,5,432.64
ORD003281,2025-02-19,SKU0057,2,238.23
ORD003282,2025-02-19,SKU0058,6,797.15
ORD003283,2025-02-19,SKU0060,8,464.3
ORD003284,2025-02-19,SKU0063,7,251.94
ORD003285,2025-02-19,SKU0064,1,572.27
ORD003286,2025-02-19,SKU0067,2,347.43
ORD003287,2025-02-19,SKU0069,1,686.71
ORD003288,2025-02-19,SKU0072,3,548.43
ORD003289,2025-02-19,SKU0075,8,754.5
ORD003290,2025-02-19,SKU0076,3,779.98
ORD003291,2025-02-19,SKU0078,5,272.08
ORD003292,2025-02-19,SKU0079,6,409.07
ORD003293,2025-02-19,SKU0080,4,380.8
ORD003294,2025-02-20,SKU0001,5,244.75
ORD003295,2025-02-20,SKU0002,3,225.54
ORD003296,2025-02-20,SKU0004,3,206.26
ORD003297,2025-02-20,SKU0005,1,464.16
ORD003298,2025-02-20,SKU0006,2,346.92
ORD003299,2025-02-20,SKU0007,4,89.32
ORD003300,2025-02-20,SKU0008,4,232.98
ORD003301,2025-02-20,SKU0009,3,227.63
ORD003302,2025-02-20,SKU0012,1,152.55
ORD003303,2025-02-20,SKU0013,5,798.28
ORD003304,2025-02-20,SKU0014,5,242.75
ORD003305,2025-02-20,SKU0015,6,782.23
ORD003306,2025-02-20,SKU0016,2,352.39
ORD003307,2025-02-20,SKU0017,3,65.12
ORD003308,2025-02-20,SKU0018,1,302.25
ORD003309,2025-02-20,SKU0019,3,522.11
ORD003310,2025-02-20,SKU0020,1,557.34
ORD003311,2025-02-20,SKU0021,3,443.51
ORD003312,2025-02-20,SKU0022,3,380.32
ORD003313,2025-02-20,SKU0023,5,460.2
ORD003314,2025-02-20,SKU0024,5,490.45
ORD003315,2025-02-20,SKU0026,4,320.94
ORD003316,2025-02-20,SKU0028,1,650.39
ORD003317,2025-02-20,SKU0029,4,397.43
ORD003318,2025-02-20,SKU0032,1,660.49
ORD003319,2025-02-20,SKU0033,3,646.74
ORD003320,2025-02-20,SKU0034,5,154.55
ORD003321,2025-02-20,SKU0036,3,568.82
ORD003322,2025-02-20,SKU0039,4,207.38
ORD003323,2025-02-20,SKU0042,4,304.99
ORD003324,2025-02-20,SKU0043,2,113.09
ORD003325,2025-02-20,SKU0044,5,754.8
ORD003326,2025-02-20,SKU0045,5,342.15
ORD003327,2025-02-20,SKU0046,1,433.49
ORD003328,2025-02-20,SKU0047,1,676.66
ORD003329,2025-02-20,SKU0050,2,198.89
ORD003330,2025-02-20,SKU0051,3,451.5
ORD003331,2025-02-20,SKU0052,6,568.8
ORD003332,2025-02-20,SKU0053,3,213.7
ORD003333,2025-02-20,SKU0054,4,172.97
ORD003334,2025-02-20,SKU0055,1,786.45
ORD003335,2025-02-20,SKU0056,1,432.64
ORD003336,2025-02-20,SKU0057,3,238.23
ORD003337,2025-02-20,SKU0058,5,797.15
ORD003338,2025-02-20,SKU0062,5,183.42
ORD003339,2025-02-20,SKU0063,5,251.94
ORD003340,2025-02-20,SKU0064,1,572.27
ORD003341,2025-02-20,SKU0067,8,347.43
ORD003342,2025-02-20,SKU0069,1,686.71
ORD003343,2025-02-20,SKU0071,6,636.86
ORD003344,2025-02-20,SKU0072,5,548.43
ORD003345,2025-02-20,SKU0075,3,754.5
ORD003346,2025-02-20,SKU0076,4,779.98
ORD003347,2025-02-20,SKU0078,1,272.08
ORD003348,2025-02-20,SKU0080,3,380.8
ORD003349,2025-02-21,SKU0001,4,244.75
ORD003350,2025-02-21,SKU0002,1,225.54
ORD003351,2025-02-21,SKU0004,4,206.26
ORD003352,2025-02-21,SKU0005,11,464.16
ORD003353,2025-02-21,SKU0006,2,346.92
ORD003354,2025-02-21,SKU0007,5,89.32
ORD003355,2025-02-21,SKU0008,1,232.98
ORD003356,2025-02-21,SKU0009,1,227.63
ORD003357,2025-02-21,SKU0010,4,569.19
ORD003358,2025-02-21,SKU0013,4,798.28
ORD003359,2025-02-21,SKU0014,2,242.75
ORD003360,2025-02-21,SKU0015,5,782.23
ORD003361,2025-02-21,SKU0016,6,352.39
ORD003362,2025-02-21,SKU0017,3,65.12
ORD003363,2025-02-21,SKU0018,6,302.25
ORD003364,2025-02-21,SKU0019,6,522.11
ORD003365,2025-02-21,SKU0020,10,557.34
ORD003366,2025-02-21,SKU0021,3,443.51
ORD003367,2025-02-21,SKU0022,3,380.32
ORD003368,2025-02-21,SKU0023,10,460.2
ORD003369,2025-02-21,SKU0024,3,490.45
ORD003370,2025-02-21,SKU0025,3,101.45
ORD003371,2025-02-21,SKU0026,3,320.94
ORD003372,2025-02-21,SKU0028,6,650.39
ORD003373,2025-02-21,SKU0030,4,787.4
ORD003374,2025-02-21,SKU0032,11,660.49
ORD003375,2025-02-21,SKU0033,3,646.74
ORD003376,2025-02-21,SKU0034,2,154.55
ORD003377,2025-02-21,SKU0036,1,568.82
ORD003378,2025-02-21,SKU0037,5,692.35
ORD003379,2025-02-21,SKU0039,3,207.38
ORD003380,2025-02-21,SKU0042,5,304.99
ORD003381,2025-02-21,SKU0043,3,113.09
ORD003382,2025-02-21,SKU0045,7,342.15
ORD003383,2025-02-21,SKU0046,7,433.49
ORD003384,2025-02-21,SKU0047,1,676.66
ORD003385,2025-02-21,SKU0048,3,553.52
ORD003386,2025-02-21,SKU0049,5,598.76
ORD003387,2025-02-21,SKU0050,4,198.89
ORD003388,2025-02-21,SKU0051,8,451.5
ORD003389,2025-02-21,SKU0053,9,213.7
ORD003390,2025-02-21,SKU0054,2,172.97
ORD003391,2025-02-21,SKU0055,7,786.45
ORD003392,2025-02-21,SKU0056,1,432.64
ORD003393,2025-02-21,SKU0057,3,238.23
ORD003394,2025-02-21,SKU0058,1,797.15
ORD003395,2025-02-21,SKU0060,3,464.3
ORD003396,2025-02-21,SKU0062,5,183.42
ORD003397,2025-02-21,SKU0064,4,572.27
ORD003398,2025-02-21,SKU0067,4,347.43
ORD003399,2025-02-21,SKU0069,6,686.71
ORD003400,2025-02-21,SKU0070,2,751.08
ORD003401,2025-02-21,SKU0071,3,636.86
ORD003402,2025-02-21,SKU0072,3,548.43
ORD003403,2025-02-21,SKU0075,2,754.5
ORD003404,2025-02-21,SKU0076,2,779.98
ORD003405,2025-02-21,SKU0078,2,272.08
ORD003406,2025-02-21,SKU0079,3,409.07
ORD003407,2025-02-21,SKU0080,5,380.8
ORD003408,2025-02-22,SKU0001,3,244.75
ORD003409,2025-02-22,SKU0002,4,225.54
ORD003410,2025-02-22,SKU0004,4,206.26
ORD003411,2025-02-22,SKU0005,5,464.16
ORD003412,2025-02-22,SKU0006,3,346.92
ORD003413,2025-02-22,SKU0007,5,89.32
ORD003414,2025-02-22,SKU0008,3,232.98
ORD003415,2025-02-22,SKU0009,4,227.63
ORD003416,2025-02-22,SKU0010,4,569.19
ORD003417,2025-02-22,SKU0012,6,152.55
ORD003418,2025-02-22,SKU0013,8,798.28
ORD003419,2025-02-22,SKU0014,3,242.75
ORD003420,2025-02-22,SKU0016,7,352.39
ORD003421,2025-02-22,SKU0017,5,65.12
ORD003422,2025-02-22,SKU0018,5,302.25
ORD003423,2025-02-22,SKU0019,5,522.11
ORD003424,2025-02-22,SKU0020,6,557.34
ORD003425,2025-02-22,SKU0021,4,443.51
ORD003426,2025-02-22,SKU0022,2,380.32
ORD003427,2025-02-22,SKU0023,4,460.2
ORD003428,2025-02-22,SKU0024,1,490.45
ORD003429,2025-02-22,SKU0025,2,101.45
ORD003430,2025-02-22,SKU0026,5,320.94
ORD003431,2025-02-22,SKU0028,3,650.39
ORD003432,2025-02-22,SKU0029,2,397.43
ORD003433,2025-02-22,SKU0030,5,787.4
ORD003434,2025-02-22,SKU0032,3,660.49
ORD003435,2025-02-22,SKU0033,3,646.74
ORD003436,2025-02-22,SKU0034,5,154.55
ORD003437,2025-02-22,SKU0036,3,568.82
ORD003438,2025-02-22,SKU0037,6,692.35
ORD003439,2025-02-22,SKU0039,3,207.38
ORD003440,2025-02-22,SKU0042,1,304.99
ORD003441,2025-02-22,SKU0043,7,113.09
ORD003442,2025-02-22,SKU0044,2,754.8
ORD003443,2025-02-22,SKU0045,2,342.15
ORD003444,2025-02-22,SKU0046,3,433.49
ORD003445,2025-02-22,SKU0047,3,676.66
ORD003446,2025-02-22,SKU0048,3,553.52
ORD003447,2025-02-22,SKU0049,3,598.76
ORD003448,2025-02-22,SKU0051,6,451.5
ORD003449,2025-02-22,SKU0052,3,568.8
ORD003450,2025-02-22,SKU0054,3,172.97
ORD003451,2025-02-22,SKU0055,3,786.45
ORD003452,2025-02-22,SKU0056,2,432.64
ORD003453,2025-02-22,SKU0057,1,238.23
ORD003454,2025-02-22,SKU0058,7,797.15
ORD003455,2025-02-22,SKU0060,5,464.3
ORD003456,2025-02-22,SKU0062,3,183.42
ORD003457,2025-02-22,SKU0063,2,251.94
ORD003458,2025-02-22,SKU0064,2,572.27
ORD003459,2025-02-22,SKU0067,4,347.43
ORD003460,2025-02-22,SKU0069,2,686.71
ORD003461,2025-02-22,SKU0070,3,751.08
ORD003462,2025-02-22,SKU0071,4,636.86
ORD003463,2025-02-22,SKU0072,2,548.43
ORD003464,2025-02-22,SKU0073,4,481.32
ORD003465,2025-02-22,SKU0075,6,754.5
ORD003466,2025-02-22,SKU0076,4,779.98
ORD003467,2025-02-22,SKU0078,2,272.08
ORD003468,2025-02-22,SKU0079,2,409.07
ORD003469,2025-02-22,SKU0080,1,380.8
ORD003470,2025-02-23,SKU0001,5,244.75
ORD003471,2025-02-23,SKU0002,3,225.54
ORD003472,2025-02-23,SKU0004,1,206.26
ORD003473,2025-02-23,SKU0005,4,464.16
ORD003474,2025-02-23,SKU0006,3,346.92
ORD003475,2025-02-23,SKU0007,1,89.32
ORD003476,2025-02-23,SKU0008,5,232.98
ORD003477,2025-02-23,SKU0009,2,227.63
ORD003478,2025-02-23,SKU0010,3,569.19
ORD003479,2025-02-23,SKU0013,3,798.28
ORD003480,2025-02-23,SKU0014,2,242.75
ORD003481,2025-02-23,SKU0016,6,352.39
ORD003482,2025-02-23,SKU0017,4,65.12
ORD003483,2025-02-23,SKU0018,2,302.25
ORD003484,2025-02-23,SKU0019,8,522.11
ORD003485,2025-02-23,SKU0020,4,557.34
ORD003486,2025-02-23,SKU0021,6,443.51
ORD003487,2025-02-23,SKU0022,4,380.32
ORD003488,2025-02-23,SKU0023,1,460.2
ORD003489,2025-02-23,SKU0024,6,490.45
ORD003490,2025-02-23,SKU0025,3,101.45
ORD003491,2025-02-23,SKU0026,2,320.94
ORD003492,2025-02-23,SKU0030,3,787.4
ORD003493,2025-02-23,SKU0032,1,660.49
ORD003494,2025-02-23,SKU0033,4,646.74
ORD003495,2025-02-23,SKU0034,2,154.55
ORD003496,2025-02-23,SKU0036,1,568.82
ORD003497,2025-02-23,SKU0037,3,692.35
ORD003498,2025-02-23,SKU0039,1,207.38
ORD003499,2025-02-23,SKU0042,2,304.99
ORD003500,2025-02-23,SKU0043,8,113.09
ORD003501,2025-02-23,SKU0044,12,754.8
ORD003502,2025-02-23,SKU0045,1,342.15
ORD003503,2025-02-23,SKU0046,2,433.49
ORD003504,2025-02-23,SKU0048,7,553.52
ORD003505,2025-02-23,SKU0049,4,598.76
ORD003506,2025-02-23,SKU0050,3,198.89
ORD003507,2025-02-23,SKU0051,1,451.5
ORD003508,2025-02-23,SKU0053,6,213.7
ORD003509,2025-02-23,SKU0054,1,172.97
ORD003510,2025-02-23,SKU0055,6,786.45
ORD003511,2025-02-23,SKU0056,6,432.64
ORD003512,2025-02-23,SKU0057,1,238.23
ORD003513,2025-02-23,SKU0058,4,797.15
ORD003514,2025-02-23,SKU0060,2,464.3
ORD003515,2025-02-23,SKU0062,2,183.42
ORD003516,2025-02-23,SKU0063,7,251.94
ORD003517,2025-02-23,SKU0064,1,572.27
ORD003518,2025-02-23,SKU0067,5,347.43
ORD003519,2025-02-23,SKU0069,1,686.71
ORD003520,2025-02-23,SKU0070,6,751.08
ORD003521,2025-02-23,SKU0071,2,636.86
ORD003522,2025-02-23,SKU0072,5,548.43
ORD003523,2025-02-23,SKU0073,4,481.32
ORD003524,2025-02-23,SKU0075,7,754.5
ORD003525,2025-02-23,SKU0076,1,779.98
ORD003526,2025-02-23,SKU0078,1,272.08
ORD003527,2025-02-23,SKU0080,7,380.8
ORD003528,2025-02-24,SKU0001,6,244.75
ORD003529,2025-02-24,SKU0004,5,206.26
ORD003530,2025-02-24,SKU0005,3,464.16
ORD003531,2025-02-24,SKU0006,1,346.92
ORD003532,2025-02-24,SKU0007,2,89.32
ORD003533,2025-02-24,SKU0008,3,232.98
ORD003534,2025-02-24,SKU0009,3,227.63
ORD003535,2025-02-24,SKU0012,2,152.55
ORD003536,2025-02-24,SKU0013,2,798.28
ORD003537,2025-02-24,SKU0015,2,782.23
ORD003538,2025-02-24,SKU0016,2,352.39
ORD003539,2025-02-24,SKU0017,2,65.12
ORD003540,2025-02-24,SKU0018,4,302.25
ORD003541,2025-02-24,SKU0019,4,522.11
ORD003542,2025-02-24,SKU0020,11,557.34
ORD003543,2025-02-24,SKU0021,6,443.51
ORD003544,2025-02-24,SKU0022,2,380.32
ORD003545,2025-02-24,SKU0023,1,460.2
ORD003546,2025-02-24,SKU0024,3,490.45
ORD003547,2025-02-24,SKU0025,2,101.45
ORD003548,2025-02-24,SKU0026,3,320.94
ORD003549,2025-02-24,SKU0028,2,650.39
ORD003550,2025-02-24,SKU0029,3,397.43
ORD003551,2025-02-24,SKU0030,1,787.4
ORD003552,2025-02-24,SKU0032,5,660.49
ORD003553,2025-02-24,SKU0033,8,646.74
ORD003554,2025-02-24,SKU0034,6,154.55
ORD003555,2025-02-24,SKU0036,7,568.82
ORD003556,2025-02-24,SKU0037,5,692.35
ORD003557,2025-02-24,SKU0042,1,304.99
ORD003558,2025-02-24,SKU0043,1,113.09
ORD003559,2025-02-24,SKU0044,1,754.8
ORD003560,2025-02-24,SKU0045,3,342.15
ORD003561,2025-02-24,SKU0046,1,433.49
ORD003562,2025-02-24,SKU0047,3,676.66
ORD003563,2025-02-24,SKU0048,3,553.52
ORD003564,2025-02-24,SKU0049,1,598.76
ORD003565,2025-02-24,SKU0050,1,198.89
ORD003566,2025-02-24,SKU0051,3,451.5
ORD003567,2025-02-24,SKU0052,9,568.8
ORD003568,2025-02-24,SKU0053,2,213.7
ORD003569,2025-02-24,SKU0054,5,172.97
ORD003570,2025-02-24,SKU0055,2,786.45
ORD003571,2025-02-24,SKU0056,2,432.64
ORD003572,2025-02-24,SKU0057,2,238.23
ORD003573,2025-02-24,SKU0058,2,797.15
ORD003574,2025-02-24,SKU0060,3,464.3
ORD003575,2025-02-24,SKU0062,1,183.42
ORD003576,2025-02-24,SKU0063,3,251.94
ORD003577,2025-02-24,SKU0064,4,572.27
ORD003578,2025-02-24,SKU0067,2,347.43
ORD003579,2025-02-24,SKU0069,5,686.71
ORD003580,2025-02-24,SKU0070,5,751.08
ORD003581,2025-02-24,SKU0071,1,636.86
ORD003582,2025-02-24,SKU0072,3,548.43
ORD003583,2025-02-24,SKU0073,7,481.32
ORD003584,2025-02-24,SKU0075,4,754.5
ORD003585,2025-02-24,SKU0076,4,779.98
ORD003586,2025-02-24,SKU0078,1,272.08
ORD003587,2025-02-24,SKU0079,1,409.07
ORD003588,2025-02-25,SKU0001,9,244.75
ORD003589,2025-02-25,SKU0002,8,225.54
ORD003590,2025-02-25,SKU0004,2,206.26
ORD003591,2025-02-25,SKU0005,2,464.16
ORD003592,2025-02-25,SKU0006,3,346.92
ORD003593,2025-02-25,SKU0007,7,89.32
ORD003594,2025-02-25,SKU0008,8,232.98
ORD003595,2025-02-25,SKU0009,2,227.63
ORD003596,2025-02-25,SKU0010,8,569.19
ORD003597,2025-02-25,SKU0012,2,152.55
ORD003598,2025-02-25,SKU0013,2,798.28
ORD003599,2025-02-25,SKU0014,2,242.75
ORD003600,2025-02-25,SKU0015,3,782.23
ORD003601,2025-02-25,SKU0016,2,352.39
ORD003602,2025-02-25,SKU0017,1,65.12
ORD003603,2025-02-25,SKU0018,2,302.25
ORD003604,2025-02-25,SKU0019,3,522.11
ORD003605,2025-02-25,SKU0020,5,557.34
ORD003606,2025-02-25,SKU0021,6,443.51
ORD003607,2025-02-25,SKU0022,5,380.32
ORD003608,2025-02-25,SKU0023,7,460.2
ORD003609,2025-02-25,SKU0024,4,490.45
ORD003610,2025-02-25,SKU0025,1,101.45
ORD003611,2025-02-25,SKU0028,3,650.39
ORD003612,2025-02-25,SKU0029,7,397.43
ORD003613,2025-02-25,SKU0030,9,787.4
ORD003614,2025-02-25,SKU0032,9,660.49
ORD003615,2025-02-25,SKU0033,4,646.74
ORD003616,2025-02-25,SKU0034,1,154.55
ORD003617,2025-02-25,SKU0036,2,568.82
ORD003618,2025-02-25,SKU0037,4,692.35
ORD003619,2025-02-25,SKU0039,4,207.38
ORD003620,2025-02-25,SKU0042,7,304.99
ORD003621,2025-02-25,SKU0043,4,113.09
ORD003622,2025-02-25,SKU0044,6,754.8
ORD003623,2025-02-25,SKU0045,5,342.15
ORD003624,2025-02-25,SKU0046,4,433.49
ORD003625,2025-02-25,SKU0047,9,676.66
ORD003626,2025-02-25,SKU0049,2,598.76
ORD003627,2025-02-25,SKU0050,3,198.89
ORD003628,2025-02-25,SKU0051,2,451.5
ORD003629,2025-02-25,SKU0052,7,568.8
ORD003630,2025-02-25,SKU0053,1,213.7
ORD003631,2025-02-25,SKU0054,3,172.97
ORD003632,2025-02-25,SKU0055,3,786.45
ORD003633,2025-02-25,SKU0056,3,432.64
ORD003634,2025-02-25,SKU0057,1,238.23
ORD003635,2025-02-25,SKU0058,6,797.15
ORD003636,2025-02-25,SKU0060,4,464.3
ORD003637,2025-02-25,SKU0062,3,183.42
ORD003638,2025-02-25,SKU0064,3,572.27
ORD003639,2025-02-25,SKU0067,6,347.43
ORD003640,2025-02-25,SKU0070,5,751.08
ORD003641,2025-02-25,SKU0071,6,636.86
ORD003642,2025-02-25,SKU0072,2,548.43
ORD003643,2025-02-25,SKU0073,3,481.32
ORD003644,2025-02-25,SKU0075,3,754.5
ORD003645,2025-02-25,SKU0076,6,779.98
ORD003646,2025-02-25,SKU0078,1,272.08
ORD003647,2025-02-25,SKU0079,5,409.07
ORD003648,2025-02-25,SKU0080,3,380.8
ORD003649,2025-02-26,SKU0001,7,244.75
ORD003650,2025-02-26,SKU0004,1,206.26
ORD003651,2025-02-26,SKU0005,5,464.16
ORD003652,2025-02-26,SKU0006,2,346.92
ORD003653,2025-02-26,SKU0007,3,89.32
ORD003654,2025-02-26,SKU0008,6,232.98
ORD003655,2025-02-26,SKU0009,2,227.63
ORD003656,2025-02-26,SKU0012,6,152.55
ORD003657,2025-02-26,SKU0013,2,798.28
ORD003658,2025-02-26,SKU0014,6,242.75
ORD003659,2025-02-26,SKU0015,8,782.23
ORD003660,2025-02-26,SKU0016,1,352.39
ORD003661,2025-02-26,SKU0017,2,65.12
ORD003662,2025-02-26,SKU0019,3,522.11
ORD003663,2025-02-26,SKU0020,1,557.34
ORD003664,2025-02-26,SKU0021,5,443.51
ORD003665,2025-02-26,SKU0022,1,380.32
ORD003666,2025-02-26,SKU0023,4,460.2
ORD003667,2025-02-26,SKU0024,6,490.45
ORD003668,2025-02-26,SKU0025,5,101.45
ORD003669,2025-02-26,SKU0026,2,320.94
ORD003670,2025-02-26,SKU0028,5,650.39
ORD003671,2025-02-26,SKU0029,2,397.43
ORD003672,2025-02-26,SKU0032,2,660.49
ORD003673,2025-02-26,SKU0033,4,646.74
ORD003674,2025-02-26,SKU0036,4,568.82
ORD003675,2025-02-26,SKU0037,3,692.35
ORD003676,2025-02-26,SKU0039,2,207.38
ORD003677,2025-02-26,SKU0042,1,304.99
ORD003678,2025-02-26,SKU0043,4,113.09
ORD003679,2025-02-26,SKU0044,3,754.8
ORD003680,2025-02-26,SKU0045,6,342.15
ORD003681,2025-02-26,SKU0046,4,433.49
ORD003682,2025-02-26,SKU0047,8,676.66
ORD003683,2025-02-26,SKU0048,2,553.52
ORD003684,2025-02-26,SKU0049,8,598.76
ORD003685,2025-02-26,SKU0050,4,198.89
ORD003686,2025-02-26,SKU0051,6,451.5
ORD003687,2025-02-26,SKU0052,6,568.8
ORD003688,2025-02-26,SKU0053,3,213.7
ORD003689,2025-02-26,SKU0054,2,172.97
ORD003690,2025-02-26,SKU0055,4,786.45
ORD003691,2025-02-26,SKU0056,3,432.64
ORD003692,2025-02-26,SKU0057,5,238.23
ORD003693,2025-02-26,SKU0058,1,797.15
ORD003694,2025-02-26,SKU0060,1,464.3
ORD003695,2025-02-26,SKU0062,1,183.42
ORD003696,2025-02-26,SKU0063,2,251.94
ORD003697,2025-02-26,SKU0064,5,572.27
ORD003698,2025-02-26,SKU0067,7,347.43
ORD003699,2025-02-26,SKU0069,5,686.71
ORD003700,2025-02-26,SKU0070,7,751.08
ORD003701,2025-02-26,SKU0071,2,636.86
ORD003702,2025-02-26,SKU0072,2,548.43
ORD003703,2025-02-26,SKU0073,1,481.32
ORD003704,2025-02-26,SKU0075,5,754.5
ORD003705,2025-02-26,SKU0076,1,779.98
ORD003706,2025-02-26,SKU0078,1,272.08
ORD003707,2025-02-26,SKU0079,3,409.07
ORD003708,2025-02-26,SKU0080,5,380.8
ORD003709,2025-02-27,SKU0002,2,225.54
ORD003710,2025-02-27,SKU0004,1,206.26
ORD003711,2025-02-27,SKU0005,3,464.16
ORD003712,2025-02-27,SKU0007,2,89.32
ORD003713,2025-02-27,SKU0008,2,232.98
ORD003714,2025-02-27,SKU0009,6,227.63
ORD003715,2025-02-27,SKU0010,2,569.19
ORD003716,2025-02-27,SKU0012,2,152.55
ORD003717,2025-02-27,SKU0013,4,798.28
ORD003718,2025-02-27,SKU0014,2,242.75
ORD003719,2025-02-27,SKU0015,5,782.23
ORD003720,2025-02-27,SKU0016,2,352.39
ORD003721,2025-02-27,SKU0017,2,65.12
ORD003722,2025-02-27,SKU0018,3,302.25
ORD003723,2025-02-27,SKU0019,4,522.11
ORD003724,2025-02-27,SKU0020,3,557.34
ORD003725,2025-02-27,SKU0021,8,443.51
ORD003726,2025-02-27,SKU0022,5,380.32
ORD003727,2025-02-27,SKU0023,1,460.2
ORD003728,2025-02-27,SKU0024,4,490.45
ORD003729,2025-02-27,SKU0025,5,101.45
ORD003730,2025-02-27,SKU0026,10,320.94
ORD003731,2025-02-27,SKU0028,6,650.39
ORD003732,2025-02-27,SKU0030,8,787.4
ORD003733,2025-02-27,SKU0032,1,660.49
ORD003734,2025-02-27,SKU0033,2,646.74
ORD003735,2025-02-27,SKU0034,4,154.55
ORD003736,2025-02-27,SKU0036,3,568.82
ORD003737,2025-02-27,SKU0039,2,207.38
ORD003738,2025-02-27,SKU0042,2,304.99
ORD003739,2025-02-27,SKU0043,3,113.09
ORD003740,2025-02-27,SKU0044,2,754.8
ORD003741,2025-02-27,SKU0045,3,342.15
ORD003742,2025-02-27,SKU0046,3,433.49
ORD003743,2025-02-27,SKU0047,5,676.66
ORD003744,2025-02-27,SKU0048,3,553.52
ORD003745,2025-02-27,SKU0049,3,598.76
ORD003746,2025-02-27,SKU0050,3,198.89
ORD003747,2025-02-27,SKU0051,1,451.5
ORD003748,2025-02-27,SKU0052,3,568.8
ORD003749,2025-02-27,SKU0053,1,213.7
ORD003750,2025-02-27,SKU0054,7,172.97
ORD003751,2025-02-27,SKU0055,2,786.45
ORD003752,2025-02-27,SKU0058,3,797.15
ORD003753,2025-02-27,SKU0062,2,183.42
ORD003754,2025-02-27,SKU0063,7,251.94
ORD003755,2025-02-27,SKU0064,3,572.27
ORD003756,2025-02-27,SKU0067,7,347.43
ORD003757,2025-02-27,SKU0069,2,686.71
ORD003758,2025-02-27,SKU0070,6,751.08
ORD003759,2025-02-27,SKU0071,4,636.86
ORD003760,2025-02-27,SKU0072,5,548.43
ORD003761,2025-02-27,SKU0073,1,481.32
ORD003762,2025-02-27,SKU0075,1,754.5
ORD003763,2025-02-27,SKU0076,2,779.98
ORD003764,2025-02-27,SKU0078,1,272.08
ORD003765,2025-02-27,SKU0079,8,409.07
ORD003766,2025-02-27,SKU0080,4,380.8
ORD003767,2025-02-28,SKU0001,4,244.75
ORD003768,2025-02-28,SKU0002,4,225.54
ORD003769,2025-02-28,SKU0004,4,206.26
ORD003770,2025-02-28,SKU0005,5,464.16
ORD003771,2025-02-28,SKU0006,2,346.92
ORD003772,2025-02-28,SKU0007,5,89.32
ORD003773,2025-02-28,SKU0010,1,569.19
ORD003774,2025-02-28,SKU0012,11,152.55
ORD003775,2025-02-28,SKU0013,4,798.28
ORD003776,2025-02-28,SKU0014,2,242.75
ORD003777,2025-02-28,SKU0015,8,782.23
ORD003778,2025-02-28,SKU0016,3,352.39
ORD003779,2025-02-28,SKU0017,4,65.12
ORD003780,2025-02-28,SKU0018,5,302.25
ORD003781,2025-02-28,SKU0019,5,522.11
ORD003782,2025-02-28,SKU0020,2,557.34
ORD003783,2025-02-28,SKU0021,3,443.51
ORD003784,2025-02-28,SKU0022,5,380.32
ORD003785,2025-02-28,SKU0023,2,460.2
ORD003786,2025-02-28,SKU0025,6,101.45
ORD003787,2025-02-28,SKU0026,2,320.94
ORD003788,2025-02-28,SKU0028,1,650.39
ORD003789,2025-02-28,SKU0029,2,397.43
ORD003790,2025-02-28,SKU0032,5,660.49
ORD003791,2025-02-28,SKU0033,7,646.74
ORD003792,2025-02-28,SKU0034,6,154.55
ORD003793,2025-02-28,SKU0036,3,568.82
ORD003794,2025-02-28,SKU0037,1,692.35
ORD003795,2025-02-28,SKU0039,5,207.38
ORD003796,2025-02-28,SKU0042,3,304.99
ORD003797,2025-02-28,SKU0043,5,113.09
ORD003798,2025-02-28,SKU0044,9,754.8
ORD003799,2025-02-28,SKU0045,2,342.15
ORD003800,2025-02-28,SKU0046,1,433.49
ORD003801,2025-02-28,SKU0047,4,676.66
ORD003802,2025-02-28,SKU0048,1,553.52
ORD003803,2025-02-28,SKU0049,4,598.76
ORD003804,2025-02-28,SKU0050,1,198.89
ORD003805,2025-02-28,SKU0051,3,451.5
ORD003806,2025-02-28,SKU0053,2,213.7
ORD003807,2025-02-28,SKU0054,5,172.97
ORD003808,2025-02-28,SKU0055,6,786.45
ORD003809,2025-02-28,SKU0056,1,432.64
ORD003810,2025-02-28,SKU0057,4,238.23
ORD003811,2025-02-28,SKU0058,2,797.15
ORD003812,2025-02-28,SKU0060,6,464.3
ORD003813,2025-02-28,SKU0062,5,183.42
ORD003814,2025-02-28,SKU0064,7,572.27
ORD003815,2025-02-28,SKU0067,3,347.43
ORD003816,2025-02-28,SKU0069,4,686.71
ORD003817,2025-02-28,SKU0070,2,751.08
ORD003818,2025-02-28,SKU0072,7,548.43
ORD003819,2025-02-28,SKU0073,1,481.32
ORD003820,2025-02-28,SKU0075,5,754.5
ORD003821,2025-02-28,SKU0078,4,272.08
ORD003822,2025-02-28,SKU0079,2,409.07
ORD003823,2025-03-01,SKU0001,1,244.75
ORD003824,2025-03-01,SKU0002,1,225.54
ORD003825,2025-03-01,SKU0004,1,206.26
ORD003826,2025-03-01,SKU0005,2,464.16
ORD003827,2025-03-01,SKU0006,1,346.92
ORD003828,2025-03-01,SKU0007,1,89.32
ORD003829,2025-03-01,SKU0008,2,232.98
ORD003830,2025-03-01,SKU0009,2,227.63
ORD003831,2025-03-01,SKU0010,1,569.19
ORD003832,2025-03-01,SKU0012,2,152.55
ORD003833,2025-03-01,SKU0013,5,798.28
ORD003834,2025-03-01,SKU0014,1,242.75
ORD003835,2025-03-01,SKU0015,3,782.23
ORD003836,2025-03-01,SKU0016,3,352.39
ORD003837,2025-03-01,SKU0017,3,65.12
ORD003838,2025-03-01,SKU0018,3,302.25
ORD003839,2025-03-01,SKU0019,3,522.11
ORD003840,2025-03-01,SKU0021,6,443.51
ORD003841,2025-03-01,SKU0022,4,380.32
ORD003842,2025-03-01,SKU0023,1,460.2
ORD003843,2025-03-01,SKU0024,1,490.45
ORD003844,2025-03-01,SKU0025,3,101.45
ORD003845,2025-03-01,SKU0026,3,320.94
ORD003846,2025-03-01,SKU0028,4,650.39
ORD003847,2025-03-01,SKU0029,6,397.43
ORD003848,2025-03-01,SKU0030,2,787.4
ORD003849,2025-03-01,SKU0032,4,660.49
ORD003850,2025-03-01,SKU0033,2,646.74
ORD003851,2025-03-01,SKU0036,5,568.82
ORD003852,2025-03-01,SKU0037,4,692.35
ORD003853,2025-03-01,SKU0039,3,207.38
ORD003854,2025-03-01,SKU0042,2,304.99
ORD003855,2025-03-01,SKU0043,1,113.09
ORD003856,2025-03-01,SKU0044,1,754.8
ORD003857,2025-03-01,SKU0045,5,342.15
ORD003858,2025-03-01,SKU0046,2,433.49
ORD003859,2025-03-01,SKU0047,6,676.66
ORD003860,2025-03-01,SKU0048,4,553.52
ORD003861,2025-03-01,SKU0051,2,451.5
ORD003862,2025-03-01,SKU0052,7,568.8
ORD003863,2025-03-01,SKU0053,2,213.7
ORD003864,2025-03-01,SKU0054,1,172.97
ORD003865,2025-03-01,SKU0055,1,786.45
ORD003866,2025-03-01,SKU0056,1,432.64
ORD003867,2025-03-01,SKU0057,4,238.23
ORD003868,2025-03-01,SKU0058,4,797.15
ORD003869,2025-03-01,SKU0060,3,464.3
ORD003870,2025-03-01,SKU0062,3,183.42
ORD003871,2025-03-01,SKU0063,4,251.94
ORD003872,2025-03-01,SKU0064,2,572.27
ORD003873,2025-03-01,SKU0067,2,347.43
ORD003874,2025-03-01,SKU0069,2,686.71
ORD003875,2025-03-01,SKU0070,2,751.08
ORD003876,2025-03-01,SKU0071,1,636.86
ORD003877,2025-03-01,SKU0073,2,481.32
ORD003878,2025-03-01,SKU0075,5,754.5
ORD003879,2025-03-01,SKU0078,3,272.08
ORD003880,2025-03-01,SKU0079,5,409.07
ORD003881,2025-03-02,SKU0001,2,244.75
ORD003882,2025-03-02,SKU0002,3,225.54
ORD003883,2025-03-02,SKU0004,6,206.26
ORD003884,2025-03-02,SKU0005,2,464.16
ORD003885,2025-03-02,SKU0006,2,346.92
ORD003886,2025-03-02,SKU0007,1,89.32
ORD003887,2025-03-02,SKU0008,2,232.98
ORD003888,2025-03-02,SKU0009,6,227.63
ORD003889,2025-03-02,SKU0010,5,569.19
ORD003890,2025-03-02,SKU0012,1,152.55
ORD003891,2025-03-02,SKU0013,5,798.28
ORD003892,2025-03-02,SKU0014,4,242.75
ORD003893,2025-03-02,SKU0015,3,782.23
ORD003894,2025-03-02,SKU0016,5,352.39
ORD003895,2025-03-02,SKU0021,2,443.51
ORD003896,2025-03-02,SKU0023,2,460.2
ORD003897,2025-03-02,SKU0024,1,490.45
ORD003898,2025-03-02,SKU0025,5,101.45
ORD003899,2025-03-02,SKU0026,6,320.94
ORD003900,2025-03-02,SKU0028,7,650.39
ORD003901,2025-03-02,SKU0029,1,397.43
ORD003902,2025-03-02,SKU0030,3,787.4
ORD003903,2025-03-02,SKU0032,2,660.49
ORD003904,2025-03-02,SKU0033,4,646.74
ORD003905,2025-03-02,SKU0034,1,154.55
ORD003906,2025-03-02,SKU0036,9,568.82
ORD003907,2025-03-02,SKU0037,4,692.35
ORD003908,2025-03-02,SKU0039,8,207.38
ORD003909,2025-03-02,SKU0042,1,304.99
ORD003910,2025-03-02,SKU0043,3,113.09
ORD003911,2025-03-02,SKU0044,2,754.8
ORD003912,2025-03-02,SKU0045,8,342.15
ORD003913,2025-03-02,SKU0046,3,433.49
ORD003914,2025-03-02,SKU0047,1,676.66
ORD003915,2025-03-02,SKU0048,2,553.52
ORD003916,2025-03-02,SKU0049,5,598.76
ORD003917,2025-03-02,SKU0050,2,198.89
ORD003918,2025-03-02,SKU0051,1,451.5
ORD003919,2025-03-02,SKU0052,5,568.8
ORD003920,2025-03-02,SKU0053,1,213.7
ORD003921,2025-03-02,SKU0054,3,172.97
ORD003922,2025-03-02,SKU0055,1,786.45
ORD003923,2025-03-02,SKU0057,5,238.23
ORD003924,2025-03-02,SKU0058,2,797.15
ORD003925,2025-03-02,SKU0060,6,464.3
ORD003926,2025-03-02,SKU0062,5,183.42
ORD003927,2025-03-02,SKU0063,10,251.94
ORD003928,2025-03-02,SKU0064,6,572.27
ORD003929,2025-03-02,SKU0067,6,347.43
ORD003930,2025-03-02,SKU0069,2,686.71
ORD003931,2025-03-02,SKU0070,4,751.08
ORD003932,2025-03-02,SKU0071,2,636.86
ORD003933,2025-03-02,SKU0072,6,548.43
ORD003934,2025-03-02,SKU0073,3,481.32
ORD003935,2025-03-02,SKU0075,7,754.5
ORD003936,2025-03-02,SKU0076,1,779.98
ORD003937,2025-03-02,SKU0078,2,272.08
ORD003938,2025-03-02,SKU0079,5,409.07
ORD003939,2025-03-03,SKU0001,2,244.75
ORD003940,2025-03-03,SKU0002,8,225.54
ORD003941,2025-03-03,SKU0004,10,206.26
ORD003942,2025-03-03,SKU0005,1,464.16
ORD003943,2025-03-03,SKU0006,4,346.92
ORD003944,2025-03-03,SKU0007,7,89.32
ORD003945,2025-03-03,SKU0008,2,232.98
ORD003946,2025-03-03,SKU0009,9,227.63
ORD003947,2025-03-03,SKU0010,8,569.19
ORD003948,2025-03-03,SKU0012,4,152.55
ORD003949,2025-03-03,SKU0013,7,798.28
ORD003950,2025-03-03,SKU0014,2,242.75
ORD003951,2025-03-03,SKU0015,3,782.23
ORD003952,2025-03-03,SKU0017,5,65.12
ORD003953,2025-03-03,SKU0018,3,302.25
ORD003954,2025-03-03,SKU0019,3,522.11
ORD003955,2025-03-03,SKU0020,4,557.34
ORD003956,2025-03-03,SKU0021,4,443.51
ORD003957,2025-03-03,SKU0022,2,380.32
ORD003958,2025-03-03,SKU0023,2,460.2
ORD003959,2025-03-03,SKU0024,1,490.45
ORD003960,2025-03-03,SKU0025,6,101.45
ORD003961,2025-03-03,SKU0029,3,397.43
ORD003962,2025-03-03,SKU0030,2,787.4
ORD003963,2025-03-03,SKU0032,3,660.49
ORD003964,2025-03-03,SKU0033,2,646.74
ORD003965,2025-03-03,SKU0034,3,154.55
ORD003966,2025-03-03,SKU0036,4,568.82
ORD003967,2025-03-03,SKU0037,5,692.35
ORD003968,2025-03-03,SKU0039,6,207.38
ORD003969,2025-03-03,SKU0042,6,304.99
ORD003970,2025-03-03,SKU0043,3,113.09
ORD003971,2025-03-03,SKU0044,7,754.8
ORD003972,2025-03-03,SKU0045,7,342.15
ORD003973,2025-03-03,SKU0046,3,433.49
ORD003974,2025-03-03,SKU0047,3,676.66
ORD003975,2025-03-03,SKU0048,3,553.52
ORD003976,2025-03-03,SKU0049,3,598.76
ORD003977,2025-03-03,SKU0051,7,451.5
ORD003978,2025-03-03,SKU0052,1,568.8
ORD003979,2025-03-03,SKU0053,1,213.7
ORD003980,2025-03-03,SKU0054,1,172.97
ORD003981,2025-03-03,SKU0055,1,786.45
ORD003982,2025-03-03,SKU0056,6,432.64
ORD003983,2025-03-03,SKU0057,11,238.23
ORD003984,2025-03-03,SKU0058,1,797.15
ORD003985,2025-03-03,SKU0060,6,464.3
ORD003986,2025-03-03,SKU0062,5,183.42
ORD003987,2025-03-03,SKU0063,1,251.94
ORD003988,2025-03-03,SKU0064,1,572.27
ORD003989,2025-03-03,SKU0067,2,347.43
ORD003990,2025-03-03,SKU0069,9,686.71
ORD003991,2025-03-03,SKU0070,1,751.08
ORD003992,2025-03-03,SKU0071,7,636.86
ORD003993,2025-03-03,SKU0072,2,548.43
ORD003994,2025-03-03,SKU0073,1,481.32
ORD003995,2025-03-03,SKU0075,6,754.5
ORD003996,2025-03-03,SKU0078,3,272.08
ORD003997,2025-03-03,SKU0079,3,409.07
ORD003998,2025-03-03,SKU0080,4,380.8
ORD003999,2025-03-04,SKU0001,2,244.75
ORD004000,2025-03-04,SKU0002,3,225.54
ORD004001,2025-03-04,SKU0004,1,206.26
ORD004002,2025-03-04,SKU0005,2,464.16
ORD004003,2025-03-04,SKU0006,1,346.92
ORD004004,2025-03-04,SKU0007,2,89.32
ORD004005,2025-03-04,SKU0008,4,232.98
ORD004006,2025-03-04,SKU0009,4,227.63
ORD004007,2025-03-04,SKU0010,2,569.19
ORD004008,2025-03-04,SKU0013,2,798.28
ORD004009,2025-03-04,SKU0016,2,352.39
ORD004010,2025-03-04,SKU0017,7,65.12
ORD004011,2025-03-04,SKU0018,3,302.25
ORD004012,2025-03-04,SKU0019,3,522.11
ORD004013,2025-03-04,SKU0020,1,557.34
ORD004014,2025-03-04,SKU0021,2,443.51
ORD004015,2025-03-04,SKU0024,1,490.45
ORD004016,2025-03-04,SKU0025,3,101.45
ORD004017,2025-03-04,SKU0026,3,320.94
ORD004018,2025-03-04,SKU0028,1,650.39
ORD004019,2025-03-04,SKU0029,4,397.43
ORD004020,2025-03-04,SKU0032,5,660.49
ORD004021,2025-03-04,SKU0033,4,646.74
ORD004022,2025-03-04,SKU0034,7,154.55
ORD004023,2025-03-04,SKU0036,4,568.82
ORD004024,2025-03-04,SKU0037,4,692.35
ORD004025,2025-03-04,SKU0039,4,207.38
ORD004026,2025-03-04,SKU0044,5,754.8
ORD004027,2025-03-04,SKU0046,7,433.49
ORD004028,2025-03-04,SKU0047,7,676.66
ORD004029,2025-03-04,SKU0048,3,553.52
ORD004030,2025-03-04,SKU0049,1,598.76
ORD004031,2025-03-04,SKU0050,3,198.89
ORD004032,2025-03-04,SKU0051,2,451.5
ORD004033,2025-03-04,SKU0052,1,568.8
ORD004034,2025-03-04,SKU0054,2,172.97
ORD004035,2025-03-04,SKU0055,1,786.45
ORD004036,2025-03-04,SKU0056,7,432.64
ORD004037,2025-03-04,SKU0057,5,238.23
ORD004038,2025-03-04,SKU0058,1,797.15
ORD004039,2025-03-04,SKU0060,5,464.3
ORD004040,2025-03-04,SKU0063,5,251.94
ORD004041,2025-03-04,SKU0064,1,572.27
ORD004042,2025-03-04,SKU0067,6,347.43
ORD004043,2025-03-04,SKU0070,8,751.08
ORD004044,2025-03-04,SKU0071,4,636.86
ORD004045,2025-03-04,SKU0072,1,548.43
ORD004046,2025-03-04,SKU0073,2,481.32
ORD004047,2025-03-04,SKU0075,1,754.5
ORD004048,2025-03-04,SKU0076,3,779.98
ORD004049,2025-03-04,SKU0078,3,272.08
ORD004050,2025-03-04,SKU0079,3,409.07
ORD004051,2025-03-04,SKU0080,1,380.8
ORD004052,2025-03-05,SKU0002,6,225.54
ORD004053,2025-03-05,SKU0004,4,206.26
ORD004054,2025-03-05,SKU0005,4,464.16
ORD004055,2025-03-05,SKU0006,4,346.92
ORD004056,2025-03-05,SKU0007,2,89.32
ORD004057,2025-03-05,SKU0008,1,232.98
ORD004058,2025-03-05,SKU0009,6,227.63
ORD004059,2025-03-05,SKU0010,3,569.19
ORD004060,2025-03-05,SKU0012,4,152.55
ORD004061,2025-03-05,SKU0013,5,798.28
ORD004062,2025-03-05,SKU0014,2,242.75
ORD004063,2025-03-05,SKU0015,7,782.23
ORD004064,2025-03-05,SKU0016,2,352.39
ORD004065,2025-03-05,SKU0017,1,65.12
ORD004066,2025-03-05,SKU0018,1,302.25
ORD004067,2025-03-05,SKU0019,1,522.11
ORD004068,2025-03-05,SKU0020,6,557.34
ORD004069,2025-03-05,SKU0021,1,443.51
ORD004070,2025-03-05,SKU0022,2,380.32
ORD004071,2025-03-05,SKU0023,1,460.2
ORD004072,2025-03-05,SKU0024,5,490.45
ORD004073,2025-03-05,SKU0025,1,101.45
ORD004074,2025-03-05,SKU0026,4,320.94
ORD004075,2025-03-05,SKU0028,4,650.39
ORD004076,2025-03-05,SKU0029,5,397.43
ORD004077,2025-03-05,SKU0030,3,787.4
ORD004078,2025-03-05,SKU0032,3,660.49
ORD004079,2025-03-05,SKU0033,1,646.74
ORD004080,2025-03-05,SKU0034,3,154.55
ORD004081,2025-03-05,SKU0036,1,568.82
ORD004082,2025-03-05,SKU0037,4,692.35
ORD004083,2025-03-05,SKU0039,4,207.38
ORD004084,2025-03-05,SKU0042,1,304.99
ORD004085,2025-03-05,SKU0043,7,113.09
ORD004086,2025-03-05,SKU0044,9,754.8
ORD004087,2025-03-05,SKU0046,2,433.49
ORD004088,2025-03-05,SKU0047,4,676.66
ORD004089,2025-03-05,SKU0048,2,553.52
ORD004090,2025-03-05,SKU0049,3,598.76
ORD004091,2025-03-05,SKU0050,7,198.89
ORD004092,2025-03-05,SKU0051,4,451.5
ORD004093,2025-03-05,SKU0052,3,568.8
ORD004094,2025-03-05,SKU0053,3,213.7
ORD004095,2025-03-05,SKU0054,8,172.97
ORD004096,2025-03-05,SKU0055,3,786.45
ORD004097,2025-03-05,SKU0056,1,432.64
ORD004098,2025-03-05,SKU0058,3,797.15
ORD004099,2025-03-05,SKU0060,4,464.3
ORD004100,2025-03-05,SKU0062,1,183.42
ORD004101,2025-03-05,SKU0063,6,251.94
ORD004102,2025-03-05,SKU0064,1,572.27
ORD004103,2025-03-05,SKU0067,1,347.43
ORD004104,2025-03-05,SKU0070,3,751.08
ORD004105,2025-03-05,SKU0071,1,636.86
ORD004106,2025-03-05,SKU0072,1,548.43
ORD004107,2025-03-05,SKU0073,8,481.32
ORD004108,2025-03-05,SKU0075,5,754.5
ORD004109,2025-03-05,SKU0078,8,272.08
ORD004110,2025-03-05,SKU0079,7,409.07
ORD004111,2025-03-05,SKU0080,5,380.8
ORD004112,2025-03-06,SKU0001,1,244.75
ORD004113,2025-03-06,SKU0002,4,225.54
ORD004114,2025-03-06,SKU0004,8,206.26
ORD004115,2025-03-06,SKU0005,3,464.16
ORD004116,2025-03-06,SKU0006,4,346.92
ORD004117,2025-03-06,SKU0007,7,89.32
ORD004118,2025-03-06,SKU0008,4,232.98
ORD004119,2025-03-06,SKU0009,6,227.63
ORD004120,2025-03-06,SKU0010,6,569.19
ORD004121,2025-03-06,SKU0012,1,152.55
ORD004122,2025-03-06,SKU0013,9,798.28
ORD004123,2025-03-06,SKU0014,2,242.75
ORD004124,2025-03-06,SKU0015,9,782.23
ORD004125,2025-03-06,SKU0016,2,352.39
ORD004126,2025-03-06,SKU0017,5,65.12
ORD004127,2025-03-06,SKU0018,2,302.25
ORD004128,2025-03-06,SKU0020,4,557.34
ORD004129,2025-03-06,SKU0021,7,443.51
ORD004130,2025-03-06,SKU0022,1,380.32
ORD004131,2025-03-06,SKU0023,2,460.2
ORD004132,2025-03-06,SKU0025,1,101.45
ORD004133,2025-03-06,SKU0026,1,320.94
ORD004134,2025-03-06,SKU0028,5,650.39
ORD004135,2025-03-06,SKU0029,9,397.43
ORD004136,2025-03-06,SKU0030,1,787.4
ORD004137,2025-03-06,SKU0032,2,660.49
ORD004138,2025-03-06,SKU0033,4,646.74
ORD004139,2025-03-06,SKU0034,5,154.55
ORD004140,2025-03-06,SKU0036,2,568.82
ORD004141,2025-03-06,SKU0037,8,692.35
ORD004142,2025-03-06,SKU0039,6,207.38
ORD004143,2025-03-06,SKU0042,9,304.99
ORD004144,2025-03-06,SKU0043,8,113.09
ORD004145,2025-03-06,SKU0044,9,754.8
ORD004146,2025-03-06,SKU0045,6,342.15
ORD004147,2025-03-06,SKU0046,2,433.49
ORD004148,2025-03-06,SKU0047,2,676.66
ORD004149,2025-03-06,SKU0048,8,553.52
ORD004150,2025-03-06,SKU0050,3,198.89
ORD004151,2025-03-06,SKU0051,1,451.5
ORD004152,2025-03-06,SKU0052,4,568.8
ORD004153,2025-03-06,SKU0053,3,213.7
ORD004154,2025-03-06,SKU0054,3,172.97
ORD004155,2025-03-06,SKU0055,6,786.45
ORD004156,2025-03-06,SKU0056,6,432.64
ORD004157,2025-03-06,SKU0057,6,238.23
ORD004158,2025-03-06,SKU0058,2,797.15
ORD004159,2025-03-06,SKU0060,2,464.3
ORD004160,2025-03-06,SKU0062,6,183.42
ORD004161,2025-03-06,SKU0063,2,251.94
ORD004162,2025-03-06,SKU0064,6,572.27
ORD004163,2025-03-06,SKU0067,5,347.43
ORD004164,2025-03-06,SKU0069,1,686.71
ORD004165,2025-03-06,SKU0070,3,751.08
ORD004166,2025-03-06,SKU0071,2,636.86
ORD004167,2025-03-06,SKU0072,4,548.43
ORD004168,2025-03-06,SKU0073,2,481.32
ORD004169,2025-03-06,SKU0076,2,779.98
ORD004170,2025-03-06,SKU0078,6,272.08
ORD004171,2025-03-06,SKU0079,2,409.07
ORD004172,2025-03-06,SKU0080,1,380.8
ORD004173,2025-03-07,SKU0001,2,244.75
ORD004174,2025-03-07,SKU0002,1,225.54
ORD004175,2025-03-07,SKU0005,4,464.16
ORD004176,2025-03-07,SKU0006,2,346.92
ORD004177,2025-03-07,SKU0008,1,232.98
ORD004178,2025-03-07,SKU0009,1,227.63
ORD004179,2025-03-07,SKU0010,4,569.19
ORD004180,2025-03-07,SKU0012,2,152.55
ORD004181,2025-03-07,SKU0013,3,798.28
ORD004182,2025-03-07,SKU0014,2,242.75
ORD004183,2025-03-07,SKU0015,4,782.23
ORD004184,2025-03-07,SKU0016,6,352.39
ORD004185,2025-03-07,SKU0018,3,302.25
ORD004186,2025-03-07,SKU0019,1,522.11
ORD004187,2025-03-07,SKU0021,8,443.51
ORD004188,2025-03-07,SKU0022,5,380.32
ORD004189,2025-03-07,SKU0023,5,460.2
ORD004190,2025-03-07,SKU0024,9,490.45
ORD004191,2025-03-07,SKU0028,1,650.39
ORD004192,2025-03-07,SKU0029,2,397.43
ORD004193,2025-03-07,SKU0030,4,787.4
ORD004194,2025-03-07,SKU0032,4,660.49
ORD004195,2025-03-07,SKU0033,3,646.74
ORD004196,2025-03-07,SKU0034,1,154.55
ORD004197,2025-03-07,SKU0036,1,568.82
ORD004198,2025-03-07,SKU0037,4,692.35
ORD004199,2025-03-07,SKU0039,2,207.38
ORD004200,2025-03-07,SKU0042,3,304.99
ORD004201,2025-03-07,SKU0043,8,113.09
ORD004202,2025-03-07,SKU0045,2,342.15
ORD004203,2025-03-07,SKU0046,3,433.49
ORD004204,2025-03-07,SKU0047,2,676.66
ORD004205,2025-03-07,SKU0048,4,553.52
ORD004206,2025-03-07,SKU0049,2,598.76
ORD004207,2025-03-07,SKU0050,4,198.89
ORD004208,2025-03-07,SKU0051,5,451.5
ORD004209,2025-03-07,SKU0052,3,568.8
ORD004210,2025-03-07,SKU0054,2,172.97
ORD004211,2025-03-07,SKU0055,2,786.45
ORD004212,2025-03-07,SKU0056,5,432.64
ORD004213,2025-03-07,SKU0057,3,238.23
ORD004214,2025-03-07,SKU0058,7,797.15
ORD004215,2025-03-07,SKU0060,1,464.3
ORD004216,2025-03-07,SKU0062,11,183.42
ORD004217,2025-03-07,SKU0064,2,572.27
ORD004218,2025-03-07,SKU0067,4,347.43
ORD004219,2025-03-07,SKU0069,4,686.71
ORD004220,2025-03-07,SKU0070,3,751.08
ORD004221,2025-03-07,SKU0071,6,636.86
ORD004222,2025-03-07,SKU0072,3,548.43
ORD004223,2025-03-07,SKU0073,3,481.32
ORD004224,2025-03-07,SKU0075,3,754.5
ORD004225,2025-03-07,SKU0076,4,779.98
ORD004226,2025-03-07,SKU0079,6,409.07
ORD004227,2025-03-07,SKU0080,2,380.8
ORD004228,2025-03-08,SKU0001,6,244.75
ORD004229,2025-03-08,SKU0002,1,225.54
ORD004230,2025-03-08,SKU0004,4,206.26
ORD004231,2025-03-08,SKU0005,4,464.16
ORD004232,2025-03-08,SKU0006,3,346.92
ORD004233,2025-03-08,SKU0007,2,89.32
ORD004234,2025-03-08,SKU0008,4,232.98
ORD004235,2025-03-08,SKU0009,3,227.63
ORD004236,2025-03-08,SKU0010,1,569.19
ORD004237,2025-03-08,SKU0012,3,152.55
ORD004238,2025-03-08,SKU0013,5,798.28
ORD004239,2025-03-08,SKU0014,6,242.75
ORD004240,2025-03-08,SKU0015,1,782.23
ORD004241,2025-03-08,SKU0016,3,352.39
ORD004242,2025-03-08,SKU0017,4,65.12
ORD004243,2025-03-08,SKU0018,1,302.25
ORD004244,2025-03-08,SKU0019,6,522.11
ORD004245,2025-03-08,SKU0020,4,557.34
ORD004246,2025-03-08,SKU0021,6,443.51
ORD004247,2025-03-08,SKU0022,3,380.32
ORD004248,2025-03-08,SKU0023,10,460.2
ORD004249,2025-03-08,SKU0025,1,101.45
ORD004250,2025-03-08,SKU0026,2,320.94
ORD004251,2025-03-08,SKU0028,3,650.39
ORD004252,2025-03-08,SKU0029,5,397.43
ORD004253,2025-03-08,SKU0032,1,660.49
ORD004254,2025-03-08,SKU0033,8,646.74
ORD004255,2025-03-08,SKU0034,3,154.55
ORD004256,2025-03-08,SKU0036,1,568.82
ORD004257,2025-03-08,SKU0037,1,692.35
ORD004258,2025-03-08,SKU0039,2,207.38
ORD004259,2025-03-08,SKU0042,3,304.99
ORD004260,2025-03-08,SKU0043,4,113.09
ORD004261,2025-03-08,SKU0044,6,754.8
ORD004262,2025-03-08,SKU0045,6,342.15
ORD004263,2025-03-08,SKU0046,2,433.49
ORD004264,2025-03-08,SKU0047,3,676.66
ORD004265,2025-03-08,SKU0048,5,553.52
ORD004266,2025-03-08,SKU0049,7,598.76
ORD004267,2025-03-08,SKU0051,1,451.5
ORD004268,2025-03-08,SKU0052,2,568.8
ORD004269,2025-03-08,SKU0053,6,213.7
ORD004270,2025-03-08,SKU0054,7,172.97
ORD004271,2025-03-08,SKU0055,6,786.45
ORD004272,2025-03-08,SKU0056,3,432.64
ORD004273,2025-03-08,SKU0057,6,238.23
ORD004274,2025-03-08,SKU0060,1,464.3
ORD004275,2025-03-08,SKU0062,6,183.42
ORD004276,2025-03-08,SKU0063,4,251.94
ORD004277,2025-03-08,SKU0064,1,572.27
ORD004278,2025-03-08,SKU0067,5,347.43
ORD004279,2025-03-08,SKU0069,1,686.71
ORD004280,2025-03-08,SKU0070,2,751.08
ORD004281,2025-03-08,SKU0071,3,636.86
ORD004282,2025-03-08,SKU0073,2,481.32
ORD004283,2025-03-08,SKU0076,2,779.98
ORD004284,2025-03-08,SKU0078,4,272.08
ORD004285,2025-03-08,SKU0080,5,380.8
ORD004286,2025-03-09,SKU0002,1,225.54
ORD004287,2025-03-09,SKU0004,2,206.26
ORD004288,2025-03-09,SKU0005,3,464.16
ORD004289,2025-03-09,SKU0006,1,346.92
ORD004290,2025-03-09,SKU0007,3,89.32
ORD004291,2025-03-09,SKU0008,1,232.98
ORD004292,2025-03-09,SKU0009,4,227.63
ORD004293,2025-03-09,SKU0010,3,569.19
ORD004294,2025-03-09,SKU0012,6,152.55
ORD004295,2025-03-09,SKU0013,8,798.28
ORD004296,2025-03-09,SKU0014,9,242.75
ORD004297,2025-03-09,SKU0015,2,782.23
ORD004298,2025-03-09,SKU0016,3,352.39
ORD004299,2025-03-09,SKU0018,1,302.25
ORD004300,2025-03-09,SKU0019,2,522.11
ORD004301,2025-03-09,SKU0020,1,557.34
ORD004302,2025-03-09,SKU0022,5,380.32
ORD004303,2025-03-09,SKU0023,2,460.2
ORD004304,2025-03-09,SKU0025,2,101.45
ORD004305,2025-03-09,SKU0026,3,320.94
ORD004306,2025-03-09,SKU0028,4,650.39
ORD004307,2025-03-09,SKU0029,3,397.43
ORD004308,2025-03-09,SKU0030,1,787.4
ORD004309,2025-03-09,SKU0033,6,646.74
ORD004310,2025-03-09,SKU0036,4,568.82
ORD004311,2025-03-09,SKU0037,4,692.35
ORD004312,2025-03-09,SKU0039,5,207.38
ORD004313,2025-03-09,SKU0042,3,304.99
ORD004314,2025-03-09,SKU0043,1,113.09
ORD004315,2025-03-09,SKU0045,4,342.15
ORD004316,2025-03-09,SKU0046,6,433.49
ORD004317,2025-03-09,SKU0047,3,676.66
ORD004318,2025-03-09,SKU0048,1,553.52
ORD004319,2025-03-09,SKU0049,9,598.76
ORD004320,2025-03-09,SKU0050,1,198.89
ORD004321,2025-03-09,SKU0052,1,568.8
ORD004322,2025-03-09,SKU0053,1,213.7
ORD004323,2025-03-09,SKU0054,5,172.97
ORD004324,2025-03-09,SKU0055,3,786.45
ORD004325,2025-03-09,SKU0056,4,432.64
ORD004326,2025-03-09,SKU0060,2,464.3
ORD004327,2025-03-09,SKU0062,5,183.42
ORD004328,2025-03-09,SKU0064,8,572.27
ORD004329,2025-03-09,SKU0067,1,347.43
ORD004330,2025-03-09,SKU0069,5,686.71
ORD004331,2025-03-09,SKU0070,2,751.08
ORD004332,2025-03-09,SKU0071,5,636.86
ORD004333,2025-03-09,SKU0072,3,548.43
ORD004334,2025-03-09,SKU0073,3,481.32
ORD004335,2025-03-09,SKU0075,4,754.5
ORD004336,2025-03-09,SKU0078,1,272.08
ORD004337,2025-03-09,SKU0079,2,409.07
ORD004338,2025-03-10,SKU0001,6,244.75
ORD004339,2025-03-10,SKU0002,1,225.54
ORD004340,2025-03-10,SKU0004,3,206.26
ORD004341,2025-03-10,SKU0005,9,464.16
ORD004342,2025-03-10,SKU0006,4,346.92
ORD004343,2025-03-10,SKU0007,5,89.32
ORD004344,2025-03-10,SKU0008,5,232.98
ORD004345,2025-03-10,SKU0010,4,569.19
ORD004346,2025-03-10,SKU0012,8,152.55
ORD004347,2025-03-10,SKU0013,2,798.28
ORD004348,2025-03-10,SKU0014,1,242.75
ORD004349,2025-03-10,SKU0015,5,782.23
ORD004350,2025-03-10,SKU0016,1,352.39
ORD004351,2025-03-10,SKU0017,6,65.12
ORD004352,2025-03-10,SKU0018,2,302.25
ORD004353,2025-03-10,SKU0019,2,522.11
ORD004354,2025-03-10,SKU0020,3,557.34
ORD004355,2025-03-10,SKU0021,5,443.51
ORD004356,2025-03-10,SKU0022,11,380.32
ORD004357,2025-03-10,SKU0023,6,460.2
ORD004358,2025-03-10,SKU0024,4,490.45
ORD004359,2025-03-10,SKU0025,2,101.45
ORD004360,2025-03-10,SKU0026,2,320.94
ORD004361,2025-03-10,SKU0028,4,650.39
ORD004362,2025-03-10,SKU0029,1,397.43
ORD004363,2025-03-10,SKU0030,3,787.4
ORD004364,2025-03-10,SKU0032,4,660.49
ORD004365,2025-03-10,SKU0033,3,646.74
ORD004366,2025-03-10,SKU0034,8,154.55
ORD004367,2025-03-10,SKU0036,4,568.82
ORD004368,2025-03-10,SKU0039,6,207.38
ORD004369,2025-03-10,SKU0042,6,304.99
ORD004370,2025-03-10,SKU0043,4,113.09
ORD004371,2025-03-10,SKU0044,4,754.8
ORD004372,2025-03-10,SKU0045,2,342.15
ORD004373,2025-03-10,SKU0046,1,433.49
ORD004374,2025-03-10,SKU0047,6,676.66
ORD004375,2025-03-10,SKU0048,5,553.52
ORD004376,2025-03-10,SKU0049,1,598.76
ORD004377,2025-03-10,SKU0050,3,198.89
ORD004378,2025-03-10,SKU0051,2,451.5
ORD004379,2025-03-10,SKU0052,6,568.8
ORD004380,2025-03-10,SKU0053,5,213.7
ORD004381,2025-03-10,SKU0054,1,172.97
ORD004382,2025-03-10,SKU0055,2,786.45
ORD004383,2025-03-10,SKU0056,1,432.64
ORD004384,2025-03-10,SKU0057,3,238.23
ORD004385,2025-03-10,SKU0058,4,797.15
ORD004386,2025-03-10,SKU0060,7,464.3
ORD004387,2025-03-10,SKU0062,4,183.42
ORD004388,2025-03-10,SKU0063,5,251.94
ORD004389,2025-03-10,SKU0069,1,686.71
ORD004390,2025-03-10,SKU0070,4,751.08
ORD004391,2025-03-10,SKU0071,4,636.86
ORD004392,2025-03-10,SKU0072,3,548.43
ORD004393,2025-03-10,SKU0073,4,481.32
ORD004394,2025-03-10,SKU0075,2,754.5
ORD004395,2025-03-10,SKU0076,3,779.98
ORD004396,2025-03-10,SKU0078,6,272.08
ORD004397,2025-03-10,SKU0079,1,409.07
ORD004398,2025-03-10,SKU0080,11,380.8
ORD004399,2025-03-11,SKU0001,1,244.75
ORD004400,2025-03-11,SKU0002,6,225.54
ORD004401,2025-03-11,SKU0004,1,206.26
ORD004402,2025-03-11,SKU0005,2,464.16
ORD004403,2025-03-11,SKU0006,1,346.92
ORD004404,2025-03-11,SKU0007,5,89.32
ORD004405,2025-03-11,SKU0008,3,232.98
ORD004406,2025-03-11,SKU0009,4,227.63
ORD004407,2025-03-11,SKU0010,4,569.19
ORD004408,2025-03-11,SKU0012,5,152.55
ORD004409,2025-03-11,SKU0013,1,798.28
ORD004410,2025-03-11,SKU0016,8,352.39
ORD004411,2025-03-11,SKU0017,5,65.12
ORD004412,2025-03-11,SKU0018,6,302.25
ORD004413,2025-03-11,SKU0019,2,522.11
ORD004414,2025-03-11,SKU0020,5,557.34
ORD004415,2025-03-11,SKU0023,2,460.2
ORD004416,2025-03-11,SKU0024,2,490.45
ORD004417,2025-03-11,SKU0025,3,101.45
ORD004418,2025-03-11,SKU0026,2,320.94
ORD004419,2025-03-11,SKU0028,3,650.39
ORD004420,2025-03-11,SKU0029,2,397.43
ORD004421,2025-03-11,SKU0030,6,787.4
ORD004422,2025-03-11,SKU0032,6,660.49
ORD004423,2025-03-11,SKU0033,1,646.74
ORD004424,2025-03-11,SKU0034,1,154.55
ORD004425,2025-03-11,SKU0036,6,568.82
ORD004426,2025-03-11,SKU0037,7,692.35
ORD004427,2025-03-11,SKU0039,7,207.38
ORD004428,2025-03-11,SKU0042,4,304.99
ORD004429,2025-03-11,SKU0043,1,113.09
ORD004430,2025-03-11,SKU0044,2,754.8
ORD004431,2025-03-11,SKU0045,3,342.15
ORD004432,2025-03-11,SKU0046,2,433.49
ORD004433,2025-03-11,SKU0047,1,676.66
ORD004434,2025-03-11,SKU0048,7,553.52
ORD004435,2025-03-11,SKU0051,1,451.5
ORD004436,2025-03-11,SKU0052,9,568.8
ORD004437,2025-03-11,SKU0053,1,213.7
ORD004438,2025-03-11,SKU0055,3,786.45
ORD004439,2025-03-11,SKU0056,6,432.64
ORD004440,2025-03-11,SKU0057,6,238.23
ORD004441,2025-03-11,SKU0058,3,797.15
ORD004442,2025-03-11,SKU0060,3,464.3
ORD004443,2025-03-11,SKU0062,6,183.42
ORD004444,2025-03-11,SKU0063,3,251.94
ORD004445,2025-03-11,SKU0064,1,572.27
ORD004446,2025-03-11,SKU0067,2,347.43
ORD004447,2025-03-11,SKU0069,2,686.71
ORD004448,2025-03-11,SKU0070,4,751.08
ORD004449,2025-03-11,SKU0071,1,636.86
ORD004450,2025-03-11,SKU0072,3,548.43
ORD004451,2025-03-11,SKU0073,7,481.32
ORD004452,2025-03-11,SKU0075,7,754.5
ORD004453,2025-03-11,SKU0076,5,779.98
ORD004454,2025-03-11,SKU0078,1,272.08
ORD004455,2025-03-11,SKU0079,1,409.07
ORD004456,2025-03-11,SKU0080,2,380.8
ORD004457,2025-03-12,SKU0001,2,244.75
ORD004458,2025-03-12,SKU0002,10,225.54
ORD004459,2025-03-12,SKU0004,4,206.26
ORD004460,2025-03-12,SKU0006,9,346.92
ORD004461,2025-03-12,SKU0007,6,89.32
ORD004462,2025-03-12,SKU0008,2,232.98
ORD004463,2025-03-12,SKU0009,4,227.63
ORD004464,2025-03-12,SKU0010,7,569.19
ORD004465,2025-03-12,SKU0012,5,152.55
ORD004466,2025-03-12,SKU0014,1,242.75
ORD004467,2025-03-12,SKU0015,4,782.23
ORD004468,2025-03-12,SKU0016,1,352.39
ORD004469,2025-03-12,SKU0017,2,65.12
ORD004470,2025-03-12,SKU0018,5,302.25
ORD004471,2025-03-12,SKU0019,4,522.11
ORD004472,2025-03-12,SKU0022,6,380.32
ORD004473,2025-03-12,SKU0023,9,460.2
ORD004474,2025-03-12,SKU0024,4,490.45
ORD004475,2025-03-12,SKU0025,4,101.45
ORD004476,2025-03-12,SKU0026,2,320.94
ORD004477,2025-03-12,SKU0029,3,397.43
ORD004478,2025-03-12,SKU0030,1,787.4
ORD004479,2025-03-12,SKU0032,2,660.49
ORD004480,2025-03-12,SKU0033,5,646.74
ORD004481,2025-03-12,SKU0034,4,154.55
ORD004482,2025-03-12,SKU0036,5,568.82
ORD004483,2025-03-12,SKU0039,13,207.38
ORD004484,2025-03-12,SKU0042,2,304.99
ORD004485,2025-03-12,SKU0043,2,113.09
ORD004486,2025-03-12,SKU0044,3,754.8
ORD004487,2025-03-12,SKU0047,2,676.66
ORD004488,2025-03-12,SKU0048,6,553.52
ORD004489,2025-03-12,SKU0049,7,598.76
ORD004490,2025-03-12,SKU0050,3,198.89
ORD004491,2025-03-12,SKU0051,2,451.5
ORD004492,2025-03-12,SKU0052,1,568.8
ORD004493,2025-03-12,SKU0053,6,213.7
ORD004494,2025-03-12,SKU0054,1,172.97
ORD004495,2025-03-12,SKU0055,5,786.45
ORD004496,2025-03-12,SKU0056,4,432.64
ORD004497,2025-03-12,SKU0057,4,238.23
ORD004498,2025-03-12,SKU0058,4,797.15
ORD004499,2025-03-12,SKU0060,6,464.3
ORD004500,2025-03-12,SKU0062,4,183.42
ORD004501,2025-03-12,SKU0063,2,251.94
ORD004502,2025-03-12,SKU0064,1,572.27
ORD004503,2025-03-12,SKU0067,1,347.43
ORD004504,2025-03-12,SKU0069,10,686.71
ORD004505,2025-03-12,SKU0070,7,751.08
ORD004506,2025-03-12,SKU0072,6,548.43
ORD004507,2025-03-12,SKU0073,4,481.32
ORD004508,2025-03-12,SKU0075,5,754.5
ORD004509,2025-03-12,SKU0076,3,779.98
ORD004510,2025-03-12,SKU0078,2,272.08
ORD004511,2025-03-12,SKU0080,9,380.8
ORD004512,2025-03-13,SKU0001,7,244.75
ORD004513,2025-03-13,SKU0002,2,225.54
ORD004514,2025-03-13,SKU0004,2,206.26
ORD004515,2025-03-13,SKU0005,8,464.16
ORD004516,2025-03-13,SKU0006,4,346.92
ORD004517,2025-03-13,SKU0007,3,89.32
ORD004518,2025-03-13,SKU0008,5,232.98
ORD004519,2025-03-13,SKU0009,7,227.63
ORD004520,2025-03-13,SKU0010,3,569.19
ORD004521,2025-03-13,SKU0012,3,152.55
ORD004522,2025-03-13,SKU0014,3,242.75
ORD004523,2025-03-13,SKU0015,5,782.23
ORD004524,2025-03-13,SKU0016,9,352.39
ORD004525,2025-03-13,SKU0017,5,65.12
ORD004526,2025-03-13,SKU0018,5,302.25
ORD004527,2025-03-13,SKU0019,8,522.11
ORD004528,2025-03-13,SKU0020,2,557.34
ORD004529,2025-03-13,SKU0021,6,443.51
ORD004530,2025-03-13,SKU0022,11,380.32
ORD004531,2025-03-13,SKU0023,2,460.2
ORD004532,2025-03-13,SKU0024,1,490.45
ORD004533,2025-03-13,SKU0025,6,101.45
ORD004534,2025-03-13,SKU0028,1,650.39
ORD004535,2025-03-13,SKU0029,7,397.43
ORD004536,2025-03-13,SKU0030,2,787.4
ORD004537,2025-03-13,SKU0032,7,660.49
ORD004538,2025-03-13,SKU0033,2,646.74
ORD004539,2025-03-13,SKU0034,1,154.55
ORD004540,2025-03-13,SKU0037,7,692.35
ORD004541,2025-03-13,SKU0042,8,304.99
ORD004542,2025-03-13,SKU0043,5,113.09
ORD004543,2025-03-13,SKU0045,7,342.15
ORD004544,2025-03-13,SKU0046,4,433.49
ORD004545,2025-03-13,SKU0048,3,553.52
ORD004546,2025-03-13,SKU0049,2,598.76
ORD004547,2025-03-13,SKU0050,4,198.89
ORD004548,2025-03-13,SKU0052,1,568.8
ORD004549,2025-03-13,SKU0054,1,172.97
ORD004550,2025-03-13,SKU0056,5,432.64
ORD004551,2025-03-13,SKU0057,3,238.23
ORD004552,2025-03-13,SKU0058,3,797.15
ORD004553,2025-03-13,SKU0060,2,464.3
ORD004554,2025-03-13,SKU0063,2,251.94
ORD004555,2025-03-13,SKU0064,3,572.27
ORD004556,2025-03-13,SKU0067,3,347.43
ORD004557,2025-03-13,SKU0069,2,686.71
ORD004558,2025-03-13,SKU0070,2,751.08
ORD004559,2025-03-13,SKU0071,4,636.86
ORD004560,2025-03-13,SKU0072,1,548.43
ORD004561,2025-03-13,SKU0073,2,481.32
ORD004562,2025-03-13,SKU0075,9,754.5
ORD004563,2025-03-13,SKU0076,2,779.98
ORD004564,2025-03-13,SKU0078,4,272.08
ORD004565,2025-03-13,SKU0079,5,409.07
ORD004566,2025-03-13,SKU0080,6,380.8
ORD004567,2025-03-14,SKU0001,5,244.75
ORD004568,2025-03-14,SKU0002,2,225.54
ORD004569,2025-03-14,SKU0004,1,206.26
ORD004570,2025-03-14,SKU0006,11,346.92
ORD004571,2025-03-14,SKU0007,3,89.32
ORD004572,2025-03-14,SKU0009,1,227.63
ORD004573,2025-03-14,SKU0010,1,569.19
ORD004574,2025-03-14,SKU0012,1,152.55
ORD004575,2025-03-14,SKU0013,3,798.28
ORD004576,2025-03-14,SKU0014,7,242.75
ORD004577,2025-03-14,SKU0015,5,782.23
ORD004578,2025-03-14,SKU0016,1,352.39
ORD004579,2025-03-14,SKU0017,7,65.12
ORD004580,2025-03-14,SKU0018,9,302.25
ORD004581,2025-03-14,SKU0019,1,522.11
ORD004582,2025-03-14,SKU0020,3,557.34
ORD004583,2025-03-14,SKU0021,1,443.51
ORD004584,2025-03-14,SKU0022,5,380.32
ORD004585,2025-03-14,SKU0023,4,460.2
ORD004586,2025-03-14,SKU0024,11,490.45
ORD004587,2025-03-14,SKU0025,1,101.45
ORD004588,2025-03-14,SKU0026,4,320.94
ORD004589,2025-03-14,SKU0028,1,650.39
ORD004590,2025-03-14,SKU0029,2,397.43
ORD004591,2025-03-14,SKU0030,9,787.4
ORD004592,2025-03-14,SKU0033,5,646.74
ORD004593,2025-03-14,SKU0034,8,154.55
ORD004594,2025-03-14,SKU0036,2,568.82
ORD004595,2025-03-14,SKU0037,5,692.35
ORD004596,2025-03-14,SKU0042,1,304.99
ORD004597,2025-03-14,SKU0043,11,113.09
ORD004598,2025-03-14,SKU0044,3,754.8
ORD004599,2025-03-14,SKU0045,6,342.15
ORD004600,2025-03-14,SKU0046,2,433.49
ORD004601,2025-03-14,SKU0047,6,676.66
ORD004602,2025-03-14,SKU0048,3,553.52
ORD004603,2025-03-14,SKU0049,1,598.76
ORD004604,2025-03-14,SKU0050,2,198.89
ORD004605,2025-03-14,SKU0051,2,451.5
ORD004606,2025-03-14,SKU0052,2,568.8
ORD004607,2025-03-14,SKU0053,1,213.7
ORD004608,2025-03-14,SKU0055,5,786.45
ORD004609,2025-03-14,SKU0056,4,432.64
ORD004610,2025-03-14,SKU0057,3,238.23
ORD004611,2025-03-14,SKU0058,7,797.15
ORD004612,2025-03-14,SKU0062,1,183.42
ORD004613,2025-03-14,SKU0063,2,251.94
ORD004614,2025-03-14,SKU0064,1,572.27
ORD004615,2025-03-14,SKU0067,6,347.43
ORD004616,2025-03-14,SKU0069,1,686.71
ORD004617,2025-03-14,SKU0070,1,751.08
ORD004618,2025-03-14,SKU0071,5,636.86
ORD004619,2025-03-14,SKU0073,2,481.32
ORD004620,2025-03-14,SKU0075,3,754.5
ORD004621,2025-03-14,SKU0076,5,779.98
ORD004622,2025-03-14,SKU0078,1,272.08
ORD004623,2025-03-14,SKU0079,6,409.07
ORD004624,2025-03-14,SKU0080,7,380.8
ORD004625,2025-03-15,SKU0001,4,244.75
ORD004626,2025-03-15,SKU0002,4,225.54
ORD004627,2025-03-15,SKU0004,8,206.26
ORD004628,2025-03-15,SKU0005,4,464.16
ORD004629,2025-03-15,SKU0006,4,346.92
ORD004630,2025-03-15,SKU0007,3,89.32
ORD004631,2025-03-15,SKU0008,2,232.98
ORD004632,2025-03-15,SKU0009,1,227.63
ORD004633,2025-03-15,SKU0010,2,569.19
ORD004634,2025-03-15,SKU0013,7,798.28
ORD004635,2025-03-15,SKU0014,3,242.75
ORD004636,2025-03-15,SKU0015,1,782.23
ORD004637,2025-03-15,SKU0016,5,352.39
ORD004638,2025-03-15,SKU0017,2,65.12
ORD004639,2025-03-15,SKU0018,2,302.25
ORD004640,2025-03-15,SKU0019,2,522.11
ORD004641,2025-03-15,SKU0021,1,443.51
ORD004642,2025-03-15,SKU0022,1,380.32
ORD004643,2025-03-15,SKU0023,1,460.2
ORD004644,2025-03-15,SKU0024,3,490.45
ORD004645,2025-03-15,SKU0025,3,101.45
ORD004646,2025-03-15,SKU0026,12,320.94
ORD004647,2025-03-15,SKU0028,4,650.39
ORD004648,2025-03-15,SKU0029,2,397.43
ORD004649,2025-03-15,SKU0030,3,787.4
ORD004650,2025-03-15,SKU0032,3,660.49
ORD004651,2025-03-15,SKU0033,6,646.74
ORD004652,2025-03-15,SKU0034,1,154.55
ORD004653,2025-03-15,SKU0036,1,568.82
ORD004654,2025-03-15,SKU0037,3,692.35
ORD004655,2025-03-15,SKU0039,10,207.38
ORD004656,2025-03-15,SKU0042,4,304.99
ORD004657,2025-03-15,SKU0043,4,113.09
ORD004658,2025-03-15,SKU0044,4,754.8
ORD004659,2025-03-15,SKU0046,6,433.49
ORD004660,2025-03-15,SKU0048,4,553.52
ORD004661,2025-03-15,SKU0049,7,598.76
ORD004662,2025-03-15,SKU0051,2,451.5
ORD004663,2025-03-15,SKU0052,8,568.8
ORD004664,2025-03-15,SKU0053,3,213.7
ORD004665,2025-03-15,SKU0054,1,172.97
ORD004666,2025-03-15,SKU0055,1,786.45
ORD004667,2025-03-15,SKU0056,6,432.64
ORD004668,2025-03-15,SKU0057,2,238.23
ORD004669,2025-03-15,SKU0058,6,797.15
ORD004670,2025-03-15,SKU0060,2,464.3
ORD004671,2025-03-15,SKU0062,2,183.42
ORD004672,2025-03-15,SKU0063,1,251.94
ORD004673,2025-03-15,SKU0064,8,572.27
ORD004674,2025-03-15,SKU0067,1,347.43
ORD004675,2025-03-15,SKU0069,5,686.71
ORD004676,2025-03-15,SKU0070,6,751.08
ORD004677,2025-03-15,SKU0071,1,636.86
ORD004678,2025-03-15,SKU0072,1,548.43
ORD004679,2025-03-15,SKU0073,2,481.32
ORD004680,2025-03-15,SKU0075,2,754.5
ORD004681,2025-03-15,SKU0076,3,779.98
ORD004682,2025-03-15,SKU0078,4,272.08
ORD004683,2025-03-15,SKU0079,5,409.07
ORD004684,2025-03-15,SKU0080,4,380.8
ORD004685,2025-03-16,SKU0001,6,244.75
ORD004686,2025-03-16,SKU0002,1,225.54
ORD004687,2025-03-16,SKU0004,10,206.26
ORD004688,2025-03-16,SKU0005,4,464.16
ORD004689,2025-03-16,SKU0006,10,346.92
ORD004690,2025-03-16,SKU0007,3,89.32
ORD004691,2025-03-16,SKU0008,9,232.98
ORD004692,2025-03-16,SKU0009,3,227.63
ORD004693,2025-03-16,SKU0010,3,569.19
ORD004694,2025-03-16,SKU0012,4,152.55
ORD004695,2025-03-16,SKU0013,3,798.28
ORD004696,2025-03-16,SKU0014,3,242.75
ORD004697,2025-03-16,SKU0015,7,782.23
ORD004698,2025-03-16,SKU0016,5,352.39
ORD004699,2025-03-16,SKU0017,8,65.12
ORD004700,2025-03-16,SKU0018,1,302.25
ORD004701,2025-03-16,SKU0019,1,522.11
ORD004702,2025-03-16,SKU0020,1,557.34
ORD004703,2025-03-16,SKU0022,4,380.32
ORD004704,2025-03-16,SKU0023,9,460.2
ORD004705,2025-03-16,SKU0024,4,490.45
ORD004706,2025-03-16,SKU0025,3,101.45
ORD004707,2025-03-16,SKU0026,2,320.94
ORD004708,2025-03-16,SKU0029,4,397.43
ORD004709,2025-03-16,SKU0032,5,660.49
ORD004710,2025-03-16,SKU0033,6,646.74
ORD004711,2025-03-16,SKU0034,1,154.55
ORD004712,2025-03-16,SKU0036,2,568.82
ORD004713,2025-03-16,SKU0039,2,207.38
ORD004714,2025-03-16,SKU0042,7,304.99
ORD004715,2025-03-16,SKU0043,1,113.09
ORD004716,2025-03-16,SKU0044,7,754.8
ORD004717,2025-03-16,SKU0045,6,342.15
ORD004718,2025-03-16,SKU0046,2,433.49
ORD004719,2025-03-16,SKU0047,2,676.66
ORD004720,2025-03-16,SKU0049,6,598.76
ORD004721,2025-03-16,SKU0050,9,198.89
ORD004722,2025-03-16,SKU0051,4,451.5
ORD004723,2025-03-16,SKU0052,3,568.8
ORD004724,2025-03-16,SKU0053,6,213.7
ORD004725,2025-03-16,SKU0054,5,172.97
ORD004726,2025-03-16,SKU0055,4,786.45
ORD004727,2025-03-16,SKU0056,2,432.64
ORD004728,2025-03-16,SKU0058,3,797.15
ORD004729,2025-03-16,SKU0060,3,464.3
ORD004730,2025-03-16,SKU0062,1,183.42
ORD004731,2025-03-16,SKU0063,3,251.94
ORD004732,2025-03-16,SKU0064,8,572.27
ORD004733,2025-03-16,SKU0067,3,347.43
ORD004734,2025-03-16,SKU0069,5,686.71
ORD004735,2025-03-16,SKU0070,5,751.08
ORD004736,2025-03-16,SKU0071,2,636.86
ORD004737,2025-03-16,SKU0072,1,548.43
ORD004738,2025-03-16,SKU0073,2,481.32
ORD004739,2025-03-16,SKU0075,6,754.5
ORD004740,2025-03-16,SKU0076,8,779.98
ORD004741,2025-03-16,SKU0078,5,272.08
ORD004742,2025-03-16,SKU0079,1,409.07
ORD004743,2025-03-16,SKU0080,8,380.8
ORD004744,2025-03-17,SKU0001,4,244.75
ORD004745,2025-03-17,SKU0002,4,225.54
ORD004746,2025-03-17,SKU0004,3,206.26
ORD004747,2025-03-17,SKU0006,6,346.92
ORD004748,2025-03-17,SKU0007,4,89.32
ORD004749,2025-03-17,SKU0008,1,232.98
ORD004750,2025-03-17,SKU0009,3,227.63
ORD004751,2025-03-17,SKU0010,2,569.19
ORD004752,2025-03-17,SKU0012,3,152.55
ORD004753,2025-03-17,SKU0013,1,798.28
ORD004754,2025-03-17,SKU0014,2,242.75
ORD004755,2025-03-17,SKU0015,4,782.23
ORD004756,2025-03-17,SKU0017,8,65.12
ORD004757,2025-03-17,SKU0019,8,522.11
ORD004758,2025-03-17,SKU0020,5,557.34
ORD004759,2025-03-17,SKU0021,5,443.51
ORD004760,2025-03-17,SKU0023,4,460.2
ORD004761,2025-03-17,SKU0024,4,490.45
ORD004762,2025-03-17,SKU0025,6,101.45
ORD004763,2025-03-17,SKU0026,5,320.94
ORD004764,2025-03-17,SKU0028,3,650.39
ORD004765,2025-03-17,SKU0029,3,397.43
ORD004766,2025-03-17,SKU0032,1,660.49
ORD004767,2025-03-17,SKU0034,6,154.55
ORD004768,2025-03-17,SKU0037,1,692.35
ORD004769,2025-03-17,SKU0039,3,207.38
ORD004770,2025-03-17,SKU0042,1,304.99
ORD004771,2025-03-17,SKU0043,7,113.09
ORD004772,2025-03-17,SKU0045,1,342.15
ORD004773,2025-03-17,SKU0046,7,433.49
ORD004774,2025-03-17,SKU0047,1,676.66
ORD004775,2025-03-17,SKU0048,6,553.52
ORD004776,2025-03-17,SKU0051,3,451.5
ORD004777,2025-03-17,SKU0052,1,568.8
ORD004778,2025-03-17,SKU0053,2,213.7
ORD004779,2025-03-17,SKU0054,1,172.97
ORD004780,2025-03-17,SKU0056,7,432.64
ORD004781,2025-03-17,SKU0057,3,238.23
ORD004782,2025-03-17,SKU0058,4,797.15
ORD004783,2025-03-17,SKU0060,2,464.3
ORD004784,2025-03-17,SKU0062,2,183.42
ORD004785,2025-03-17,SKU0064,7,572.27
ORD004786,2025-03-17,SKU0067,4,347.43
ORD004787,2025-03-17,SKU0069,2,686.71
ORD004788,2025-03-17,SKU0070,5,751.08
ORD004789,2025-03-17,SKU0071,1,636.86
ORD004790,2025-03-17,SKU0072,5,548.43
ORD004791,2025-03-17,SKU0075,6,754.5
ORD004792,2025-03-17,SKU0076,9,779.98
ORD004793,2025-03-17,SKU0078,6,272.08
ORD004794,2025-03-17,SKU0079,1,409.07
ORD004795,2025-03-17,SKU0080,2,380.8
ORD004796,2025-03-18,SKU0002,1,225.54
ORD004797,2025-03-18,SKU0004,7,206.26
ORD004798,2025-03-18,SKU0005,2,464.16
ORD004799,2025-03-18,SKU0006,2,346.92
ORD004800,2025-03-18,SKU0007,4,89.32
ORD004801,2025-03-18,SKU0008,1,232.98
ORD004802,2025-03-18,SKU0009,1,227.63
ORD004803,2025-03-18,SKU0010,7,569.19
ORD004804,2025-03-18,SKU0012,1,152.55
ORD004805,2025-03-18,SKU0014,7,242.75
ORD004806,2025-03-18,SKU0015,5,782.23
ORD004807,2025-03-18,SKU0016,5,352.39
ORD004808,2025-03-18,SKU0017,3,65.12
ORD004809,2025-03-18,SKU0018,2,302.25
ORD004810,2025-03-18,SKU0019,5,522.11
ORD004811,2025-03-18,SKU0020,4,557.34
ORD004812,2025-03-18,SKU0021,3,443.51
ORD004813,2025-03-18,SKU0022,5,380.32
ORD004814,2025-03-18,SKU0024,2,490.45
ORD004815,2025-03-18,SKU0025,6,101.45
ORD004816,2025-03-18,SKU0026,1,320.94
ORD004817,2025-03-18,SKU0028,5,650.39
ORD004818,2025-03-18,SKU0029,3,397.43
ORD004819,2025-03-18,SKU0030,3,787.4
ORD004820,2025-03-18,SKU0032,4,660.49
ORD004821,2025-03-18,SKU0033,2,646.74
ORD004822,2025-03-18,SKU0034,3,154.55
ORD004823,2025-03-18,SKU0036,4,568.82
ORD004824,2025-03-18,SKU0037,5,692.35
ORD004825,2025-03-18,SKU0039,3,207.38
ORD004826,2025-03-18,SKU0042,3,304.99
ORD004827,2025-03-18,SKU0044,2,754.8
ORD004828,2025-03-18,SKU0045,3,342.15
ORD004829,2025-03-18,SKU0046,4,433.49
ORD004830,2025-03-18,SKU0047,1,676.66
ORD004831,2025-03-18,SKU0049,6,598.76
ORD004832,2025-03-18,SKU0050,2,198.89
ORD004833,2025-03-18,SKU0051,5,451.5
ORD004834,2025-03-18,SKU0052,3,568.8
ORD004835,2025-03-18,SKU0053,5,213.7
ORD004836,2025-03-18,SKU0054,2,172.97
ORD004837,2025-03-18,SKU0055,1,786.45
ORD004838,2025-03-18,SKU0056,4,432.64
ORD004839,2025-03-18,SKU0057,1,238.23
ORD004840,2025-03-18,SKU0058,9,797.15
ORD004841,2025-03-18,SKU0060,3,464.3
ORD004842,2025-03-18,SKU0063,4,251.94
ORD004843,2025-03-18,SKU0064,2,572.27
ORD004844,2025-03-18,SKU0067,5,347.43
ORD004845,2025-03-18,SKU0069,4,686.71
ORD004846,2025-03-18,SKU0070,5,751.08
ORD004847,2025-03-18,SKU0071,4,636.86
ORD004848,2025-03-18,SKU0072,4,548.43
ORD004849,2025-03-18,SKU0073,3,481.32
ORD004850,2025-03-18,SKU0075,10,754.5
ORD004851,2025-03-18,SKU0076,1,779.98
ORD004852,2025-03-18,SKU0078,1,272.08
ORD004853,2025-03-18,SKU0079,3,409.07
ORD004854,2025-03-18,SKU0080,4,380.8
ORD004855,2025-03-19,SKU0002,4,225.54
ORD004856,2025-03-19,SKU0004,5,206.26
ORD004857,2025-03-19,SKU0005,7,464.16
ORD004858,2025-03-19,SKU0006,4,346.92
ORD004859,2025-03-19,SKU0007,2,89.32
ORD004860,2025-03-19,SKU0008,4,232.98
ORD004861,2025-03-19,SKU0009,10,227.63
ORD004862,2025-03-19,SKU0010,1,569.19
ORD004863,2025-03-19,SKU0012,3,152.55
ORD004864,2025-03-19,SKU0013,1,798.28
ORD004865,2025-03-19,SKU0014,2,242.75
ORD004866,2025-03-19,SKU0015,3,782.23
ORD004867,2025-03-19,SKU0016,2,352.39
ORD004868,2025-03-19,SKU0017,6,65.12
ORD004869,2025-03-19,SKU0018,6,302.25
ORD004870,2025-03-19,SKU0020,5,557.34
ORD004871,2025-03-19,SKU0021,4,443.51
ORD004872,2025-03-19,SKU0022,6,380.32
ORD004873,2025-03-19,SKU0023,3,460.2
ORD004874,2025-03-19,SKU0024,5,490.45
ORD004875,2025-03-19,SKU0025,3,101.45
ORD004876,2025-03-19,SKU0026,2,320.94
ORD004877,2025-03-19,SKU0028,3,650.39
ORD004878,2025-03-19,SKU0029,3,397.43
ORD004879,2025-03-19,SKU0030,4,787.4
ORD004880,2025-03-19,SKU0032,5,660.49
ORD004881,2025-03-19,SKU0033,3,646.74
ORD004882,2025-03-19,SKU0034,2,154.55
ORD004883,2025-03-19,SKU0036,2,568.82
ORD004884,2025-03-19,SKU0037,5,692.35
ORD004885,2025-03-19,SKU0039,4,207.38
ORD004886,2025-03-19,SKU0043,4,113.09
ORD004887,2025-03-19,SKU0044,1,754.8
ORD004888,2025-03-19,SKU0045,6,342.15
ORD004889,2025-03-19,SKU0046,1,433.49
ORD004890,2025-03-19,SKU0047,6,676.66
ORD004891,2025-03-19,SKU0049,3,598.76
ORD004892,2025-03-19,SKU0050,2,198.89
ORD004893,2025-03-19,SKU0051,2,451.5
ORD004894,2025-03-19,SKU0052,7,568.8
ORD004895,2025-03-19,SKU0053,2,213.7
ORD004896,2025-03-19,SKU0054,2,172.97
ORD004897,2025-03-19,SKU0056,5,432.64
ORD004898,2025-03-19,SKU0057,1,238.23
ORD004899,2025-03-19,SKU0058,3,797.15
ORD004900,2025-03-19,SKU0060,6,464.3
ORD004901,2025-03-19,SKU0062,8,183.42
ORD004902,2025-03-19,SKU0063,5,251.94
ORD004903,2025-03-19,SKU0064,1,572.27
ORD004904,2025-03-19,SKU0067,2,347.43
ORD004905,2025-03-19,SKU0069,3,686.71
ORD004906,2025-03-19,SKU0070,4,751.08
ORD004907,2025-03-19,SKU0072,6,548.43
ORD004908,2025-03-19,SKU0073,3,481.32
ORD004909,2025-03-19,SKU0075,3,754.5
ORD004910,2025-03-19,SKU0076,2,779.98
ORD004911,2025-03-19,SKU0078,5,272.08
ORD004912,2025-03-19,SKU0079,1,409.07
ORD004913,2025-03-19,SKU0080,2,380.8
ORD004914,2025-03-20,SKU0001,6,244.75
ORD004915,2025-03-20,SKU0002,4,225.54
ORD004916,2025-03-20,SKU0004,4,206.26
ORD004917,2025-03-20,SKU0006,6,346.92
ORD004918,2025-03-20,SKU0007,2,89.32
ORD004919,2025-03-20,SKU0008,2,232.98
ORD004920,2025-03-20,SKU0010,6,569.19
ORD004921,2025-03-20,SKU0012,9,152.55
ORD004922,2025-03-20,SKU0013,1,798.28
ORD004923,2025-03-20,SKU0014,8,242.75
ORD004924,2025-03-20,SKU0015,1,782.23
ORD004925,2025-03-20,SKU0016,6,352.39
ORD004926,2025-03-20,SKU0017,2,65.12
ORD004927,2025-03-20,SKU0018,3,302.25
ORD004928,2025-03-20,SKU0019,3,522.11
ORD004929,2025-03-20,SKU0020,1,557.34
ORD004930,2025-03-20,SKU0021,2,443.51
ORD004931,2025-03-20,SKU0022,2,380.32
ORD004932,2025-03-20,SKU0023,4,460.2
ORD004933,2025-03-20,SKU0024,4,490.45
ORD004934,2025-03-20,SKU0025,2,101.45
ORD004935,2025-03-20,SKU0026,2,320.94
ORD004936,2025-03-20,SKU0028,2,650.39
ORD004937,2025-03-20,SKU0029,6,397.43
ORD004938,2025-03-20,SKU0030,3,787.4
ORD004939,2025-03-20,SKU0032,2,660.49
ORD004940,2025-03-20,SKU0033,2,646.74
ORD004941,2025-03-20,SKU0034,2,154.55
ORD004942,2025-03-20,SKU0036,2,568.82
ORD004943,2025-03-20,SKU0037,6,692.35
ORD004944,2025-03-20,SKU0039,1,207.38
ORD004945,2025-03-20,SKU0043,3,113.09
ORD004946,2025-03-20,SKU0044,4,754.8
ORD004947,2025-03-20,SKU0045,1,342.15
ORD004948,2025-03-20,SKU0046,3,433.49
ORD004949,2025-03-20,SKU0047,4,676.66
ORD004950,2025-03-20,SKU0048,12,553.52
ORD004951,2025-03-20,SKU0049,2,598.76
ORD004952,2025-03-20,SKU0050,2,198.89
ORD004953,2025-03-20,SKU0052,1,568.8
ORD004954,2025-03-20,SKU0053,3,213.7
ORD004955,2025-03-20,SKU0054,1,172.97
ORD004956,2025-03-20,SKU0055,10,786.45
ORD004957,2025-03-20,SKU0056,7,432.64
ORD004958,2025-03-20,SKU0057,3,238.23
ORD004959,2025-03-20,SKU0058,4,797.15
ORD004960,2025-03-20,SKU0060,4,464.3
ORD004961,2025-03-20,SKU0062,7,183.42
ORD004962,2025-03-20,SKU0063,2,251.94
ORD004963,2025-03-20,SKU0064,8,572.27
ORD004964,2025-03-20,SKU0067,7,347.43
ORD004965,2025-03-20,SKU0069,2,686.71
ORD004966,2025-03-20,SKU0070,2,751.08
ORD004967,2025-03-20,SKU0071,3,636.86
ORD004968,2025-03-20,SKU0072,1,548.43
ORD004969,2025-03-20,SKU0073,2,481.32
ORD004970,2025-03-20,SKU0075,5,754.5
ORD004971,2025-03-20,SKU0076,3,779.98
ORD004972,2025-03-20,SKU0079,5,409.07
ORD004973,2025-03-20,SKU0080,1,380.8
ORD004974,2025-03-21,SKU0001,3,244.75
ORD004975,2025-03-21,SKU0002,2,225.54
ORD004976,2025-03-21,SKU0004,3,206.26
ORD004977,2025-03-21,SKU0005,2,464.16
ORD004978,2025-03-21,SKU0006,3,346.92
ORD004979,2025-03-21,SKU0007,2,89.32
ORD004980,2025-03-21,SKU0008,6,232.98
ORD004981,2025-03-21,SKU0009,2,227.63
ORD004982,2025-03-21,SKU0012,2,152.55
ORD004983,2025-03-21,SKU0013,3,798.28
ORD004984,2025-03-21,SKU0014,5,242.75
ORD004985,2025-03-21,SKU0015,5,782.23
ORD004986,2025-03-21,SKU0016,1,352.39
ORD004987,2025-03-21,SKU0017,1,65.12
ORD004988,2025-03-21,SKU0018,6,302.25
ORD004989,2025-03-21,SKU0019,1,522.11
ORD004990,2025-03-21,SKU0020,7,557.34
ORD004991,2025-03-21,SKU0021,7,443.51
ORD004992,2025-03-21,SKU0022,1,380.32
ORD004993,2025-03-21,SKU0023,3,460.2
ORD004994,2025-03-21,SKU0024,6,490.45
ORD004995,2025-03-21,SKU0025,9,101.45
ORD004996,2025-03-21,SKU0026,1,320.94
ORD004997,2025-03-21,SKU0029,2,397.43
ORD004998,2025-03-21,SKU0030,4,787.4
ORD004999,2025-03-21,SKU0032,2,660.49
ORD005000,2025-03-21,SKU0033,2,646.74
ORD005001,2025-03-21,SKU0034,4,154.55
ORD005002,2025-03-21,SKU0036,1,568.82
ORD005003,2025-03-21,SKU0039,5,207.38
ORD005004,2025-03-21,SKU0042,7,304.99
ORD005005,2025-03-21,SKU0043,1,113.09
ORD005006,2025-03-21,SKU0045,1,342.15
ORD005007,2025-03-21,SKU0046,4,433.49
ORD005008,2025-03-21,SKU0047,1,676.66
ORD005009,2025-03-21,SKU0048,7,553.52
ORD005010,2025-03-21,SKU0049,3,598.76
ORD005011,2025-03-21,SKU0050,6,198.89
ORD005012,2025-03-21,SKU0051,3,451.5
ORD005013,2025-03-21,SKU0052,3,568.8
ORD005014,2025-03-21,SKU0053,7,213.7
ORD005015,2025-03-21,SKU0054,2,172.97
ORD005016,2025-03-21,SKU0056,1,432.64
ORD005017,2025-03-21,SKU0057,3,238.23
ORD005018,2025-03-21,SKU0058,5,797.15
ORD005019,2025-03-21,SKU0060,3,464.3
ORD005020,2025-03-21,SKU0062,1,183.42
ORD005021,2025-03-21,SKU0063,5,251.94
ORD005022,2025-03-21,SKU0064,2,572.27
ORD005023,2025-03-21,SKU0067,6,347.43
ORD005024,2025-03-21,SKU0069,6,686.71
ORD005025,2025-03-21,SKU0070,7,751.08
ORD005026,2025-03-21,SKU0071,10,636.86
ORD005027,2025-03-21,SKU0073,5,481.32
ORD005028,2025-03-21,SKU0075,1,754.5
ORD005029,2025-03-21,SKU0078,4,272.08
ORD005030,2025-03-21,SKU0079,3,409.07
ORD005031,2025-03-21,SKU0080,1,380.8
ORD005032,2025-03-22,SKU0001,4,244.75
ORD005033,2025-03-22,SKU0002,1,225.54
ORD005034,2025-03-22,SKU0004,1,206.26
ORD005035,2025-03-22,SKU0005,4,464.16
ORD005036,2025-03-22,SKU0006,11,346.92
ORD005037,2025-03-22,SKU0007,6,89.32
ORD005038,2025-03-22,SKU0009,2,227.63
ORD005039,2025-03-22,SKU0010,3,569.19
ORD005040,2025-03-22,SKU0012,3,152.55
ORD005041,2025-03-22,SKU0013,2,798.28
ORD005042,2025-03-22,SKU0014,5,242.75
ORD005043,2025-03-22,SKU0015,11,782.23
ORD005044,2025-03-22,SKU0016,1,352.39
ORD005045,2025-03-22,SKU0017,4,65.12
ORD005046,2025-03-22,SKU0018,4,302.25
ORD005047,2025-03-22,SKU0019,3,522.11
ORD005048,2025-03-22,SKU0020,6,557.34
ORD005049,2025-03-22,SKU0021,6,443.51
ORD005050,2025-03-22,SKU0022,3,380.32
ORD005051,2025-03-22,SKU0024,9,490.45
ORD005052,2025-03-22,SKU0025,5,101.45
ORD005053,2025-03-22,SKU0026,1,320.94
ORD005054,2025-03-22,SKU0028,2,650.39
ORD005055,2025-03-22,SKU0029,2,397.43
ORD005056,2025-03-22,SKU0030,2,787.4
ORD005057,2025-03-22,SKU0032,2,660.49
ORD005058,2025-03-22,SKU0033,1,646.74
ORD005059,2025-03-22,SKU0034,1,154.55
ORD005060,2025-03-22,SKU0036,8,568.82
ORD005061,2025-03-22,SKU0037,5,692.35
ORD005062,2025-03-22,SKU0039,2,207.38
ORD005063,2025-03-22,SKU0042,2,304.99
ORD005064,2025-03-22,SKU0043,2,113.09
ORD005065,2025-03-22,SKU0044,1,754.8
ORD005066,2025-03-22,SKU0045,1,342.15
ORD005067,2025-03-22,SKU0047,5,676.66
ORD005068,2025-03-22,SKU0048,1,553.52
ORD005069,2025-03-22,SKU0050,1,198.89
ORD005070,2025-03-22,SKU0052,5,568.8
ORD005071,2025-03-22,SKU0053,3,213.7
ORD005072,2025-03-22,SKU0054,4,172.97
ORD005073,2025-03-22,SKU0055,3,786.45
ORD005074,2025-03-22,SKU0056,6,432.64
ORD005075,2025-03-22,SKU0058,1,797.15
ORD005076,2025-03-22,SKU0060,3,464.3
ORD005077,2025-03-22,SKU0062,1,183.42
ORD005078,2025-03-22,SKU0063,1,251.94
ORD005079,2025-03-22,SKU0064,4,572.27
ORD005080,2025-03-22,SKU0067,3,347.43
ORD005081,2025-03-22,SKU0069,1,686.71
ORD005082,2025-03-22,SKU0071,6,636.86
ORD005083,2025-03-22,SKU0072,1,548.43
ORD005084,2025-03-22,SKU0073,2,481.32
ORD005085,2025-03-22,SKU0075,11,754.5
ORD005086,2025-03-22,SKU0076,2,779.98
ORD005087,2025-03-22,SKU0078,5,272.08
ORD005088,2025-03-22,SKU0079,4,409.07
ORD005089,2025-03-22,SKU0080,4,380.8
ORD005090,2025-03-23,SKU0001,4,244.75
ORD005091,2025-03-23,SKU0004,7,206.26
ORD005092,2025-03-23,SKU0005,4,464.16
ORD005093,2025-03-23,SKU0006,3,346.92
ORD005094,2025-03-23,SKU0008,4,232.98
ORD005095,2025-03-23,SKU0009,4,227.63
ORD005096,2025-03-23,SKU0010,5,569.19
ORD005097,2025-03-23,SKU0012,1,152.55
ORD005098,2025-03-23,SKU0013,1,798.28
ORD005099,2025-03-23,SKU0014,1,242.75
ORD005100,2025-03-23,SKU0015,8,782.23
ORD005101,2025-03-23,SKU0016,11,352.39
ORD005102,2025-03-23,SKU0017,7,65.12
ORD005103,2025-03-23,SKU0018,7,302.25
ORD005104,2025-03-23,SKU0020,7,557.34
ORD005105,2025-03-23,SKU0021,2,443.51
ORD005106,2025-03-23,SKU0022,3,380.32
ORD005107,2025-03-23,SKU0023,1,460.2
ORD005108,2025-03-23,SKU0025,8,101.45
ORD005109,2025-03-23,SKU0026,4,320.94
ORD005110,2025-03-23,SKU0028,6,650.39
ORD005111,2025-03-23,SKU0029,1,397.43
ORD005112,2025-03-23,SKU0030,3,787.4
ORD005113,2025-03-23,SKU0033,3,646.74
ORD005114,2025-03-23,SKU0034,2,154.55
ORD005115,2025-03-23,SKU0036,3,568.82
ORD005116,2025-03-23,SKU0037,5,692.35
ORD005117,2025-03-23,SKU0042,4,304.99
ORD005118,2025-03-23,SKU0043,6,113.09
ORD005119,2025-03-23,SKU0044,2,754.8
ORD005120,2025-03-23,SKU0045,2,342.15
ORD005121,2025-03-23,SKU0046,1,433.49
ORD005122,2025-03-23,SKU0047,7,676.66
ORD005123,2025-03-23,SKU0048,1,553.52
ORD005124,2025-03-23,SKU0049,5,598.76
ORD005125,2025-03-23,SKU0050,10,198.89
ORD005126,2025-03-23,SKU0051,6,451.5
ORD005127,2025-03-23,SKU0052,1,568.8
ORD005128,2025-03-23,SKU0053,8,213.7
ORD005129,2025-03-23,SKU0054,1,172.97
ORD005130,2025-03-23,SKU0055,4,786.45
ORD005131,2025-03-23,SKU0056,10,432.64
ORD005132,2025-03-23,SKU0057,4,238.23
ORD005133,2025-03-23,SKU0060,3,464.3
ORD005134,2025-03-23,SKU0062,2,183.42
ORD005135,2025-03-23,SKU0063,3,251.94
ORD005136,2025-03-23,SKU0064,2,572.27
ORD005137,2025-03-23,SKU0069,3,686.71
ORD005138,2025-03-23,SKU0071,4,636.86
ORD005139,2025-03-23,SKU0072,7,548.43
ORD005140,2025-03-23,SKU0073,11,481.32
ORD005141,2025-03-23,SKU0075,1,754.5
ORD005142,2025-03-23,SKU0076,1,779.98
ORD005143,2025-03-23,SKU0078,7,272.08
ORD005144,2025-03-23,SKU0079,8,409.07
ORD005145,2025-03-23,SKU0080,3,380.8
ORD005146,2025-03-24,SKU0001,4,244.75
ORD005147,2025-03-24,SKU0002,6,225.54
ORD005148,2025-03-24,SKU0005,5,464.16
ORD005149,2025-03-24,SKU0006,3,346.92
ORD005150,2025-03-24,SKU0008,3,232.98
ORD005151,2025-03-24,SKU0009,2,227.63
ORD005152,2025-03-24,SKU0010,2,569.19
ORD005153,2025-03-24,SKU0012,3,152.55
ORD005154,2025-03-24,SKU0013,5,798.28
ORD005155,2025-03-24,SKU0014,1,242.75
ORD005156,2025-03-24,SKU0015,7,782.23
ORD005157,2025-03-24,SKU0016,2,352.39
ORD005158,2025-03-24,SKU0017,6,65.12
ORD005159,2025-03-24,SKU0018,2,302.25
ORD005160,2025-03-24,SKU0019,2,522.11
ORD005161,2025-03-24,SKU0020,6,557.34
ORD005162,2025-03-24,SKU0021,4,443.51
ORD005163,2025-03-24,SKU0022,2,380.32
ORD005164,2025-03-24,SKU0023,4,460.2
ORD005165,2025-03-24,SKU0024,1,490.45
ORD005166,2025-03-24,SKU0025,3,101.45
ORD005167,2025-03-24,SKU0026,4,320.94
ORD005168,2025-03-24,SKU0028,2,650.39
ORD005169,2025-03-24,SKU0029,2,397.43
ORD005170,2025-03-24,SKU0030,1,787.4
ORD005171,2025-03-24,SKU0032,1,660.49
ORD005172,2025-03-24,SKU0033,1,646.74
ORD005173,2025-03-24,SKU0034,1,154.55
ORD005174,2025-03-24,SKU0036,2,568.82
ORD005175,2025-03-24,SKU0037,1,692.35
ORD005176,2025-03-24,SKU0039,1,207.38
ORD005177,2025-03-24,SKU0042,2,304.99
ORD005178,2025-03-24,SKU0043,4,113.09
ORD005179,2025-03-24,SKU0044,2,754.8
ORD005180,2025-03-24,SKU0045,5,342.15
ORD005181,2025-03-24,SKU0046,2,433.49
ORD005182,2025-03-24,SKU0047,5,676.66
ORD005183,2025-03-24,SKU0048,1,553.52
ORD005184,2025-03-24,SKU0049,2,598.76
ORD005185,2025-03-24,SKU0050,1,198.89
ORD005186,2025-03-24,SKU0051,10,451.5
ORD005187,2025-03-24,SKU0052,1,568.8
ORD005188,2025-03-24,SKU0054,3,172.97
ORD005189,2025-03-24,SKU0055,1,786.45
ORD005190,2025-03-24,SKU0056,11,432.64
ORD005191,2025-03-24,SKU0058,1,797.15
ORD005192,2025-03-24,SKU0060,5,464.3
ORD005193,2025-03-24,SKU0062,3,183.42
ORD005194,2025-03-24,SKU0063,2,251.94
ORD005195,2025-03-24,SKU0064,8,572.27
ORD005196,2025-03-24,SKU0067,1,347.43
ORD005197,2025-03-24,SKU0069,3,686.71
ORD005198,2025-03-24,SKU0070,1,751.08
ORD005199,2025-03-24,SKU0071,1,636.86
ORD005200,2025-03-24,SKU0072,3,548.43
ORD005201,2025-03-24,SKU0073,1,481.32
ORD005202,2025-03-24,SKU0075,1,754.5
ORD005203,2025-03-24,SKU0076,5,779.98
ORD005204,2025-03-24,SKU0078,2,272.08
ORD005205,2025-03-24,SKU0079,2,409.07
ORD005206,2025-03-24,SKU0080,2,380.8
ORD005207,2025-03-25,SKU0001,2,244.75
ORD005208,2025-03-25,SKU0002,7,225.54
ORD005209,2025-03-25,SKU0004,1,206.26
ORD005210,2025-03-25,SKU0005,3,464.16
ORD005211,2025-03-25,SKU0006,3,346.92
ORD005212,2025-03-25,SKU0007,6,89.32
ORD005213,2025-03-25,SKU0008,6,232.98
ORD005214,2025-03-25,SKU0009,4,227.63
ORD005215,2025-03-25,SKU0010,5,569.19
ORD005216,2025-03-25,SKU0012,2,152.55
ORD005217,2025-03-25,SKU0013,1,798.28
ORD005218,2025-03-25,SKU0014,2,242.75
ORD005219,2025-03-25,SKU0015,2,782.23
ORD005220,2025-03-25,SKU0016,4,352.39
ORD005221,2025-03-25,SKU0017,5,65.12
ORD005222,2025-03-25,SKU0018,8,302.25
ORD005223,2025-03-25,SKU0019,4,522.11
ORD005224,2025-03-25,SKU0020,6,557.34
ORD005225,2025-03-25,SKU0021,6,443.51
ORD005226,2025-03-25,SKU0022,2,380.32
ORD005227,2025-03-25,SKU0023,8,460.2
ORD005228,2025-03-25,SKU0024,3,490.45
ORD005229,2025-03-25,SKU0025,10,101.45
ORD005230,2025-03-25,SKU0026,3,320.94
ORD005231,2025-03-25,SKU0028,5,650.39
ORD005232,2025-03-25,SKU0029,4,397.43
ORD005233,2025-03-25,SKU0030,4,787.4
ORD005234,2025-03-25,SKU0032,1,660.49
ORD005235,2025-03-25,SKU0033,1,646.74
ORD005236,2025-03-25,SKU0034,6,154.55
ORD005237,2025-03-25,SKU0036,2,568.82
ORD005238,2025-03-25,SKU0037,4,692.35
ORD005239,2025-03-25,SKU0039,5,207.38
ORD005240,2025-03-25,SKU0042,3,304.99
ORD005241,2025-03-25,SKU0043,4,113.09
ORD005242,2025-03-25,SKU0044,1,754.8
ORD005243,2025-03-25,SKU0045,3,342.15
ORD005244,2025-03-25,SKU0046,3,433.49
ORD005245,2025-03-25,SKU0047,4,676.66
ORD005246,2025-03-25,SKU0048,2,553.52
ORD005247,2025-03-25,SKU0049,2,598.76
ORD005248,2025-03-25,SKU0050,4,198.89
ORD005249,2025-03-25,SKU0051,6,451.5
ORD005250,2025-03-25,SKU0053,1,213.7
ORD005251,2025-03-25,SKU0055,4,786.45
ORD005252,2025-03-25,SKU0056,3,432.64
ORD005253,2025-03-25,SKU0057,2,238.23
ORD005254,2025-03-25,SKU0058,1,797.15
ORD005255,2025-03-25,SKU0060,3,464.3
ORD005256,2025-03-25,SKU0062,1,183.42
ORD005257,2025-03-25,SKU0063,2,251.94
ORD005258,2025-03-25,SKU0064,6,572.27
ORD005259,2025-03-25,SKU0067,3,347.43
ORD005260,2025-03-25,SKU0069,9,686.71
ORD005261,2025-03-25,SKU0070,1,751.08
ORD005262,2025-03-25,SKU0071,3,636.86
ORD005263,2025-03-25,SKU0072,5,548.43
ORD005264,2025-03-25,SKU0073,4,481.32
ORD005265,2025-03-25,SKU0075,2,754.5
ORD005266,2025-03-25,SKU0078,7,272.08
ORD005267,2025-03-25,SKU0079,5,409.07
ORD005268,2025-03-25,SKU0080,9,380.8
ORD005269,2025-03-26,SKU0001,7,244.75
ORD005270,2025-03-26,SKU0004,3,206.26
ORD005271,2025-03-26,SKU0005,3,464.16
ORD005272,2025-03-26,SKU0007,4,89.32
ORD005273,2025-03-26,SKU0008,2,232.98
ORD005274,2025-03-26,SKU0009,5,227.63
ORD005275,2025-03-26,SKU0010,7,569.19
ORD005276,2025-03-26,SKU0012,4,152.55
ORD005277,2025-03-26,SKU0013,4,798.28
ORD005278,2025-03-26,SKU0014,2,242.75
ORD005279,2025-03-26,SKU0015,4,782.23
ORD005280,2025-03-26,SKU0016,2,352.39
ORD005281,2025-03-26,SKU0017,2,65.12
ORD005282,2025-03-26,SKU0018,1,302.25
ORD005283,2025-03-26,SKU0019,1,522.11
ORD005284,2025-03-26,SKU0020,11,557.34
ORD005285,2025-03-26,SKU0021,3,443.51
ORD005286,2025-03-26,SKU0022,5,380.32
ORD005287,2025-03-26,SKU0023,1,460.2
ORD005288,2025-03-26,SKU0024,2,490.45
ORD005289,2025-03-26,SKU0025,7,101.45
ORD005290,2025-03-26,SKU0026,7,320.94
ORD005291,2025-03-26,SKU0029,5,397.43
ORD005292,2025-03-26,SKU0030,7,787.4
ORD005293,2025-03-26,SKU0032,1,660.49
ORD005294,2025-03-26,SKU0033,6,646.74
ORD005295,2025-03-26,SKU0034,1,154.55
ORD005296,2025-03-26,SKU0037,2,692.35
ORD005297,2025-03-26,SKU0039,5,207.38
ORD005298,2025-03-26,SKU0042,3,304.99
ORD005299,2025-03-26,SKU0043,4,113.09
ORD005300,2025-03-26,SKU0044,3,754.8
ORD005301,2025-03-26,SKU0046,5,433.49
ORD005302,2025-03-26,SKU0048,3,553.52
ORD005303,2025-03-26,SKU0049,1,598.76
ORD005304,2025-03-26,SKU0050,4,198.89
ORD005305,2025-03-26,SKU0051,5,451.5
ORD005306,2025-03-26,SKU0052,4,568.8
ORD005307,2025-03-26,SKU0053,1,213.7
ORD005308,2025-03-26,SKU0054,2,172.97
ORD005309,2025-03-26,SKU0055,3,786.45
ORD005310,2025-03-26,SKU0056,6,432.64
ORD005311,2025-03-26,SKU0060,4,464.3
ORD005312,2025-03-26,SKU0063,1,251.94
ORD005313,2025-03-26,SKU0064,5,572.27
ORD005314,2025-03-26,SKU0067,3,347.43
ORD005315,2025-03-26,SKU0070,3,751.08
ORD005316,2025-03-26,SKU0071,7,636.86
ORD005317,2025-03-26,SKU0073,6,481.32
ORD005318,2025-03-26,SKU0075,9,754.5
ORD005319,2025-03-26,SKU0076,1,779.98
ORD005320,2025-03-26,SKU0078,6,272.08
ORD005321,2025-03-26,SKU0079,4,409.07
ORD005322,2025-03-26,SKU0080,5,380.8
ORD005323,2025-03-27,SKU0002,2,225.54
ORD005324,2025-03-27,SKU0004,5,206.26
ORD005325,2025-03-27,SKU0005,3,464.16
ORD005326,2025-03-27,SKU0006,3,346.92
ORD005327,2025-03-27,SKU0007,4,89.32
ORD005328,2025-03-27,SKU0008,5,232.98
ORD005329,2025-03-27,SKU0009,2,227.63
ORD005330,2025-03-27,SKU0010,8,569.19
ORD005331,2025-03-27,SKU0013,2,798.28
ORD005332,2025-03-27,SKU0015,9,782.23
ORD005333,2025-03-27,SKU0016,4,352.39
ORD005334,2025-03-27,SKU0017,4,65.12
ORD005335,2025-03-27,SKU0019,4,522.11
ORD005336,2025-03-27,SKU0020,3,557.34
ORD005337,2025-03-27,SKU0021,4,443.51
ORD005338,2025-03-27,SKU0022,2,380.32
ORD005339,2025-03-27,SKU0023,1,460.2
ORD005340,2025-03-27,SKU0024,2,490.45
ORD005341,2025-03-27,SKU0025,1,101.45
ORD005342,2025-03-27,SKU0026,3,320.94
ORD005343,2025-03-27,SKU0029,3,397.43
ORD005344,2025-03-27,SKU0030,2,787.4
ORD005345,2025-03-27,SKU0032,5,660.49
ORD005346,2025-03-27,SKU0033,2,646.74
ORD005347,2025-03-27,SKU0037,1,692.35
ORD005348,2025-03-27,SKU0039,5,207.38
ORD005349,2025-03-27,SKU0042,5,304.99
ORD005350,2025-03-27,SKU0043,5,113.09
ORD005351,2025-03-27,SKU0044,5,754.8
ORD005352,2025-03-27,SKU0045,5,342.15
ORD005353,2025-03-27,SKU0046,2,433.49
ORD005354,2025-03-27,SKU0047,4,676.66
ORD005355,2025-03-27,SKU0049,1,598.76
ORD005356,2025-03-27,SKU0050,2,198.89
ORD005357,2025-03-27,SKU0051,6,451.5
ORD005358,2025-03-27,SKU0052,2,568.8
ORD005359,2025-03-27,SKU0053,4,213.7
ORD005360,2025-03-27,SKU0054,3,172.97
ORD005361,2025-03-27,SKU0055,5,786.45
ORD005362,2025-03-27,SKU0056,8,432.64
ORD005363,2025-03-27,SKU0057,1,238.23
ORD005364,2025-03-27,SKU0058,3,797.15
ORD005365,2025-03-27,SKU0060,3,464.3
ORD005366,2025-03-27,SKU0062,3,183.42
ORD005367,2025-03-27,SKU0063,2,251.94
ORD005368,2025-03-27,SKU0064,3,572.27
ORD005369,2025-03-27,SKU0067,4,347.43
ORD005370,2025-03-27,SKU0069,4,686.71
ORD005371,2025-03-27,SKU0070,4,751.08
ORD005372,2025-03-27,SKU0071,5,636.86
ORD005373,2025-03-27,SKU0072,5,548.43
ORD005374,2025-03-27,SKU0073,3,481.32
ORD005375,2025-03-27,SKU0075,3,754.5
ORD005376,2025-03-27,SKU0076,5,779.98
ORD005377,2025-03-27,SKU0078,4,272.08
ORD005378,2025-03-27,SKU0080,4,380.8
ORD005379,2025-03-28,SKU0001,3,244.75
ORD005380,2025-03-28,SKU0002,9,225.54
ORD005381,2025-03-28,SKU0004,1,206.26
ORD005382,2025-03-28,SKU0005,3,464.16
ORD005383,2025-03-28,SKU0006,4,346.92
ORD005384,2025-03-28,SKU0007,4,89.32
ORD005385,2025-03-28,SKU0008,1,232.98
ORD005386,2025-03-28,SKU0009,1,227.63
ORD005387,2025-03-28,SKU0010,2,569.19
ORD005388,2025-03-28,SKU0012,4,152.55
ORD005389,2025-03-28,SKU0013,2,798.28
ORD005390,2025-03-28,SKU0014,3,242.75
ORD005391,2025-03-28,SKU0015,6,782.23
ORD005392,2025-03-28,SKU0016,2,352.39
ORD005393,2025-03-28,SKU0017,1,65.12
ORD005394,2025-03-28,SKU0018,2,302.25
ORD005395,2025-03-28,SKU0019,2,522.11
ORD005396,2025-03-28,SKU0020,2,557.34
ORD005397,2025-03-28,SKU0021,3,443.51
ORD005398,2025-03-28,SKU0022,5,380.32
ORD005399,2025-03-28,SKU0024,1,490.45
ORD005400,2025-03-28,SKU0025,2,101.45
ORD005401,2025-03-28,SKU0026,3,320.94
ORD005402,2025-03-28,SKU0029,4,397.43
ORD005403,2025-03-28,SKU0030,3,787.4
ORD005404,2025-03-28,SKU0032,7,660.49
ORD005405,2025-03-28,SKU0033,6,646.74
ORD005406,2025-03-28,SKU0034,2,154.55
ORD005407,2025-03-28,SKU0036,3,568.82
ORD005408,2025-03-28,SKU0037,6,692.35
ORD005409,2025-03-28,SKU0039,1,207.38
ORD005410,2025-03-28,SKU0042,2,304.99
ORD005411,2025-03-28,SKU0043,4,113.09
ORD005412,2025-03-28,SKU0044,6,754.8
ORD005413,2025-03-28,SKU0045,4,342.15
ORD005414,2025-03-28,SKU0046,2,433.49
ORD005415,2025-03-28,SKU0047,4,676.66
ORD005416,2025-03-28,SKU0049,3,598.76
ORD005417,2025-03-28,SKU0050,6,198.89
ORD005418,2025-03-28,SKU0051,4,451.5
ORD005419,2025-03-28,SKU0052,6,568.8
ORD005420,2025-03-28,SKU0053,3,213.7
ORD005421,2025-03-28,SKU0054,4,172.97
ORD005422,2025-03-28,SKU0056,2,432.64
ORD005423,2025-03-28,SKU0057,4,238.23
ORD005424,2025-03-28,SKU0058,1,797.15
ORD005425,2025-03-28,SKU0060,3,464.3
ORD005426,2025-03-28,SKU0069,3,686.71
ORD005427,2025-03-28,SKU0070,5,751.08
ORD005428,2025-03-28,SKU0071,4,636.86
ORD005429,2025-03-28,SKU0072,8,548.43
ORD005430,2025-03-28,SKU0073,4,481.32
ORD005431,2025-03-28,SKU0075,8,754.5
ORD005432,2025-03-28,SKU0076,10,779.98
ORD005433,2025-03-28,SKU0078,3,272.08
ORD005434,2025-03-28,SKU0079,7,409.07
ORD005435,2025-03-28,SKU0080,2,380.8
ORD005436,2025-03-29,SKU0001,3,244.75
ORD005437,2025-03-29,SKU0002,2,225.54
ORD005438,2025-03-29,SKU0004,2,206.26
ORD005439,2025-03-29,SKU0005,3,464.16
ORD005440,2025-03-29,SKU0006,3,346.92
ORD005441,2025-03-29,SKU0007,2,89.32
ORD005442,2025-03-29,SKU0008,2,232.98
ORD005443,2025-03-29,SKU0009,5,227.63
ORD005444,2025-03-29,SKU0010,2,569.19
ORD005445,2025-03-29,SKU0012,4,152.55
ORD005446,2025-03-29,SKU0014,2,242.75
ORD005447,2025-03-29,SKU0015,7,782.23
ORD005448,2025-03-29,SKU0016,1,352.39
ORD005449,2025-03-29,SKU0017,6,65.12
ORD005450,2025-03-29,SKU0018,5,302.25
ORD005451,2025-03-29,SKU0019,3,522.11
ORD005452,2025-03-29,SKU0020,3,557.34
ORD005453,2025-03-29,SKU0021,1,443.51
ORD005454,2025-03-29,SKU0022,1,380.32
ORD005455,2025-03-29,SKU0024,3,490.45
ORD005456,2025-03-29,SKU0025,2,101.45
ORD005457,2025-03-29,SKU0026,4,320.94
ORD005458,2025-03-29,SKU0028,1,650.39
ORD005459,2025-03-29,SKU0029,6,397.43
ORD005460,2025-03-29,SKU0030,5,787.4
ORD005461,2025-03-29,SKU0032,6,660.49
ORD005462,2025-03-29,SKU0033,3,646.74
ORD005463,2025-03-29,SKU0036,4,568.82
ORD005464,2025-03-29,SKU0037,1,692.35
ORD005465,2025-03-29,SKU0039,5,207.38
ORD005466,2025-03-29,SKU0042,4,304.99
ORD005467,2025-03-29,SKU0043,1,113.09
ORD005468,2025-03-29,SKU0044,7,754.8
ORD005469,2025-03-29,SKU0045,2,342.15
ORD005470,2025-03-29,SKU0046,3,433.49
ORD005471,2025-03-29,SKU0047,1,676.66
ORD005472,2025-03-29,SKU0048,5,553.52
ORD005473,2025-03-29,SKU0049,1,598.76
ORD005474,2025-03-29,SKU0050,4,198.89
ORD005475,2025-03-29,SKU0051,2,451.5
ORD005476,2025-03-29,SKU0052,1,568.8
ORD005477,2025-03-29,SKU0053,4,213.7
ORD005478,2025-03-29,SKU0054,5,172.97
ORD005479,2025-03-29,SKU0055,10,786.45
ORD005480,2025-03-29,SKU0056,1,432.64
ORD005481,2025-03-29,SKU0057,3,238.23
ORD005482,2025-03-29,SKU0058,2,797.15
ORD005483,2025-03-29,SKU0060,2,464.3
ORD005484,2025-03-29,SKU0062,1,183.42
ORD005485,2025-03-29,SKU0063,7,251.94
ORD005486,2025-03-29,SKU0064,4,572.27
ORD005487,2025-03-29,SKU0067,1,347.43
ORD005488,2025-03-29,SKU0069,4,686.71
ORD005489,2025-03-29,SKU0070,5,751.08
ORD005490,2025-03-29,SKU0071,1,636.86
ORD005491,2025-03-29,SKU0072,7,548.43
ORD005492,2025-03-29,SKU0073,1,481.32
ORD005493,2025-03-29,SKU0075,4,754.5
ORD005494,2025-03-29,SKU0076,4,779.98
ORD005495,2025-03-29,SKU0078,1,272.08
ORD005496,2025-03-29,SKU0079,1,409.07
ORD005497,2025-03-29,SKU0080,5,380.8
ORD005498,2025-03-30,SKU0002,1,225.54
ORD005499,2025-03-30,SKU0004,2,206.26
ORD005500,2025-03-30,SKU0005,6,464.16
ORD005501,2025-03-30,SKU0007,3,89.32
ORD005502,2025-03-30,SKU0008,3,232.98
ORD005503,2025-03-30,SKU0009,1,227.63
ORD005504,2025-03-30,SKU0010,4,569.19
ORD005505,2025-03-30,SKU0012,4,152.55
ORD005506,2025-03-30,SKU0014,3,242.75
ORD005507,2025-03-30,SKU0015,1,782.23
ORD005508,2025-03-30,SKU0016,6,352.39
ORD005509,2025-03-30,SKU0017,3,65.12
ORD005510,2025-03-30,SKU0018,1,302.25
ORD005511,2025-03-30,SKU0019,1,522.11
ORD005512,2025-03-30,SKU0020,2,557.34
ORD005513,2025-03-30,SKU0021,6,443.51
ORD005514,2025-03-30,SKU0022,4,380.32
ORD005515,2025-03-30,SKU0023,4,460.2
ORD005516,2025-03-30,SKU0024,3,490.45
ORD005517,2025-03-30,SKU0025,3,101.45
ORD005518,2025-03-30,SKU0026,2,320.94
ORD005519,2025-03-30,SKU0029,3,397.43
ORD005520,2025-03-30,SKU0030,2,787.4
ORD005521,2025-03-30,SKU0032,6,660.49
ORD005522,2025-03-30,SKU0033,5,646.74
ORD005523,2025-03-30,SKU0034,4,154.55
ORD005524,2025-03-30,SKU0036,1,568.82
ORD005525,2025-03-30,SKU0037,2,692.35
ORD005526,2025-03-30,SKU0042,3,304.99
ORD005527,2025-03-30,SKU0044,4,754.8
ORD005528,2025-03-30,SKU0045,1,342.15
ORD005529,2025-03-30,SKU0046,1,433.49
ORD005530,2025-03-30,SKU0047,4,676.66
ORD005531,2025-03-30,SKU0048,2,553.52
ORD005532,2025-03-30,SKU0049,7,598.76
ORD005533,2025-03-30,SKU0050,11,198.89
ORD005534,2025-03-30,SKU0051,10,451.5
ORD005535,2025-03-30,SKU0052,5,568.8
ORD005536,2025-03-30,SKU0053,3,213.7
ORD005537,2025-03-30,SKU0054,7,172.97
ORD005538,2025-03-30,SKU0055,2,786.45
ORD005539,2025-03-30,SKU0056,5,432.64
ORD005540,2025-03-30,SKU0057,2,238.23
ORD005541,2025-03-30,SKU0058,6,797.15
ORD005542,2025-03-30,SKU0060,2,464.3
ORD005543,2025-03-30,SKU0062,9,183.42
ORD005544,2025-03-30,SKU0063,2,251.94
ORD005545,2025-03-30,SKU0064,7,572.27
ORD005546,2025-03-30,SKU0070,2,751.08
ORD005547,2025-03-30,SKU0071,3,636.86
ORD005548,2025-03-30,SKU0073,3,481.32
ORD005549,2025-03-30,SKU0075,3,754.5
ORD005550,2025-03-30,SKU0076,9,779.98
ORD005551,2025-03-30,SKU0078,4,272.08
ORD005552,2025-03-30,SKU0079,4,409.07
ORD005553,2025-03-30,SKU0080,4,380.8
ORD005554,2025-03-31,SKU0001,1,244.75
ORD005555,2025-03-31,SKU0002,5,225.54
ORD005556,2025-03-31,SKU0004,6,206.26
ORD005557,2025-03-31,SKU0005,6,464.16
ORD005558,2025-03-31,SKU0007,4,89.32
ORD005559,2025-03-31,SKU0008,7,232.98
ORD005560,2025-03-31,SKU0009,1,227.63
ORD005561,2025-03-31,SKU0010,4,569.19
ORD005562,2025-03-31,SKU0012,1,152.55
ORD005563,2025-03-31,SKU0013,2,798.28
ORD005564,2025-03-31,SKU0014,7,242.75
ORD005565,2025-03-31,SKU0015,6,782.23
ORD005566,2025-03-31,SKU0016,1,352.39
ORD005567,2025-03-31,SKU0017,3,65.12
ORD005568,2025-03-31,SKU0018,1,302.25
ORD005569,2025-03-31,SKU0019,2,522.11
ORD005570,2025-03-31,SKU0020,2,557.34
ORD005571,2025-03-31,SKU0021,9,443.51
ORD005572,2025-03-31,SKU0022,3,380.32
ORD005573,2025-03-31,SKU0023,7,460.2
ORD005574,2025-03-31,SKU0024,2,490.45
ORD005575,2025-03-31,SKU0025,4,101.45
ORD005576,2025-03-31,SKU0026,1,320.94
ORD005577,2025-03-31,SKU0028,1,650.39
ORD005578,2025-03-31,SKU0029,8,397.43
ORD005579,2025-03-31,SKU0030,1,787.4
ORD005580,2025-03-31,SKU0032,2,660.49
ORD005581,2025-03-31,SKU0033,2,646.74
ORD005582,2025-03-31,SKU0036,4,568.82
ORD005583,2025-03-31,SKU0037,1,692.35
ORD005584,2025-03-31,SKU0039,4,207.38
ORD005585,2025-03-31,SKU0042,6,304.99
ORD005586,2025-03-31,SKU0043,1,113.09
ORD005587,2025-03-31,SKU0044,2,754.8
ORD005588,2025-03-31,SKU0045,1,342.15
ORD005589,2025-03-31,SKU0046,4,433.49
ORD005590,2025-03-31,SKU0047,2,676.66
ORD005591,2025-03-31,SKU0048,2,553.52
ORD005592,2025-03-31,SKU0049,8,598.76
ORD005593,2025-03-31,SKU0050,2,198.89
ORD005594,2025-03-31,SKU0054,1,172.97
ORD005595,2025-03-31,SKU0055,3,786.45
ORD005596,2025-03-31,SKU0056,4,432.64
ORD005597,2025-03-31,SKU0057,4,238.23
ORD005598,2025-03-31,SKU0058,1,797.15
ORD005599,2025-03-31,SKU0060,3,464.3
ORD005600,2025-03-31,SKU0062,5,183.42
ORD005601,2025-03-31,SKU0064,6,572.27
ORD005602,2025-03-31,SKU0067,12,347.43
ORD005603,2025-03-31,SKU0070,3,751.08
ORD005604,2025-03-31,SKU0071,8,636.86
ORD005605,2025-03-31,SKU0072,3,548.43
ORD005606,2025-03-31,SKU0073,1,481.32
ORD005607,2025-03-31,SKU0075,7,754.5
ORD005608,2025-03-31,SKU0076,3,779.98
ORD005609,2025-03-31,SKU0078,2,272.08
ORD005610,2025-03-31,SKU0079,4,409.07
ORD005611,2025-03-31,SKU0080,5,380.8
